Source ID,Sample ID,Collector Agent ID,Reviewer Agent ID,Accessibility Result,Identity Result,Claim Support Result,Classification Result,Independence Result,Final Review Status,Review Date,Review Time,Notes,Replacement Source ID
SRC-DEC-STUDIO-NAME-001-001,CNT-DEC-STUDIO-NAME-001-001,market-research-director,quality-assurance-director,RECHECK_REQUIRED,FAIL,FAIL,PASS,INDEPENDENT_PAIR_MEMBER,NEEDS_RECHECK,2026-08-08,20:51:10+03:00,Direct HTTP review; redirect recorded in source register,NOT_APPLICABLE
SRC-DEC-STUDIO-NAME-001-002,CNT-DEC-STUDIO-NAME-001-001,market-research-director,quality-assurance-director,VERIFIED_ACCESSIBLE,FAIL,FAIL,PASS,UNRESOLVED,NEEDS_RECHECK,2026-08-08,20:51:10+03:00,Direct HTTP review; redirect recorded in source register,NOT_APPLICABLE
SRC-DEC-STUDIO-NAME-001-003,CNT-DEC-STUDIO-NAME-001-002,market-research-director,quality-assurance-director,RECHECK_REQUIRED,FAIL,FAIL,PASS,INDEPENDENT_PAIR_MEMBER,NEEDS_RECHECK,2026-08-08,20:51:10+03:00,Direct HTTP review; redirect recorded in source register,NOT_APPLICABLE
SRC-DEC-STUDIO-NAME-001-004,CNT-DEC-STUDIO-NAME-001-002,market-research-director,quality-assurance-director,VERIFIED_ACCESSIBLE,FAIL,FAIL,PASS,UNRESOLVED,NEEDS_RECHECK,2026-08-08,20:51:10+03:00,Direct HTTP review; redirect recorded in source register,NOT_APPLICABLE
SRC-DEC-STUDIO-NAME-001-005,CNT-DEC-STUDIO-NAME-001-003,market-research-director,quality-assurance-director,VERIFIED_WITH_REDIRECT,PASS,PASS,PASS,INDEPENDENT_PAIR_MEMBER,REVIEWED,2026-08-08,20:51:10+03:00,Direct HTTP review; redirect recorded in source register,NOT_APPLICABLE
SRC-DEC-STUDIO-NAME-001-006,CNT-DEC-STUDIO-NAME-001-003,market-research-director,quality-assurance-director,RECHECK_REQUIRED,FAIL,FAIL,PASS,UNRESOLVED,NEEDS_RECHECK,2026-08-08,20:51:10+03:00,Direct HTTP review; redirect recorded in source register,NOT_APPLICABLE
SRC-DEC-STUDIO-NAME-001-007,CNT-DEC-STUDIO-NAME-001-004,market-research-director,quality-assurance-director,VERIFIED_ACCESSIBLE,PASS,PASS,PASS,INDEPENDENT_PAIR_MEMBER,REVIEWED,2026-08-08,20:51:10+03:00,Direct HTTP review; redirect recorded in source register,NOT_APPLICABLE
SRC-DEC-STUDIO-NAME-001-008,CNT-DEC-STUDIO-NAME-001-004,market-research-director,quality-assurance-director,VERIFIED_ACCESSIBLE,FAIL,FAIL,PASS,UNRESOLVED,NEEDS_RECHECK,2026-08-08,20:51:10+03:00,Direct HTTP review; redirect recorded in source register,NOT_APPLICABLE
SRC-DEC-STUDIO-NAME-001-009,CNT-DEC-STUDIO-NAME-001-005,market-research-director,quality-assurance-director,VERIFIED_ACCESSIBLE,PASS,PASS,PASS,INDEPENDENT_PAIR_MEMBER,REVIEWED,2026-08-08,20:51:10+03:00,Direct HTTP review; redirect recorded in source register,NOT_APPLICABLE
SRC-DEC-STUDIO-NAME-001-010,CNT-DEC-STUDIO-NAME-001-005,market-research-director,quality-assurance-director,RECHECK_REQUIRED,FAIL,FAIL,PASS,UNRESOLVED,NEEDS_RECHECK,2026-08-08,20:51:10+03:00,Direct HTTP review; redirect recorded in source register,NOT_APPLICABLE
SRC-DEC-STUDIO-NAME-001-011,CNT-DEC-STUDIO-NAME-001-006,market-research-director,quality-assurance-director,ACCESS_BLOCKED,FAIL,FAIL,PASS,INDEPENDENT_PAIR_MEMBER,REJECTED,2026-08-08,20:51:10+03:00,Direct HTTP review; redirect recorded in source register,NOT_APPLICABLE
SRC-DEC-STUDIO-NAME-001-012,CNT-DEC-STUDIO-NAME-001-006,market-research-director,quality-assurance-director,RECHECK_REQUIRED,FAIL,FAIL,PASS,UNRESOLVED,NEEDS_RECHECK,2026-08-08,20:51:10+03:00,Direct HTTP review; redirect recorded in source register,NOT_APPLICABLE
SRC-DEC-STUDIO-NAME-001-013,CNT-DEC-STUDIO-NAME-001-007,market-research-director,quality-assurance-director,RECHECK_REQUIRED,FAIL,FAIL,PASS,INDEPENDENT_PAIR_MEMBER,NEEDS_RECHECK,2026-08-08,20:51:10+03:00,Direct HTTP review; redirect recorded in source register,NOT_APPLICABLE
SRC-DEC-STUDIO-NAME-001-014,CNT-DEC-STUDIO-NAME-001-007,market-research-director,quality-assurance-director,RECHECK_REQUIRED,FAIL,FAIL,PASS,UNRESOLVED,NEEDS_RECHECK,2026-08-08,20:51:10+03:00,Direct HTTP review; redirect recorded in source register,NOT_APPLICABLE
SRC-DEC-STUDIO-NAME-001-015,CNT-DEC-STUDIO-NAME-001-008,market-research-director,quality-assurance-director,RECHECK_REQUIRED,FAIL,FAIL,PASS,INDEPENDENT_PAIR_MEMBER,NEEDS_RECHECK,2026-08-08,20:51:10+03:00,Direct HTTP review; redirect recorded in source register,NOT_APPLICABLE
SRC-DEC-STUDIO-NAME-001-016,CNT-DEC-STUDIO-NAME-001-008,market-research-director,quality-assurance-director,VERIFIED_WITH_REDIRECT,FAIL,FAIL,PASS,UNRESOLVED,NEEDS_RECHECK,2026-08-08,20:51:10+03:00,Direct HTTP review; redirect recorded in source register,NOT_APPLICABLE
SRC-DEC-STUDIO-NAME-001-017,CNT-DEC-STUDIO-NAME-001-009,market-research-director,quality-assurance-director,RECHECK_REQUIRED,FAIL,FAIL,PASS,INDEPENDENT_PAIR_MEMBER,NEEDS_RECHECK,2026-08-08,20:51:10+03:00,Direct HTTP review; redirect recorded in source register,NOT_APPLICABLE
SRC-DEC-STUDIO-NAME-001-018,CNT-DEC-STUDIO-NAME-001-009,market-research-director,quality-assurance-director,VERIFIED_ACCESSIBLE,FAIL,FAIL,PASS,UNRESOLVED,NEEDS_RECHECK,2026-08-08,20:51:10+03:00,Direct HTTP review; redirect recorded in source register,NOT_APPLICABLE
SRC-DEC-STUDIO-NAME-001-019,CNT-DEC-STUDIO-NAME-001-010,market-research-director,quality-assurance-director,RECHECK_REQUIRED,FAIL,FAIL,PASS,INDEPENDENT_PAIR_MEMBER,NEEDS_RECHECK,2026-08-08,20:51:10+03:00,Direct HTTP review; redirect recorded in source register,NOT_APPLICABLE
SRC-DEC-STUDIO-NAME-001-020,CNT-DEC-STUDIO-NAME-001-010,market-research-director,quality-assurance-director,RECHECK_REQUIRED,FAIL,FAIL,PASS,UNRESOLVED,NEEDS_RECHECK,2026-08-08,20:51:10+03:00,Direct HTTP review; redirect recorded in source register,NOT_APPLICABLE
SRC-DEC-STUDIO-NAME-001-021,CNT-DEC-STUDIO-NAME-001-011,market-research-director,quality-assurance-director,VERIFIED_ACCESSIBLE,PASS,PASS,PASS,INDEPENDENT_PAIR_MEMBER,REVIEWED,2026-08-08,20:51:10+03:00,Direct HTTP review; redirect recorded in source register,NOT_APPLICABLE
SRC-DEC-STUDIO-NAME-001-022,CNT-DEC-STUDIO-NAME-001-011,market-research-director,quality-assurance-director,VERIFIED_ACCESSIBLE,FAIL,FAIL,PASS,UNRESOLVED,NEEDS_RECHECK,2026-08-08,20:51:10+03:00,Direct HTTP review; redirect recorded in source register,NOT_APPLICABLE
SRC-DEC-STUDIO-NAME-001-023,CNT-DEC-STUDIO-NAME-001-012,market-research-director,quality-assurance-director,VERIFIED_ACCESSIBLE,PASS,PASS,PASS,INDEPENDENT_PAIR_MEMBER,REVIEWED,2026-08-08,20:51:10+03:00,Direct HTTP review; redirect recorded in source register,NOT_APPLICABLE
SRC-DEC-STUDIO-NAME-001-024,CNT-DEC-STUDIO-NAME-001-012,market-research-director,quality-assurance-director,VERIFIED_ACCESSIBLE,PASS,PASS,PASS,INDEPENDENT_FROM_SUBJECT,REVIEWED,2026-08-08,20:51:10+03:00,Direct HTTP review; redirect recorded in source register,NOT_APPLICABLE
SRC-DEC-STUDIO-NAME-001-025,CNT-DEC-STUDIO-NAME-001-013,market-research-director,quality-assurance-director,RECHECK_REQUIRED,FAIL,FAIL,PASS,INDEPENDENT_PAIR_MEMBER,NEEDS_RECHECK,2026-08-08,20:51:10+03:00,Direct HTTP review; redirect recorded in source register,NOT_APPLICABLE
SRC-DEC-STUDIO-NAME-001-026,CNT-DEC-STUDIO-NAME-001-013,market-research-director,quality-assurance-director,VERIFIED_ACCESSIBLE,PASS,PASS,PASS,INDEPENDENT_FROM_SUBJECT,REVIEWED,2026-08-08,20:51:10+03:00,Direct HTTP review; redirect recorded in source register,NOT_APPLICABLE
SRC-DEC-STUDIO-NAME-001-027,CNT-DEC-STUDIO-NAME-001-014,market-research-director,quality-assurance-director,VERIFIED_ACCESSIBLE,PASS,PASS,PASS,INDEPENDENT_PAIR_MEMBER,REVIEWED,2026-08-08,20:51:10+03:00,Direct HTTP review; redirect recorded in source register,NOT_APPLICABLE
SRC-DEC-STUDIO-NAME-001-028,CNT-DEC-STUDIO-NAME-001-014,market-research-director,quality-assurance-director,RECHECK_REQUIRED,FAIL,FAIL,PASS,UNRESOLVED,NEEDS_RECHECK,2026-08-08,20:51:10+03:00,Direct HTTP review; redirect recorded in source register,NOT_APPLICABLE
SRC-DEC-STUDIO-NAME-001-029,CNT-DEC-STUDIO-NAME-001-015,market-research-director,quality-assurance-director,RECHECK_REQUIRED,FAIL,FAIL,PASS,INDEPENDENT_PAIR_MEMBER,NEEDS_RECHECK,2026-08-08,20:51:10+03:00,Direct HTTP review; redirect recorded in source register,NOT_APPLICABLE
SRC-DEC-STUDIO-NAME-001-030,CNT-DEC-STUDIO-NAME-001-015,market-research-director,quality-assurance-director,RECHECK_REQUIRED,FAIL,FAIL,PASS,UNRESOLVED,NEEDS_RECHECK,2026-08-08,20:51:10+03:00,Direct HTTP review; redirect recorded in source register,NOT_APPLICABLE
SRC-DEC-STUDIO-NAME-001-031,CNT-DEC-STUDIO-NAME-001-016,market-research-director,quality-assurance-director,VERIFIED_ACCESSIBLE,PASS,PASS,PASS,INDEPENDENT_PAIR_MEMBER,REVIEWED,2026-08-08,20:51:10+03:00,Direct HTTP review; redirect recorded in source register,NOT_APPLICABLE
SRC-DEC-STUDIO-NAME-001-032,CNT-DEC-STUDIO-NAME-001-016,market-research-director,quality-assurance-director,VERIFIED_ACCESSIBLE,PASS,PASS,PASS,INDEPENDENT_FROM_SUBJECT,REVIEWED,2026-08-08,20:51:10+03:00,Direct HTTP review; redirect recorded in source register,NOT_APPLICABLE
SRC-DEC-STUDIO-NAME-001-033,CNT-DEC-STUDIO-NAME-001-017,market-research-director,quality-assurance-director,RECHECK_REQUIRED,FAIL,FAIL,PASS,INDEPENDENT_PAIR_MEMBER,NEEDS_RECHECK,2026-08-08,20:51:10+03:00,Direct HTTP review; redirect recorded in source register,NOT_APPLICABLE
SRC-DEC-STUDIO-NAME-001-034,CNT-DEC-STUDIO-NAME-001-017,market-research-director,quality-assurance-director,VERIFIED_ACCESSIBLE,PASS,PASS,PASS,INDEPENDENT_FROM_SUBJECT,REVIEWED,2026-08-08,20:51:10+03:00,Direct HTTP review; redirect recorded in source register,NOT_APPLICABLE
SRC-DEC-STUDIO-NAME-001-035,CNT-DEC-STUDIO-NAME-001-018,market-research-director,quality-assurance-director,VERIFIED_ACCESSIBLE,PASS,PASS,PASS,INDEPENDENT_PAIR_MEMBER,REVIEWED,2026-08-08,20:51:10+03:00,Direct HTTP review; redirect recorded in source register,NOT_APPLICABLE
SRC-DEC-STUDIO-NAME-001-036,CNT-DEC-STUDIO-NAME-001-018,market-research-director,quality-assurance-director,BROKEN_LINK,FAIL,FAIL,PASS,UNRESOLVED,REJECTED,2026-08-08,20:51:10+03:00,Direct HTTP review; redirect recorded in source register,NOT_APPLICABLE
SRC-DEC-STUDIO-NAME-001-037,CNT-DEC-STUDIO-NAME-001-019,market-research-director,quality-assurance-director,RECHECK_REQUIRED,FAIL,FAIL,PASS,INDEPENDENT_PAIR_MEMBER,NEEDS_RECHECK,2026-08-08,20:51:10+03:00,Direct HTTP review; redirect recorded in source register,NOT_APPLICABLE
SRC-DEC-STUDIO-NAME-001-038,CNT-DEC-STUDIO-NAME-001-019,market-research-director,quality-assurance-director,VERIFIED_ACCESSIBLE,FAIL,FAIL,PASS,UNRESOLVED,NEEDS_RECHECK,2026-08-08,20:51:10+03:00,Direct HTTP review; redirect recorded in source register,NOT_APPLICABLE
SRC-DEC-STUDIO-NAME-001-039,CNT-DEC-STUDIO-NAME-001-020,market-research-director,quality-assurance-director,RECHECK_REQUIRED,FAIL,FAIL,PASS,INDEPENDENT_PAIR_MEMBER,NEEDS_RECHECK,2026-08-08,20:51:10+03:00,Direct HTTP review; redirect recorded in source register,NOT_APPLICABLE
SRC-DEC-STUDIO-NAME-001-040,CNT-DEC-STUDIO-NAME-001-020,market-research-director,quality-assurance-director,RECHECK_REQUIRED,FAIL,FAIL,PASS,UNRESOLVED,NEEDS_RECHECK,2026-08-08,20:51:10+03:00,Direct HTTP review; redirect recorded in source register,NOT_APPLICABLE
SRC-DEC-STUDIO-NAME-001-041,CNT-DEC-STUDIO-NAME-001-021,market-research-director,quality-assurance-director,RECHECK_REQUIRED,FAIL,FAIL,PASS,INDEPENDENT_PAIR_MEMBER,NEEDS_RECHECK,2026-08-08,20:51:10+03:00,Direct HTTP review; redirect recorded in source register,NOT_APPLICABLE
SRC-DEC-STUDIO-NAME-001-042,CNT-DEC-STUDIO-NAME-001-021,market-research-director,quality-assurance-director,RECHECK_REQUIRED,FAIL,FAIL,PASS,UNRESOLVED,NEEDS_RECHECK,2026-08-08,20:51:10+03:00,Direct HTTP review; redirect recorded in source register,NOT_APPLICABLE
SRC-DEC-STUDIO-NAME-001-043,CNT-DEC-STUDIO-NAME-001-022,market-research-director,quality-assurance-director,ACCESS_BLOCKED,FAIL,FAIL,PASS,INDEPENDENT_PAIR_MEMBER,REJECTED,2026-08-08,20:51:10+03:00,Direct HTTP review; redirect recorded in source register,NOT_APPLICABLE
SRC-DEC-STUDIO-NAME-001-044,CNT-DEC-STUDIO-NAME-001-022,market-research-director,quality-assurance-director,RECHECK_REQUIRED,FAIL,FAIL,PASS,UNRESOLVED,NEEDS_RECHECK,2026-08-08,20:51:10+03:00,Direct HTTP review; redirect recorded in source register,NOT_APPLICABLE
SRC-DEC-STUDIO-NAME-001-045,CNT-DEC-STUDIO-NAME-001-023,market-research-director,quality-assurance-director,RECHECK_REQUIRED,FAIL,FAIL,PASS,INDEPENDENT_PAIR_MEMBER,NEEDS_RECHECK,2026-08-08,20:51:10+03:00,Direct HTTP review; redirect recorded in source register,NOT_APPLICABLE
SRC-DEC-STUDIO-NAME-001-046,CNT-DEC-STUDIO-NAME-001-023,market-research-director,quality-assurance-director,RECHECK_REQUIRED,FAIL,FAIL,PASS,UNRESOLVED,NEEDS_RECHECK,2026-08-08,20:51:10+03:00,Direct HTTP review; redirect recorded in source register,NOT_APPLICABLE
SRC-DEC-STUDIO-NAME-001-047,CNT-DEC-STUDIO-NAME-001-024,market-research-director,quality-assurance-director,RECHECK_REQUIRED,FAIL,FAIL,PASS,INDEPENDENT_PAIR_MEMBER,NEEDS_RECHECK,2026-08-08,20:51:10+03:00,Direct HTTP review; redirect recorded in source register,NOT_APPLICABLE
SRC-DEC-STUDIO-NAME-001-048,CNT-DEC-STUDIO-NAME-001-024,market-research-director,quality-assurance-director,VERIFIED_ACCESSIBLE,PASS,PASS,PASS,INDEPENDENT_FROM_SUBJECT,REVIEWED,2026-08-08,20:51:10+03:00,Direct HTTP review; redirect recorded in source register,NOT_APPLICABLE
SRC-DEC-STUDIO-NAME-001-049,CNT-DEC-STUDIO-NAME-001-025,market-research-director,quality-assurance-director,VERIFIED_ACCESSIBLE,PASS,PASS,PASS,INDEPENDENT_PAIR_MEMBER,REVIEWED,2026-08-08,20:51:10+03:00,Direct HTTP review; redirect recorded in source register,NOT_APPLICABLE
SRC-DEC-STUDIO-NAME-001-050,CNT-DEC-STUDIO-NAME-001-025,market-research-director,quality-assurance-director,VERIFIED_ACCESSIBLE,PASS,PASS,PASS,INDEPENDENT_FROM_SUBJECT,REVIEWED,2026-08-08,20:51:10+03:00,Direct HTTP review; redirect recorded in source register,NOT_APPLICABLE
SRC-DEC-STUDIO-NAME-001-051,CNT-DEC-STUDIO-NAME-001-026,market-research-director,quality-assurance-director,ACCESS_BLOCKED,FAIL,FAIL,PASS,INDEPENDENT_PAIR_MEMBER,REJECTED,2026-08-08,20:51:10+03:00,Direct HTTP review; redirect recorded in source register,NOT_APPLICABLE
SRC-DEC-STUDIO-NAME-001-052,CNT-DEC-STUDIO-NAME-001-026,market-research-director,quality-assurance-director,ACCESS_BLOCKED,FAIL,FAIL,PASS,UNRESOLVED,REJECTED,2026-08-08,20:51:10+03:00,Direct HTTP review; redirect recorded in source register,NOT_APPLICABLE
SRC-DEC-STUDIO-NAME-001-053,CNT-DEC-STUDIO-NAME-001-027,market-research-director,quality-assurance-director,RECHECK_REQUIRED,FAIL,FAIL,PASS,INDEPENDENT_PAIR_MEMBER,NEEDS_RECHECK,2026-08-08,20:51:10+03:00,Direct HTTP review; redirect recorded in source register,NOT_APPLICABLE
SRC-DEC-STUDIO-NAME-001-054,CNT-DEC-STUDIO-NAME-001-027,market-research-director,quality-assurance-director,VERIFIED_ACCESSIBLE,PASS,PASS,PASS,INDEPENDENT_FROM_SUBJECT,REVIEWED,2026-08-08,20:51:10+03:00,Direct HTTP review; redirect recorded in source register,NOT_APPLICABLE
SRC-DEC-STUDIO-NAME-001-055,CNT-DEC-STUDIO-NAME-001-028,market-research-director,quality-assurance-director,RECHECK_REQUIRED,FAIL,FAIL,PASS,INDEPENDENT_PAIR_MEMBER,NEEDS_RECHECK,2026-08-08,20:51:10+03:00,Direct HTTP review; redirect recorded in source register,NOT_APPLICABLE
SRC-DEC-STUDIO-NAME-001-056,CNT-DEC-STUDIO-NAME-001-028,market-research-director,quality-assurance-director,RECHECK_REQUIRED,FAIL,FAIL,PASS,UNRESOLVED,NEEDS_RECHECK,2026-08-08,20:51:10+03:00,Direct HTTP review; redirect recorded in source register,NOT_APPLICABLE
SRC-DEC-STUDIO-NAME-001-057,CNT-DEC-STUDIO-NAME-001-029,market-research-director,quality-assurance-director,RECHECK_REQUIRED,FAIL,FAIL,PASS,INDEPENDENT_PAIR_MEMBER,NEEDS_RECHECK,2026-08-08,20:51:10+03:00,Direct HTTP review; redirect recorded in source register,NOT_APPLICABLE
SRC-DEC-STUDIO-NAME-001-058,CNT-DEC-STUDIO-NAME-001-029,market-research-director,quality-assurance-director,RECHECK_REQUIRED,FAIL,FAIL,PASS,UNRESOLVED,NEEDS_RECHECK,2026-08-08,20:51:10+03:00,Direct HTTP review; redirect recorded in source register,NOT_APPLICABLE
SRC-DEC-STUDIO-NAME-001-059,CNT-DEC-STUDIO-NAME-001-030,market-research-director,quality-assurance-director,VERIFIED_ACCESSIBLE,PASS,PASS,PASS,INDEPENDENT_PAIR_MEMBER,REVIEWED,2026-08-08,20:51:10+03:00,Direct HTTP review; redirect recorded in source register,NOT_APPLICABLE
SRC-DEC-STUDIO-NAME-001-060,CNT-DEC-STUDIO-NAME-001-030,market-research-director,quality-assurance-director,VERIFIED_ACCESSIBLE,FAIL,FAIL,PASS,UNRESOLVED,NEEDS_RECHECK,2026-08-08,20:51:10+03:00,Direct HTTP review; redirect recorded in source register,NOT_APPLICABLE
SRC-DEC-STUDIO-NAME-001-061,CNT-DEC-STUDIO-NAME-001-031,market-research-director,quality-assurance-director,RECHECK_REQUIRED,FAIL,FAIL,PASS,INDEPENDENT_PAIR_MEMBER,NEEDS_RECHECK,2026-08-08,20:51:10+03:00,Direct HTTP review; redirect recorded in source register,NOT_APPLICABLE
SRC-DEC-STUDIO-NAME-001-062,CNT-DEC-STUDIO-NAME-001-031,market-research-director,quality-assurance-director,RECHECK_REQUIRED,FAIL,FAIL,PASS,UNRESOLVED,NEEDS_RECHECK,2026-08-08,20:51:10+03:00,Direct HTTP review; redirect recorded in source register,NOT_APPLICABLE
SRC-DEC-STUDIO-NAME-001-063,CNT-DEC-STUDIO-NAME-001-032,market-research-director,quality-assurance-director,RECHECK_REQUIRED,FAIL,FAIL,PASS,INDEPENDENT_PAIR_MEMBER,NEEDS_RECHECK,2026-08-08,20:51:10+03:00,Direct HTTP review; redirect recorded in source register,NOT_APPLICABLE
SRC-DEC-STUDIO-NAME-001-064,CNT-DEC-STUDIO-NAME-001-032,market-research-director,quality-assurance-director,VERIFIED_ACCESSIBLE,PASS,PASS,PASS,INDEPENDENT_FROM_SUBJECT,REVIEWED,2026-08-08,20:51:10+03:00,Direct HTTP review; redirect recorded in source register,NOT_APPLICABLE
SRC-DEC-STUDIO-NAME-001-065,CNT-DEC-STUDIO-NAME-001-033,market-research-director,quality-assurance-director,RECHECK_REQUIRED,FAIL,FAIL,PASS,INDEPENDENT_PAIR_MEMBER,NEEDS_RECHECK,2026-08-08,20:51:10+03:00,Direct HTTP review; redirect recorded in source register,NOT_APPLICABLE
SRC-DEC-STUDIO-NAME-001-066,CNT-DEC-STUDIO-NAME-001-033,market-research-director,quality-assurance-director,RECHECK_REQUIRED,FAIL,FAIL,PASS,UNRESOLVED,NEEDS_RECHECK,2026-08-08,20:51:10+03:00,Direct HTTP review; redirect recorded in source register,NOT_APPLICABLE
SRC-DEC-STUDIO-NAME-001-067,CNT-DEC-STUDIO-NAME-001-034,market-research-director,quality-assurance-director,VERIFIED_ACCESSIBLE,PASS,PASS,PASS,INDEPENDENT_PAIR_MEMBER,REVIEWED,2026-08-08,20:51:10+03:00,Direct HTTP review; redirect recorded in source register,NOT_APPLICABLE
SRC-DEC-STUDIO-NAME-001-068,CNT-DEC-STUDIO-NAME-001-034,market-research-director,quality-assurance-director,VERIFIED_ACCESSIBLE,PASS,PASS,PASS,INDEPENDENT_FROM_SUBJECT,REVIEWED,2026-08-08,20:51:10+03:00,Direct HTTP review; redirect recorded in source register,NOT_APPLICABLE
SRC-DEC-STUDIO-NAME-001-069,CNT-DEC-STUDIO-NAME-001-035,market-research-director,quality-assurance-director,RECHECK_REQUIRED,FAIL,FAIL,PASS,INDEPENDENT_PAIR_MEMBER,NEEDS_RECHECK,2026-08-08,20:51:10+03:00,Direct HTTP review; redirect recorded in source register,NOT_APPLICABLE
SRC-DEC-STUDIO-NAME-001-070,CNT-DEC-STUDIO-NAME-001-035,market-research-director,quality-assurance-director,RECHECK_REQUIRED,FAIL,FAIL,PASS,UNRESOLVED,NEEDS_RECHECK,2026-08-08,20:51:10+03:00,Direct HTTP review; redirect recorded in source register,NOT_APPLICABLE
SRC-DEC-STUDIO-NAME-001-071,CNT-DEC-STUDIO-NAME-001-036,market-research-director,quality-assurance-director,RECHECK_REQUIRED,FAIL,FAIL,PASS,INDEPENDENT_PAIR_MEMBER,NEEDS_RECHECK,2026-08-08,20:51:10+03:00,Direct HTTP review; redirect recorded in source register,NOT_APPLICABLE
SRC-DEC-STUDIO-NAME-001-072,CNT-DEC-STUDIO-NAME-001-036,market-research-director,quality-assurance-director,RECHECK_REQUIRED,FAIL,FAIL,PASS,UNRESOLVED,NEEDS_RECHECK,2026-08-08,20:51:10+03:00,Direct HTTP review; redirect recorded in source register,NOT_APPLICABLE
SRC-DEC-STUDIO-NAME-001-073,CNT-DEC-STUDIO-NAME-001-037,market-research-director,quality-assurance-director,RECHECK_REQUIRED,FAIL,FAIL,PASS,INDEPENDENT_PAIR_MEMBER,NEEDS_RECHECK,2026-08-08,20:51:10+03:00,Direct HTTP review; redirect recorded in source register,NOT_APPLICABLE
SRC-DEC-STUDIO-NAME-001-074,CNT-DEC-STUDIO-NAME-001-037,market-research-director,quality-assurance-director,RECHECK_REQUIRED,FAIL,FAIL,PASS,UNRESOLVED,NEEDS_RECHECK,2026-08-08,20:51:10+03:00,Direct HTTP review; redirect recorded in source register,NOT_APPLICABLE
SRC-DEC-STUDIO-NAME-001-075,CNT-DEC-STUDIO-NAME-001-038,market-research-director,quality-assurance-director,RECHECK_REQUIRED,FAIL,FAIL,PASS,INDEPENDENT_PAIR_MEMBER,NEEDS_RECHECK,2026-08-08,20:51:10+03:00,Direct HTTP review; redirect recorded in source register,NOT_APPLICABLE
SRC-DEC-STUDIO-NAME-001-076,CNT-DEC-STUDIO-NAME-001-038,market-research-director,quality-assurance-director,RECHECK_REQUIRED,FAIL,FAIL,PASS,INDEPENDENT_FROM_SUBJECT,NEEDS_RECHECK,2026-08-08,20:51:10+03:00,Direct HTTP review; redirect recorded in source register,NOT_APPLICABLE
SRC-DEC-STUDIO-NAME-001-077,CNT-DEC-STUDIO-NAME-001-039,market-research-director,quality-assurance-director,RECHECK_REQUIRED,FAIL,FAIL,PASS,INDEPENDENT_PAIR_MEMBER,NEEDS_RECHECK,2026-08-08,20:51:10+03:00,Direct HTTP review; redirect recorded in source register,NOT_APPLICABLE
SRC-DEC-STUDIO-NAME-001-078,CNT-DEC-STUDIO-NAME-001-039,market-research-director,quality-assurance-director,RECHECK_REQUIRED,FAIL,FAIL,PASS,UNRESOLVED,NEEDS_RECHECK,2026-08-08,20:51:10+03:00,Direct HTTP review; redirect recorded in source register,NOT_APPLICABLE
SRC-DEC-STUDIO-NAME-001-079,CNT-DEC-STUDIO-NAME-001-040,market-research-director,quality-assurance-director,RECHECK_REQUIRED,FAIL,FAIL,PASS,INDEPENDENT_PAIR_MEMBER,NEEDS_RECHECK,2026-08-08,20:51:10+03:00,Direct HTTP review; redirect recorded in source register,NOT_APPLICABLE
SRC-DEC-STUDIO-NAME-001-080,CNT-DEC-STUDIO-NAME-001-040,market-research-director,quality-assurance-director,RECHECK_REQUIRED,FAIL,FAIL,PASS,UNRESOLVED,NEEDS_RECHECK,2026-08-08,20:51:10+03:00,Direct HTTP review; redirect recorded in source register,NOT_APPLICABLE
SRC-DEC-STUDIO-NAME-001-081,CNT-DEC-STUDIO-NAME-001-041,market-research-director,quality-assurance-director,RECHECK_REQUIRED,FAIL,FAIL,PASS,INDEPENDENT_PAIR_MEMBER,NEEDS_RECHECK,2026-08-08,20:51:10+03:00,Direct HTTP review; redirect recorded in source register,NOT_APPLICABLE
SRC-DEC-STUDIO-NAME-001-082,CNT-DEC-STUDIO-NAME-001-041,market-research-director,quality-assurance-director,RECHECK_REQUIRED,FAIL,FAIL,PASS,UNRESOLVED,NEEDS_RECHECK,2026-08-08,20:51:10+03:00,Direct HTTP review; redirect recorded in source register,NOT_APPLICABLE
SRC-DEC-STUDIO-NAME-001-083,CNT-DEC-STUDIO-NAME-001-042,market-research-director,quality-assurance-director,RECHECK_REQUIRED,FAIL,FAIL,PASS,INDEPENDENT_PAIR_MEMBER,NEEDS_RECHECK,2026-08-08,20:51:10+03:00,Direct HTTP review; redirect recorded in source register,NOT_APPLICABLE
SRC-DEC-STUDIO-NAME-001-084,CNT-DEC-STUDIO-NAME-001-042,market-research-director,quality-assurance-director,RECHECK_REQUIRED,FAIL,FAIL,PASS,UNRESOLVED,NEEDS_RECHECK,2026-08-08,20:51:10+03:00,Direct HTTP review; redirect recorded in source register,NOT_APPLICABLE
SRC-DEC-STUDIO-NAME-001-085,CNT-DEC-STUDIO-NAME-001-043,market-research-director,quality-assurance-director,RECHECK_REQUIRED,FAIL,FAIL,PASS,INDEPENDENT_PAIR_MEMBER,NEEDS_RECHECK,2026-08-08,20:51:10+03:00,Direct HTTP review; redirect recorded in source register,NOT_APPLICABLE
SRC-DEC-STUDIO-NAME-001-086,CNT-DEC-STUDIO-NAME-001-043,market-research-director,quality-assurance-director,RECHECK_REQUIRED,FAIL,FAIL,PASS,UNRESOLVED,NEEDS_RECHECK,2026-08-08,20:51:10+03:00,Direct HTTP review; redirect recorded in source register,NOT_APPLICABLE
SRC-DEC-STUDIO-NAME-001-087,CNT-DEC-STUDIO-NAME-001-044,market-research-director,quality-assurance-director,RECHECK_REQUIRED,FAIL,FAIL,PASS,INDEPENDENT_PAIR_MEMBER,NEEDS_RECHECK,2026-08-08,20:51:10+03:00,Direct HTTP review; redirect recorded in source register,NOT_APPLICABLE
SRC-DEC-STUDIO-NAME-001-088,CNT-DEC-STUDIO-NAME-001-044,market-research-director,quality-assurance-director,RECHECK_REQUIRED,FAIL,FAIL,PASS,INDEPENDENT_FROM_SUBJECT,NEEDS_RECHECK,2026-08-08,20:51:10+03:00,Direct HTTP review; redirect recorded in source register,NOT_APPLICABLE
SRC-DEC-STUDIO-NAME-001-089,CNT-DEC-STUDIO-NAME-001-045,market-research-director,quality-assurance-director,RECHECK_REQUIRED,FAIL,FAIL,PASS,INDEPENDENT_PAIR_MEMBER,NEEDS_RECHECK,2026-08-08,20:51:10+03:00,Direct HTTP review; redirect recorded in source register,NOT_APPLICABLE
SRC-DEC-STUDIO-NAME-001-090,CNT-DEC-STUDIO-NAME-001-045,market-research-director,quality-assurance-director,RECHECK_REQUIRED,FAIL,FAIL,PASS,UNRESOLVED,NEEDS_RECHECK,2026-08-08,20:51:10+03:00,Direct HTTP review; redirect recorded in source register,NOT_APPLICABLE
SRC-DEC-STUDIO-NAME-001-091,CNT-DEC-STUDIO-NAME-001-046,market-research-director,quality-assurance-director,RECHECK_REQUIRED,FAIL,FAIL,PASS,INDEPENDENT_PAIR_MEMBER,NEEDS_RECHECK,2026-08-08,20:51:10+03:00,Direct HTTP review; redirect recorded in source register,NOT_APPLICABLE
SRC-DEC-STUDIO-NAME-001-092,CNT-DEC-STUDIO-NAME-001-046,market-research-director,quality-assurance-director,VERIFIED_ACCESSIBLE,FAIL,FAIL,PASS,UNRESOLVED,NEEDS_RECHECK,2026-08-08,20:51:10+03:00,Direct HTTP review; redirect recorded in source register,NOT_APPLICABLE
SRC-DEC-STUDIO-NAME-001-093,CNT-DEC-STUDIO-NAME-001-047,market-research-director,quality-assurance-director,RECHECK_REQUIRED,FAIL,FAIL,PASS,INDEPENDENT_PAIR_MEMBER,NEEDS_RECHECK,2026-08-08,20:51:10+03:00,Direct HTTP review; redirect recorded in source register,NOT_APPLICABLE
SRC-DEC-STUDIO-NAME-001-094,CNT-DEC-STUDIO-NAME-001-047,market-research-director,quality-assurance-director,BROKEN_LINK,FAIL,FAIL,PASS,UNRESOLVED,REJECTED,2026-08-08,20:51:10+03:00,Direct HTTP review; redirect recorded in source register,NOT_APPLICABLE
SRC-DEC-STUDIO-NAME-001-095,CNT-DEC-STUDIO-NAME-001-048,market-research-director,quality-assurance-director,RECHECK_REQUIRED,FAIL,FAIL,PASS,INDEPENDENT_PAIR_MEMBER,NEEDS_RECHECK,2026-08-08,20:51:10+03:00,Direct HTTP review; redirect recorded in source register,NOT_APPLICABLE
SRC-DEC-STUDIO-NAME-001-096,CNT-DEC-STUDIO-NAME-001-048,market-research-director,quality-assurance-director,RECHECK_REQUIRED,FAIL,FAIL,PASS,INDEPENDENT_FROM_SUBJECT,NEEDS_RECHECK,2026-08-08,20:51:10+03:00,Direct HTTP review; redirect recorded in source register,NOT_APPLICABLE
SRC-DEC-STUDIO-NAME-001-097,CNT-DEC-STUDIO-NAME-001-049,market-research-director,quality-assurance-director,RECHECK_REQUIRED,FAIL,FAIL,PASS,INDEPENDENT_PAIR_MEMBER,NEEDS_RECHECK,2026-08-08,20:51:10+03:00,Direct HTTP review; redirect recorded in source register,NOT_APPLICABLE
SRC-DEC-STUDIO-NAME-001-098,CNT-DEC-STUDIO-NAME-001-049,market-research-director,quality-assurance-director,RECHECK_REQUIRED,FAIL,FAIL,PASS,INDEPENDENT_FROM_SUBJECT,NEEDS_RECHECK,2026-08-08,20:51:10+03:00,Direct HTTP review; redirect recorded in source register,NOT_APPLICABLE
SRC-DEC-STUDIO-NAME-001-099,CNT-DEC-STUDIO-NAME-001-050,market-research-director,quality-assurance-director,VERIFIED_ACCESSIBLE,PASS,PASS,PASS,INDEPENDENT_PAIR_MEMBER,REVIEWED,2026-08-08,20:51:10+03:00,Direct HTTP review; redirect recorded in source register,NOT_APPLICABLE
SRC-DEC-STUDIO-NAME-001-100,CNT-DEC-STUDIO-NAME-001-050,market-research-director,quality-assurance-director,RECHECK_REQUIRED,FAIL,FAIL,PASS,UNRESOLVED,NEEDS_RECHECK,2026-08-08,20:51:10+03:00,Direct HTTP review; redirect recorded in source register,NOT_APPLICABLE
SRC-DEC-STUDIO-NAME-001-101,CNT-DEC-STUDIO-NAME-001-051,market-research-director,quality-assurance-director,RECHECK_REQUIRED,FAIL,FAIL,PASS,INDEPENDENT_PAIR_MEMBER,NEEDS_RECHECK,2026-08-08,20:51:10+03:00,Direct HTTP review; redirect recorded in source register,NOT_APPLICABLE
SRC-DEC-STUDIO-NAME-001-102,CNT-DEC-STUDIO-NAME-001-051,market-research-director,quality-assurance-director,RECHECK_REQUIRED,FAIL,FAIL,PASS,INDEPENDENT_FROM_SUBJECT,NEEDS_RECHECK,2026-08-08,20:51:10+03:00,Direct HTTP review; redirect recorded in source register,NOT_APPLICABLE
SRC-DEC-STUDIO-NAME-001-103,CNT-DEC-STUDIO-NAME-001-052,market-research-director,quality-assurance-director,RECHECK_REQUIRED,FAIL,FAIL,PASS,INDEPENDENT_PAIR_MEMBER,NEEDS_RECHECK,2026-08-08,20:51:10+03:00,Direct HTTP review; redirect recorded in source register,NOT_APPLICABLE
SRC-DEC-STUDIO-NAME-001-104,CNT-DEC-STUDIO-NAME-001-052,market-research-director,quality-assurance-director,RECHECK_REQUIRED,FAIL,FAIL,PASS,UNRESOLVED,NEEDS_RECHECK,2026-08-08,20:51:10+03:00,Direct HTTP review; redirect recorded in source register,NOT_APPLICABLE
SRC-DEC-STUDIO-NAME-001-105,CNT-DEC-STUDIO-NAME-001-053,market-research-director,quality-assurance-director,RECHECK_REQUIRED,FAIL,FAIL,PASS,INDEPENDENT_PAIR_MEMBER,NEEDS_RECHECK,2026-08-08,20:51:10+03:00,Direct HTTP review; redirect recorded in source register,NOT_APPLICABLE
SRC-DEC-STUDIO-NAME-001-106,CNT-DEC-STUDIO-NAME-001-053,market-research-director,quality-assurance-director,RECHECK_REQUIRED,FAIL,FAIL,PASS,INDEPENDENT_FROM_SUBJECT,NEEDS_RECHECK,2026-08-08,20:51:10+03:00,Direct HTTP review; redirect recorded in source register,NOT_APPLICABLE
SRC-DEC-STUDIO-NAME-001-107,CNT-DEC-STUDIO-NAME-001-054,market-research-director,quality-assurance-director,RECHECK_REQUIRED,FAIL,FAIL,PASS,INDEPENDENT_PAIR_MEMBER,NEEDS_RECHECK,2026-08-08,20:51:10+03:00,Direct HTTP review; redirect recorded in source register,NOT_APPLICABLE
SRC-DEC-STUDIO-NAME-001-108,CNT-DEC-STUDIO-NAME-001-054,market-research-director,quality-assurance-director,RECHECK_REQUIRED,FAIL,FAIL,PASS,UNRESOLVED,NEEDS_RECHECK,2026-08-08,20:51:10+03:00,Direct HTTP review; redirect recorded in source register,NOT_APPLICABLE
SRC-DEC-STUDIO-NAME-001-109,CNT-DEC-STUDIO-NAME-001-055,market-research-director,quality-assurance-director,RECHECK_REQUIRED,FAIL,FAIL,PASS,INDEPENDENT_PAIR_MEMBER,NEEDS_RECHECK,2026-08-08,20:51:10+03:00,Direct HTTP review; redirect recorded in source register,NOT_APPLICABLE
SRC-DEC-STUDIO-NAME-001-110,CNT-DEC-STUDIO-NAME-001-055,market-research-director,quality-assurance-director,RECHECK_REQUIRED,FAIL,FAIL,PASS,UNRESOLVED,NEEDS_RECHECK,2026-08-08,20:51:10+03:00,Direct HTTP review; redirect recorded in source register,NOT_APPLICABLE
SRC-DEC-STUDIO-NAME-001-111,CNT-DEC-STUDIO-NAME-001-056,market-research-director,quality-assurance-director,RECHECK_REQUIRED,FAIL,FAIL,PASS,INDEPENDENT_PAIR_MEMBER,NEEDS_RECHECK,2026-08-08,20:51:10+03:00,Direct HTTP review; redirect recorded in source register,NOT_APPLICABLE
SRC-DEC-STUDIO-NAME-001-112,CNT-DEC-STUDIO-NAME-001-056,market-research-director,quality-assurance-director,RECHECK_REQUIRED,FAIL,FAIL,PASS,UNRESOLVED,NEEDS_RECHECK,2026-08-08,20:51:10+03:00,Direct HTTP review; redirect recorded in source register,NOT_APPLICABLE
SRC-DEC-STUDIO-NAME-001-113,CNT-DEC-STUDIO-NAME-001-057,market-research-director,quality-assurance-director,RECHECK_REQUIRED,FAIL,FAIL,PASS,INDEPENDENT_PAIR_MEMBER,NEEDS_RECHECK,2026-08-08,20:51:10+03:00,Direct HTTP review; redirect recorded in source register,NOT_APPLICABLE
SRC-DEC-STUDIO-NAME-001-114,CNT-DEC-STUDIO-NAME-001-057,market-research-director,quality-assurance-director,RECHECK_REQUIRED,FAIL,FAIL,PASS,UNRESOLVED,NEEDS_RECHECK,2026-08-08,20:51:10+03:00,Direct HTTP review; redirect recorded in source register,NOT_APPLICABLE
SRC-DEC-STUDIO-NAME-001-115,CNT-DEC-STUDIO-NAME-001-058,market-research-director,quality-assurance-director,RECHECK_REQUIRED,FAIL,FAIL,PASS,INDEPENDENT_PAIR_MEMBER,NEEDS_RECHECK,2026-08-08,20:51:10+03:00,Direct HTTP review; redirect recorded in source register,NOT_APPLICABLE
SRC-DEC-STUDIO-NAME-001-116,CNT-DEC-STUDIO-NAME-001-058,market-research-director,quality-assurance-director,RECHECK_REQUIRED,FAIL,FAIL,PASS,INDEPENDENT_FROM_SUBJECT,NEEDS_RECHECK,2026-08-08,20:51:10+03:00,Direct HTTP review; redirect recorded in source register,NOT_APPLICABLE
SRC-DEC-STUDIO-NAME-001-117,CNT-DEC-STUDIO-NAME-001-059,market-research-director,quality-assurance-director,RECHECK_REQUIRED,FAIL,FAIL,PASS,INDEPENDENT_PAIR_MEMBER,NEEDS_RECHECK,2026-08-08,20:51:10+03:00,Direct HTTP review; redirect recorded in source register,NOT_APPLICABLE
SRC-DEC-STUDIO-NAME-001-118,CNT-DEC-STUDIO-NAME-001-059,market-research-director,quality-assurance-director,RECHECK_REQUIRED,FAIL,FAIL,PASS,INDEPENDENT_FROM_SUBJECT,NEEDS_RECHECK,2026-08-08,20:51:10+03:00,Direct HTTP review; redirect recorded in source register,NOT_APPLICABLE
SRC-DEC-STUDIO-NAME-001-119,CNT-DEC-STUDIO-NAME-001-060,market-research-director,quality-assurance-director,RECHECK_REQUIRED,FAIL,FAIL,PASS,INDEPENDENT_PAIR_MEMBER,NEEDS_RECHECK,2026-08-08,20:51:10+03:00,Direct HTTP review; redirect recorded in source register,NOT_APPLICABLE
SRC-DEC-STUDIO-NAME-001-120,CNT-DEC-STUDIO-NAME-001-060,market-research-director,quality-assurance-director,RECHECK_REQUIRED,FAIL,FAIL,PASS,INDEPENDENT_FROM_SUBJECT,NEEDS_RECHECK,2026-08-08,20:51:10+03:00,Direct HTTP review; redirect recorded in source register,NOT_APPLICABLE
SRC-DEC-STUDIO-NAME-001-121,CNT-DEC-STUDIO-NAME-001-061,market-research-director,quality-assurance-director,RECHECK_REQUIRED,FAIL,FAIL,PASS,INDEPENDENT_PAIR_MEMBER,NEEDS_RECHECK,2026-08-08,20:51:10+03:00,Direct HTTP review; redirect recorded in source register,NOT_APPLICABLE
SRC-DEC-STUDIO-NAME-001-122,CNT-DEC-STUDIO-NAME-001-061,market-research-director,quality-assurance-director,RECHECK_REQUIRED,FAIL,FAIL,PASS,INDEPENDENT_FROM_SUBJECT,NEEDS_RECHECK,2026-08-08,20:51:10+03:00,Direct HTTP review; redirect recorded in source register,NOT_APPLICABLE
SRC-DEC-STUDIO-NAME-001-123,CNT-DEC-STUDIO-NAME-001-062,market-research-director,quality-assurance-director,RECHECK_REQUIRED,FAIL,FAIL,PASS,INDEPENDENT_PAIR_MEMBER,NEEDS_RECHECK,2026-08-08,20:51:10+03:00,Direct HTTP review; redirect recorded in source register,NOT_APPLICABLE
SRC-DEC-STUDIO-NAME-001-124,CNT-DEC-STUDIO-NAME-001-062,market-research-director,quality-assurance-director,RECHECK_REQUIRED,FAIL,FAIL,PASS,INDEPENDENT_FROM_SUBJECT,NEEDS_RECHECK,2026-08-08,20:51:10+03:00,Direct HTTP review; redirect recorded in source register,NOT_APPLICABLE
SRC-DEC-STUDIO-NAME-001-125,CNT-DEC-STUDIO-NAME-001-063,market-research-director,quality-assurance-director,RECHECK_REQUIRED,FAIL,FAIL,PASS,INDEPENDENT_PAIR_MEMBER,NEEDS_RECHECK,2026-08-08,20:51:10+03:00,Direct HTTP review; redirect recorded in source register,NOT_APPLICABLE
SRC-DEC-STUDIO-NAME-001-126,CNT-DEC-STUDIO-NAME-001-063,market-research-director,quality-assurance-director,RECHECK_REQUIRED,FAIL,FAIL,PASS,UNRESOLVED,NEEDS_RECHECK,2026-08-08,20:51:10+03:00,Direct HTTP review; redirect recorded in source register,NOT_APPLICABLE
SRC-DEC-STUDIO-NAME-001-127,CNT-DEC-STUDIO-NAME-001-064,market-research-director,quality-assurance-director,RECHECK_REQUIRED,FAIL,FAIL,PASS,INDEPENDENT_PAIR_MEMBER,NEEDS_RECHECK,2026-08-08,20:51:10+03:00,Direct HTTP review; redirect recorded in source register,NOT_APPLICABLE
SRC-DEC-STUDIO-NAME-001-128,CNT-DEC-STUDIO-NAME-001-064,market-research-director,quality-assurance-director,RECHECK_REQUIRED,FAIL,FAIL,PASS,INDEPENDENT_FROM_SUBJECT,NEEDS_RECHECK,2026-08-08,20:51:10+03:00,Direct HTTP review; redirect recorded in source register,NOT_APPLICABLE
SRC-DEC-STUDIO-NAME-001-129,CNT-DEC-STUDIO-NAME-001-065,market-research-director,quality-assurance-director,RECHECK_REQUIRED,FAIL,FAIL,PASS,INDEPENDENT_PAIR_MEMBER,NEEDS_RECHECK,2026-08-08,20:51:10+03:00,Direct HTTP review; redirect recorded in source register,NOT_APPLICABLE
SRC-DEC-STUDIO-NAME-001-130,CNT-DEC-STUDIO-NAME-001-065,market-research-director,quality-assurance-director,RECHECK_REQUIRED,FAIL,FAIL,PASS,UNRESOLVED,NEEDS_RECHECK,2026-08-08,20:51:10+03:00,Direct HTTP review; redirect recorded in source register,NOT_APPLICABLE
SRC-DEC-STUDIO-NAME-001-131,CNT-DEC-STUDIO-NAME-001-066,market-research-director,quality-assurance-director,RECHECK_REQUIRED,FAIL,FAIL,PASS,INDEPENDENT_PAIR_MEMBER,NEEDS_RECHECK,2026-08-08,20:51:10+03:00,Direct HTTP review; redirect recorded in source register,NOT_APPLICABLE
SRC-DEC-STUDIO-NAME-001-132,CNT-DEC-STUDIO-NAME-001-066,market-research-director,quality-assurance-director,RECHECK_REQUIRED,FAIL,FAIL,PASS,UNRESOLVED,NEEDS_RECHECK,2026-08-08,20:51:10+03:00,Direct HTTP review; redirect recorded in source register,NOT_APPLICABLE
SRC-DEC-STUDIO-NAME-001-133,CNT-DEC-STUDIO-NAME-001-067,market-research-director,quality-assurance-director,RECHECK_REQUIRED,FAIL,FAIL,PASS,INDEPENDENT_PAIR_MEMBER,NEEDS_RECHECK,2026-08-08,20:51:10+03:00,Direct HTTP review; redirect recorded in source register,NOT_APPLICABLE
SRC-DEC-STUDIO-NAME-001-134,CNT-DEC-STUDIO-NAME-001-067,market-research-director,quality-assurance-director,RECHECK_REQUIRED,FAIL,FAIL,PASS,UNRESOLVED,NEEDS_RECHECK,2026-08-08,20:51:10+03:00,Direct HTTP review; redirect recorded in source register,NOT_APPLICABLE
SRC-DEC-STUDIO-NAME-001-135,CNT-DEC-STUDIO-NAME-001-068,market-research-director,quality-assurance-director,RECHECK_REQUIRED,FAIL,FAIL,PASS,INDEPENDENT_PAIR_MEMBER,NEEDS_RECHECK,2026-08-08,20:51:10+03:00,Direct HTTP review; redirect recorded in source register,NOT_APPLICABLE
SRC-DEC-STUDIO-NAME-001-136,CNT-DEC-STUDIO-NAME-001-068,market-research-director,quality-assurance-director,RECHECK_REQUIRED,FAIL,FAIL,PASS,UNRESOLVED,NEEDS_RECHECK,2026-08-08,20:51:10+03:00,Direct HTTP review; redirect recorded in source register,NOT_APPLICABLE
SRC-DEC-STUDIO-NAME-001-137,CNT-DEC-STUDIO-NAME-001-069,market-research-director,quality-assurance-director,RECHECK_REQUIRED,FAIL,FAIL,PASS,INDEPENDENT_PAIR_MEMBER,NEEDS_RECHECK,2026-08-08,20:51:10+03:00,Direct HTTP review; redirect recorded in source register,NOT_APPLICABLE
SRC-DEC-STUDIO-NAME-001-138,CNT-DEC-STUDIO-NAME-001-069,market-research-director,quality-assurance-director,RECHECK_REQUIRED,FAIL,FAIL,PASS,UNRESOLVED,NEEDS_RECHECK,2026-08-08,20:51:10+03:00,Direct HTTP review; redirect recorded in source register,NOT_APPLICABLE
SRC-DEC-STUDIO-NAME-001-139,CNT-DEC-STUDIO-NAME-001-070,market-research-director,quality-assurance-director,RECHECK_REQUIRED,FAIL,FAIL,PASS,INDEPENDENT_PAIR_MEMBER,NEEDS_RECHECK,2026-08-08,20:51:10+03:00,Direct HTTP review; redirect recorded in source register,NOT_APPLICABLE
SRC-DEC-STUDIO-NAME-001-140,CNT-DEC-STUDIO-NAME-001-070,market-research-director,quality-assurance-director,RECHECK_REQUIRED,FAIL,FAIL,PASS,UNRESOLVED,NEEDS_RECHECK,2026-08-08,20:51:10+03:00,Direct HTTP review; redirect recorded in source register,NOT_APPLICABLE
SRC-DEC-STUDIO-NAME-001-141,CNT-DEC-STUDIO-NAME-001-071,market-research-director,quality-assurance-director,RECHECK_REQUIRED,FAIL,FAIL,PASS,INDEPENDENT_PAIR_MEMBER,NEEDS_RECHECK,2026-08-08,20:51:10+03:00,Direct HTTP review; redirect recorded in source register,NOT_APPLICABLE
SRC-DEC-STUDIO-NAME-001-142,CNT-DEC-STUDIO-NAME-001-071,market-research-director,quality-assurance-director,RECHECK_REQUIRED,FAIL,FAIL,PASS,UNRESOLVED,NEEDS_RECHECK,2026-08-08,20:51:10+03:00,Direct HTTP review; redirect recorded in source register,NOT_APPLICABLE
SRC-DEC-STUDIO-NAME-001-143,CNT-DEC-STUDIO-NAME-001-072,market-research-director,quality-assurance-director,RECHECK_REQUIRED,FAIL,FAIL,PASS,INDEPENDENT_PAIR_MEMBER,NEEDS_RECHECK,2026-08-08,20:51:10+03:00,Direct HTTP review; redirect recorded in source register,NOT_APPLICABLE
SRC-DEC-STUDIO-NAME-001-144,CNT-DEC-STUDIO-NAME-001-072,market-research-director,quality-assurance-director,RECHECK_REQUIRED,FAIL,FAIL,PASS,UNRESOLVED,NEEDS_RECHECK,2026-08-08,20:51:10+03:00,Direct HTTP review; redirect recorded in source register,NOT_APPLICABLE
SRC-DEC-STUDIO-NAME-001-145,CNT-DEC-STUDIO-NAME-001-073,market-research-director,quality-assurance-director,RECHECK_REQUIRED,FAIL,FAIL,PASS,INDEPENDENT_PAIR_MEMBER,NEEDS_RECHECK,2026-08-08,20:51:10+03:00,Direct HTTP review; redirect recorded in source register,NOT_APPLICABLE
SRC-DEC-STUDIO-NAME-001-146,CNT-DEC-STUDIO-NAME-001-073,market-research-director,quality-assurance-director,RECHECK_REQUIRED,FAIL,FAIL,PASS,UNRESOLVED,NEEDS_RECHECK,2026-08-08,20:51:10+03:00,Direct HTTP review; redirect recorded in source register,NOT_APPLICABLE
SRC-DEC-STUDIO-NAME-001-147,CNT-DEC-STUDIO-NAME-001-074,market-research-director,quality-assurance-director,RECHECK_REQUIRED,FAIL,FAIL,PASS,INDEPENDENT_PAIR_MEMBER,NEEDS_RECHECK,2026-08-08,20:51:10+03:00,Direct HTTP review; redirect recorded in source register,NOT_APPLICABLE
SRC-DEC-STUDIO-NAME-001-148,CNT-DEC-STUDIO-NAME-001-074,market-research-director,quality-assurance-director,RECHECK_REQUIRED,FAIL,FAIL,PASS,UNRESOLVED,NEEDS_RECHECK,2026-08-08,20:51:10+03:00,Direct HTTP review; redirect recorded in source register,NOT_APPLICABLE
SRC-DEC-STUDIO-NAME-001-149,CNT-DEC-STUDIO-NAME-001-075,market-research-director,quality-assurance-director,RECHECK_REQUIRED,FAIL,FAIL,PASS,INDEPENDENT_PAIR_MEMBER,NEEDS_RECHECK,2026-08-08,20:51:10+03:00,Direct HTTP review; redirect recorded in source register,NOT_APPLICABLE
SRC-DEC-STUDIO-NAME-001-150,CNT-DEC-STUDIO-NAME-001-075,market-research-director,quality-assurance-director,RECHECK_REQUIRED,FAIL,FAIL,PASS,UNRESOLVED,NEEDS_RECHECK,2026-08-08,20:51:10+03:00,Direct HTTP review; redirect recorded in source register,NOT_APPLICABLE
SRC-DEC-STUDIO-NAME-001-151,CNT-DEC-STUDIO-NAME-001-076,market-research-director,quality-assurance-director,RECHECK_REQUIRED,FAIL,FAIL,PASS,INDEPENDENT_PAIR_MEMBER,NEEDS_RECHECK,2026-08-08,20:51:10+03:00,Direct HTTP review; redirect recorded in source register,NOT_APPLICABLE
SRC-DEC-STUDIO-NAME-001-152,CNT-DEC-STUDIO-NAME-001-076,market-research-director,quality-assurance-director,RECHECK_REQUIRED,FAIL,FAIL,PASS,UNRESOLVED,NEEDS_RECHECK,2026-08-08,20:51:10+03:00,Direct HTTP review; redirect recorded in source register,NOT_APPLICABLE
SRC-DEC-STUDIO-NAME-001-153,CNT-DEC-STUDIO-NAME-001-077,market-research-director,quality-assurance-director,RECHECK_REQUIRED,FAIL,FAIL,PASS,INDEPENDENT_PAIR_MEMBER,NEEDS_RECHECK,2026-08-08,20:51:10+03:00,Direct HTTP review; redirect recorded in source register,NOT_APPLICABLE
SRC-DEC-STUDIO-NAME-001-154,CNT-DEC-STUDIO-NAME-001-077,market-research-director,quality-assurance-director,RECHECK_REQUIRED,FAIL,FAIL,PASS,UNRESOLVED,NEEDS_RECHECK,2026-08-08,20:51:10+03:00,Direct HTTP review; redirect recorded in source register,NOT_APPLICABLE
SRC-DEC-STUDIO-NAME-001-155,CNT-DEC-STUDIO-NAME-001-078,market-research-director,quality-assurance-director,RECHECK_REQUIRED,FAIL,FAIL,PASS,INDEPENDENT_PAIR_MEMBER,NEEDS_RECHECK,2026-08-08,20:51:10+03:00,Direct HTTP review; redirect recorded in source register,NOT_APPLICABLE
SRC-DEC-STUDIO-NAME-001-156,CNT-DEC-STUDIO-NAME-001-078,market-research-director,quality-assurance-director,RECHECK_REQUIRED,FAIL,FAIL,PASS,UNRESOLVED,NEEDS_RECHECK,2026-08-08,20:51:10+03:00,Direct HTTP review; redirect recorded in source register,NOT_APPLICABLE
SRC-DEC-STUDIO-NAME-001-157,CNT-DEC-STUDIO-NAME-001-079,market-research-director,quality-assurance-director,RECHECK_REQUIRED,FAIL,FAIL,PASS,INDEPENDENT_PAIR_MEMBER,NEEDS_RECHECK,2026-08-08,20:51:10+03:00,Direct HTTP review; redirect recorded in source register,NOT_APPLICABLE
SRC-DEC-STUDIO-NAME-001-158,CNT-DEC-STUDIO-NAME-001-079,market-research-director,quality-assurance-director,RECHECK_REQUIRED,FAIL,FAIL,PASS,UNRESOLVED,NEEDS_RECHECK,2026-08-08,20:51:10+03:00,Direct HTTP review; redirect recorded in source register,NOT_APPLICABLE
SRC-DEC-STUDIO-NAME-001-159,CNT-DEC-STUDIO-NAME-001-080,market-research-director,quality-assurance-director,RECHECK_REQUIRED,FAIL,FAIL,PASS,INDEPENDENT_PAIR_MEMBER,NEEDS_RECHECK,2026-08-08,20:51:10+03:00,Direct HTTP review; redirect recorded in source register,NOT_APPLICABLE
SRC-DEC-STUDIO-NAME-001-160,CNT-DEC-STUDIO-NAME-001-080,market-research-director,quality-assurance-director,RECHECK_REQUIRED,FAIL,FAIL,PASS,UNRESOLVED,NEEDS_RECHECK,2026-08-08,20:51:10+03:00,Direct HTTP review; redirect recorded in source register,NOT_APPLICABLE
SRC-DEC-STUDIO-NAME-001-161,CNT-DEC-STUDIO-NAME-001-081,market-research-director,quality-assurance-director,RECHECK_REQUIRED,FAIL,FAIL,PASS,INDEPENDENT_PAIR_MEMBER,NEEDS_RECHECK,2026-08-08,20:51:10+03:00,Direct HTTP review; redirect recorded in source register,NOT_APPLICABLE
SRC-DEC-STUDIO-NAME-001-162,CNT-DEC-STUDIO-NAME-001-081,market-research-director,quality-assurance-director,RECHECK_REQUIRED,FAIL,FAIL,PASS,UNRESOLVED,NEEDS_RECHECK,2026-08-08,20:51:10+03:00,Direct HTTP review; redirect recorded in source register,NOT_APPLICABLE
SRC-DEC-STUDIO-NAME-001-163,CNT-DEC-STUDIO-NAME-001-082,market-research-director,quality-assurance-director,RECHECK_REQUIRED,FAIL,FAIL,PASS,INDEPENDENT_PAIR_MEMBER,NEEDS_RECHECK,2026-08-08,20:51:10+03:00,Direct HTTP review; redirect recorded in source register,NOT_APPLICABLE
SRC-DEC-STUDIO-NAME-001-164,CNT-DEC-STUDIO-NAME-001-082,market-research-director,quality-assurance-director,RECHECK_REQUIRED,FAIL,FAIL,PASS,UNRESOLVED,NEEDS_RECHECK,2026-08-08,20:51:10+03:00,Direct HTTP review; redirect recorded in source register,NOT_APPLICABLE
SRC-DEC-STUDIO-NAME-001-165,CNT-DEC-STUDIO-NAME-001-083,market-research-director,quality-assurance-director,RECHECK_REQUIRED,FAIL,FAIL,PASS,INDEPENDENT_PAIR_MEMBER,NEEDS_RECHECK,2026-08-08,20:51:10+03:00,Direct HTTP review; redirect recorded in source register,NOT_APPLICABLE
SRC-DEC-STUDIO-NAME-001-166,CNT-DEC-STUDIO-NAME-001-083,market-research-director,quality-assurance-director,RECHECK_REQUIRED,FAIL,FAIL,PASS,UNRESOLVED,NEEDS_RECHECK,2026-08-08,20:51:10+03:00,Direct HTTP review; redirect recorded in source register,NOT_APPLICABLE
SRC-DEC-STUDIO-NAME-001-167,CNT-DEC-STUDIO-NAME-001-084,market-research-director,quality-assurance-director,RECHECK_REQUIRED,FAIL,FAIL,PASS,INDEPENDENT_PAIR_MEMBER,NEEDS_RECHECK,2026-08-08,20:51:10+03:00,Direct HTTP review; redirect recorded in source register,NOT_APPLICABLE
SRC-DEC-STUDIO-NAME-001-168,CNT-DEC-STUDIO-NAME-001-084,market-research-director,quality-assurance-director,RECHECK_REQUIRED,FAIL,FAIL,PASS,UNRESOLVED,NEEDS_RECHECK,2026-08-08,20:51:10+03:00,Direct HTTP review; redirect recorded in source register,NOT_APPLICABLE
SRC-DEC-STUDIO-NAME-001-169,CNT-DEC-STUDIO-NAME-001-085,market-research-director,quality-assurance-director,RECHECK_REQUIRED,FAIL,FAIL,PASS,INDEPENDENT_PAIR_MEMBER,NEEDS_RECHECK,2026-08-08,20:51:10+03:00,Direct HTTP review; redirect recorded in source register,NOT_APPLICABLE
SRC-DEC-STUDIO-NAME-001-170,CNT-DEC-STUDIO-NAME-001-085,market-research-director,quality-assurance-director,RECHECK_REQUIRED,FAIL,FAIL,PASS,UNRESOLVED,NEEDS_RECHECK,2026-08-08,20:51:10+03:00,Direct HTTP review; redirect recorded in source register,NOT_APPLICABLE
SRC-DEC-STUDIO-NAME-001-171,CNT-DEC-STUDIO-NAME-001-086,market-research-director,quality-assurance-director,VERIFIED_ACCESSIBLE,PASS,PASS,PASS,INDEPENDENT_PAIR_MEMBER,REVIEWED,2026-08-08,20:51:10+03:00,Direct HTTP review; redirect recorded in source register,NOT_APPLICABLE
SRC-DEC-STUDIO-NAME-001-172,CNT-DEC-STUDIO-NAME-001-086,market-research-director,quality-assurance-director,RECHECK_REQUIRED,FAIL,FAIL,PASS,UNRESOLVED,NEEDS_RECHECK,2026-08-08,20:51:10+03:00,Direct HTTP review; redirect recorded in source register,NOT_APPLICABLE
SRC-DEC-STUDIO-NAME-001-173,CNT-DEC-STUDIO-NAME-001-087,market-research-director,quality-assurance-director,RECHECK_REQUIRED,FAIL,FAIL,PASS,INDEPENDENT_PAIR_MEMBER,NEEDS_RECHECK,2026-08-08,20:51:10+03:00,Direct HTTP review; redirect recorded in source register,NOT_APPLICABLE
SRC-DEC-STUDIO-NAME-001-174,CNT-DEC-STUDIO-NAME-001-087,market-research-director,quality-assurance-director,RECHECK_REQUIRED,FAIL,FAIL,PASS,UNRESOLVED,NEEDS_RECHECK,2026-08-08,20:51:10+03:00,Direct HTTP review; redirect recorded in source register,NOT_APPLICABLE
SRC-DEC-STUDIO-NAME-001-175,CNT-DEC-STUDIO-NAME-001-088,market-research-director,quality-assurance-director,RECHECK_REQUIRED,FAIL,FAIL,PASS,INDEPENDENT_PAIR_MEMBER,NEEDS_RECHECK,2026-08-08,20:51:10+03:00,Direct HTTP review; redirect recorded in source register,NOT_APPLICABLE
SRC-DEC-STUDIO-NAME-001-176,CNT-DEC-STUDIO-NAME-001-088,market-research-director,quality-assurance-director,RECHECK_REQUIRED,FAIL,FAIL,PASS,UNRESOLVED,NEEDS_RECHECK,2026-08-08,20:51:10+03:00,Direct HTTP review; redirect recorded in source register,NOT_APPLICABLE
SRC-DEC-STUDIO-NAME-001-177,CNT-DEC-STUDIO-NAME-001-089,market-research-director,quality-assurance-director,RECHECK_REQUIRED,FAIL,FAIL,PASS,INDEPENDENT_PAIR_MEMBER,NEEDS_RECHECK,2026-08-08,20:51:10+03:00,Direct HTTP review; redirect recorded in source register,NOT_APPLICABLE
SRC-DEC-STUDIO-NAME-001-178,CNT-DEC-STUDIO-NAME-001-089,market-research-director,quality-assurance-director,RECHECK_REQUIRED,FAIL,FAIL,PASS,UNRESOLVED,NEEDS_RECHECK,2026-08-08,20:51:10+03:00,Direct HTTP review; redirect recorded in source register,NOT_APPLICABLE
SRC-DEC-STUDIO-NAME-001-179,CNT-DEC-STUDIO-NAME-001-090,market-research-director,quality-assurance-director,RECHECK_REQUIRED,FAIL,FAIL,PASS,INDEPENDENT_PAIR_MEMBER,NEEDS_RECHECK,2026-08-08,20:51:10+03:00,Direct HTTP review; redirect recorded in source register,NOT_APPLICABLE
SRC-DEC-STUDIO-NAME-001-180,CNT-DEC-STUDIO-NAME-001-090,market-research-director,quality-assurance-director,RECHECK_REQUIRED,FAIL,FAIL,PASS,UNRESOLVED,NEEDS_RECHECK,2026-08-08,20:51:10+03:00,Direct HTTP review; redirect recorded in source register,NOT_APPLICABLE
SRC-DEC-STUDIO-NAME-001-181,CNT-DEC-STUDIO-NAME-001-091,market-research-director,quality-assurance-director,RECHECK_REQUIRED,FAIL,FAIL,PASS,INDEPENDENT_PAIR_MEMBER,NEEDS_RECHECK,2026-08-08,20:51:10+03:00,Direct HTTP review; redirect recorded in source register,NOT_APPLICABLE
SRC-DEC-STUDIO-NAME-001-182,CNT-DEC-STUDIO-NAME-001-091,market-research-director,quality-assurance-director,RECHECK_REQUIRED,FAIL,FAIL,PASS,UNRESOLVED,NEEDS_RECHECK,2026-08-08,20:51:10+03:00,Direct HTTP review; redirect recorded in source register,NOT_APPLICABLE
SRC-DEC-STUDIO-NAME-001-183,CNT-DEC-STUDIO-NAME-001-092,market-research-director,quality-assurance-director,RECHECK_REQUIRED,FAIL,FAIL,PASS,INDEPENDENT_PAIR_MEMBER,NEEDS_RECHECK,2026-08-08,20:51:10+03:00,Direct HTTP review; redirect recorded in source register,NOT_APPLICABLE
SRC-DEC-STUDIO-NAME-001-184,CNT-DEC-STUDIO-NAME-001-092,market-research-director,quality-assurance-director,RECHECK_REQUIRED,FAIL,FAIL,PASS,UNRESOLVED,NEEDS_RECHECK,2026-08-08,20:51:10+03:00,Direct HTTP review; redirect recorded in source register,NOT_APPLICABLE
SRC-DEC-STUDIO-NAME-001-185,CNT-DEC-STUDIO-NAME-001-093,market-research-director,quality-assurance-director,RECHECK_REQUIRED,FAIL,FAIL,PASS,INDEPENDENT_PAIR_MEMBER,NEEDS_RECHECK,2026-08-08,20:51:10+03:00,Direct HTTP review; redirect recorded in source register,NOT_APPLICABLE
SRC-DEC-STUDIO-NAME-001-186,CNT-DEC-STUDIO-NAME-001-093,market-research-director,quality-assurance-director,RECHECK_REQUIRED,FAIL,FAIL,PASS,UNRESOLVED,NEEDS_RECHECK,2026-08-08,20:51:10+03:00,Direct HTTP review; redirect recorded in source register,NOT_APPLICABLE
SRC-DEC-STUDIO-NAME-001-187,CNT-DEC-STUDIO-NAME-001-094,market-research-director,quality-assurance-director,RECHECK_REQUIRED,FAIL,FAIL,PASS,INDEPENDENT_PAIR_MEMBER,NEEDS_RECHECK,2026-08-08,20:51:10+03:00,Direct HTTP review; redirect recorded in source register,NOT_APPLICABLE
SRC-DEC-STUDIO-NAME-001-188,CNT-DEC-STUDIO-NAME-001-094,market-research-director,quality-assurance-director,RECHECK_REQUIRED,FAIL,FAIL,PASS,UNRESOLVED,NEEDS_RECHECK,2026-08-08,20:51:10+03:00,Direct HTTP review; redirect recorded in source register,NOT_APPLICABLE
SRC-DEC-STUDIO-NAME-001-189,CNT-DEC-STUDIO-NAME-001-095,market-research-director,quality-assurance-director,RECHECK_REQUIRED,FAIL,FAIL,PASS,INDEPENDENT_PAIR_MEMBER,NEEDS_RECHECK,2026-08-08,20:51:10+03:00,Direct HTTP review; redirect recorded in source register,NOT_APPLICABLE
SRC-DEC-STUDIO-NAME-001-190,CNT-DEC-STUDIO-NAME-001-095,market-research-director,quality-assurance-director,RECHECK_REQUIRED,FAIL,FAIL,PASS,UNRESOLVED,NEEDS_RECHECK,2026-08-08,20:51:10+03:00,Direct HTTP review; redirect recorded in source register,NOT_APPLICABLE
SRC-DEC-STUDIO-NAME-001-191,CNT-DEC-STUDIO-NAME-001-096,market-research-director,quality-assurance-director,RECHECK_REQUIRED,FAIL,FAIL,PASS,INDEPENDENT_PAIR_MEMBER,NEEDS_RECHECK,2026-08-08,20:51:10+03:00,Direct HTTP review; redirect recorded in source register,NOT_APPLICABLE
SRC-DEC-STUDIO-NAME-001-192,CNT-DEC-STUDIO-NAME-001-096,market-research-director,quality-assurance-director,RECHECK_REQUIRED,FAIL,FAIL,PASS,UNRESOLVED,NEEDS_RECHECK,2026-08-08,20:51:10+03:00,Direct HTTP review; redirect recorded in source register,NOT_APPLICABLE
SRC-DEC-STUDIO-NAME-001-193,CNT-DEC-STUDIO-NAME-001-097,market-research-director,quality-assurance-director,RECHECK_REQUIRED,FAIL,FAIL,PASS,INDEPENDENT_PAIR_MEMBER,NEEDS_RECHECK,2026-08-08,20:51:10+03:00,Direct HTTP review; redirect recorded in source register,NOT_APPLICABLE
SRC-DEC-STUDIO-NAME-001-194,CNT-DEC-STUDIO-NAME-001-097,market-research-director,quality-assurance-director,RECHECK_REQUIRED,FAIL,FAIL,PASS,UNRESOLVED,NEEDS_RECHECK,2026-08-08,20:51:10+03:00,Direct HTTP review; redirect recorded in source register,NOT_APPLICABLE
SRC-DEC-STUDIO-NAME-001-195,CNT-DEC-STUDIO-NAME-001-098,market-research-director,quality-assurance-director,VERIFIED_ACCESSIBLE,PASS,PASS,PASS,INDEPENDENT_PAIR_MEMBER,REVIEWED,2026-08-08,20:51:10+03:00,Direct HTTP review; redirect recorded in source register,NOT_APPLICABLE
SRC-DEC-STUDIO-NAME-001-196,CNT-DEC-STUDIO-NAME-001-098,market-research-director,quality-assurance-director,RECHECK_REQUIRED,FAIL,FAIL,PASS,UNRESOLVED,NEEDS_RECHECK,2026-08-08,20:51:10+03:00,Direct HTTP review; redirect recorded in source register,NOT_APPLICABLE
SRC-DEC-STUDIO-NAME-001-197,CNT-DEC-STUDIO-NAME-001-099,market-research-director,quality-assurance-director,RECHECK_REQUIRED,FAIL,FAIL,PASS,INDEPENDENT_PAIR_MEMBER,NEEDS_RECHECK,2026-08-08,20:51:10+03:00,Direct HTTP review; redirect recorded in source register,NOT_APPLICABLE
SRC-DEC-STUDIO-NAME-001-198,CNT-DEC-STUDIO-NAME-001-099,market-research-director,quality-assurance-director,RECHECK_REQUIRED,FAIL,FAIL,PASS,UNRESOLVED,NEEDS_RECHECK,2026-08-08,20:51:10+03:00,Direct HTTP review; redirect recorded in source register,NOT_APPLICABLE
SRC-DEC-STUDIO-NAME-001-199,CNT-DEC-STUDIO-NAME-001-100,market-research-director,quality-assurance-director,RECHECK_REQUIRED,FAIL,FAIL,PASS,INDEPENDENT_PAIR_MEMBER,NEEDS_RECHECK,2026-08-08,20:51:10+03:00,Direct HTTP review; redirect recorded in source register,NOT_APPLICABLE
SRC-DEC-STUDIO-NAME-001-200,CNT-DEC-STUDIO-NAME-001-100,market-research-director,quality-assurance-director,RECHECK_REQUIRED,FAIL,FAIL,PASS,UNRESOLVED,NEEDS_RECHECK,2026-08-08,20:51:10+03:00,Direct HTTP review; redirect recorded in source register,NOT_APPLICABLE
SRC-DEC-STUDIO-NAME-001-201,CNT-DEC-STUDIO-NAME-001-101,market-research-director,quality-assurance-director,RECHECK_REQUIRED,FAIL,FAIL,PASS,INDEPENDENT_PAIR_MEMBER,NEEDS_RECHECK,2026-08-08,20:51:10+03:00,Direct HTTP review; redirect recorded in source register,NOT_APPLICABLE
SRC-DEC-STUDIO-NAME-001-202,CNT-DEC-STUDIO-NAME-001-101,market-research-director,quality-assurance-director,RECHECK_REQUIRED,FAIL,FAIL,PASS,UNRESOLVED,NEEDS_RECHECK,2026-08-08,20:51:10+03:00,Direct HTTP review; redirect recorded in source register,NOT_APPLICABLE
SRC-DEC-STUDIO-NAME-001-203,CNT-DEC-STUDIO-NAME-001-102,market-research-director,quality-assurance-director,RECHECK_REQUIRED,FAIL,FAIL,PASS,INDEPENDENT_PAIR_MEMBER,NEEDS_RECHECK,2026-08-08,20:51:10+03:00,Direct HTTP review; redirect recorded in source register,NOT_APPLICABLE
SRC-DEC-STUDIO-NAME-001-204,CNT-DEC-STUDIO-NAME-001-102,market-research-director,quality-assurance-director,RECHECK_REQUIRED,FAIL,FAIL,PASS,UNRESOLVED,NEEDS_RECHECK,2026-08-08,20:51:10+03:00,Direct HTTP review; redirect recorded in source register,NOT_APPLICABLE
SRC-DEC-STUDIO-NAME-001-205,CNT-DEC-STUDIO-NAME-001-103,market-research-director,quality-assurance-director,RECHECK_REQUIRED,FAIL,FAIL,PASS,INDEPENDENT_PAIR_MEMBER,NEEDS_RECHECK,2026-08-08,20:51:10+03:00,Direct HTTP review; redirect recorded in source register,NOT_APPLICABLE
SRC-DEC-STUDIO-NAME-001-206,CNT-DEC-STUDIO-NAME-001-103,market-research-director,quality-assurance-director,RECHECK_REQUIRED,FAIL,FAIL,PASS,UNRESOLVED,NEEDS_RECHECK,2026-08-08,20:51:10+03:00,Direct HTTP review; redirect recorded in source register,NOT_APPLICABLE
SRC-DEC-STUDIO-NAME-001-207,CNT-DEC-STUDIO-NAME-001-104,market-research-director,quality-assurance-director,RECHECK_REQUIRED,FAIL,FAIL,PASS,INDEPENDENT_PAIR_MEMBER,NEEDS_RECHECK,2026-08-08,20:51:10+03:00,Direct HTTP review; redirect recorded in source register,NOT_APPLICABLE
SRC-DEC-STUDIO-NAME-001-208,CNT-DEC-STUDIO-NAME-001-104,market-research-director,quality-assurance-director,RECHECK_REQUIRED,FAIL,FAIL,PASS,UNRESOLVED,NEEDS_RECHECK,2026-08-08,20:51:10+03:00,Direct HTTP review; redirect recorded in source register,NOT_APPLICABLE
SRC-DEC-STUDIO-NAME-001-209,CNT-DEC-STUDIO-NAME-001-105,market-research-director,quality-assurance-director,RECHECK_REQUIRED,FAIL,FAIL,PASS,INDEPENDENT_PAIR_MEMBER,NEEDS_RECHECK,2026-08-08,20:51:10+03:00,Direct HTTP review; redirect recorded in source register,NOT_APPLICABLE
SRC-DEC-STUDIO-NAME-001-210,CNT-DEC-STUDIO-NAME-001-105,market-research-director,quality-assurance-director,RECHECK_REQUIRED,FAIL,FAIL,PASS,UNRESOLVED,NEEDS_RECHECK,2026-08-08,20:51:10+03:00,Direct HTTP review; redirect recorded in source register,NOT_APPLICABLE
SRC-DEC-STUDIO-NAME-001-211,CNT-DEC-STUDIO-NAME-001-106,market-research-director,quality-assurance-director,VERIFIED_ACCESSIBLE,PASS,PASS,PASS,INDEPENDENT_PAIR_MEMBER,REVIEWED,2026-08-08,20:51:10+03:00,Direct HTTP review; redirect recorded in source register,NOT_APPLICABLE
SRC-DEC-STUDIO-NAME-001-212,CNT-DEC-STUDIO-NAME-001-106,market-research-director,quality-assurance-director,VERIFIED_WITH_REDIRECT,FAIL,FAIL,PASS,UNRESOLVED,NEEDS_RECHECK,2026-08-08,20:51:10+03:00,Direct HTTP review; redirect recorded in source register,NOT_APPLICABLE
SRC-DEC-STUDIO-NAME-001-213,CNT-DEC-STUDIO-NAME-001-107,market-research-director,quality-assurance-director,RECHECK_REQUIRED,FAIL,FAIL,PASS,INDEPENDENT_PAIR_MEMBER,NEEDS_RECHECK,2026-08-08,20:51:10+03:00,Direct HTTP review; redirect recorded in source register,NOT_APPLICABLE
SRC-DEC-STUDIO-NAME-001-214,CNT-DEC-STUDIO-NAME-001-107,market-research-director,quality-assurance-director,RECHECK_REQUIRED,FAIL,FAIL,PASS,INDEPENDENT_FROM_SUBJECT,NEEDS_RECHECK,2026-08-08,20:51:10+03:00,Direct HTTP review; redirect recorded in source register,NOT_APPLICABLE
SRC-DEC-STUDIO-NAME-001-215,CNT-DEC-STUDIO-NAME-001-108,market-research-director,quality-assurance-director,RECHECK_REQUIRED,FAIL,FAIL,PASS,INDEPENDENT_PAIR_MEMBER,NEEDS_RECHECK,2026-08-08,20:51:10+03:00,Direct HTTP review; redirect recorded in source register,NOT_APPLICABLE
SRC-DEC-STUDIO-NAME-001-216,CNT-DEC-STUDIO-NAME-001-108,market-research-director,quality-assurance-director,RECHECK_REQUIRED,FAIL,FAIL,PASS,UNRESOLVED,NEEDS_RECHECK,2026-08-08,20:51:10+03:00,Direct HTTP review; redirect recorded in source register,NOT_APPLICABLE
SRC-DEC-STUDIO-NAME-001-217,CNT-DEC-STUDIO-NAME-001-109,market-research-director,quality-assurance-director,RECHECK_REQUIRED,FAIL,FAIL,PASS,INDEPENDENT_PAIR_MEMBER,NEEDS_RECHECK,2026-08-08,20:51:10+03:00,Direct HTTP review; redirect recorded in source register,NOT_APPLICABLE
SRC-DEC-STUDIO-NAME-001-218,CNT-DEC-STUDIO-NAME-001-109,market-research-director,quality-assurance-director,RECHECK_REQUIRED,FAIL,FAIL,PASS,UNRESOLVED,NEEDS_RECHECK,2026-08-08,20:51:10+03:00,Direct HTTP review; redirect recorded in source register,NOT_APPLICABLE
SRC-DEC-STUDIO-NAME-001-219,CNT-DEC-STUDIO-NAME-001-110,market-research-director,quality-assurance-director,RECHECK_REQUIRED,FAIL,FAIL,PASS,INDEPENDENT_PAIR_MEMBER,NEEDS_RECHECK,2026-08-08,20:51:10+03:00,Direct HTTP review; redirect recorded in source register,NOT_APPLICABLE
SRC-DEC-STUDIO-NAME-001-220,CNT-DEC-STUDIO-NAME-001-110,market-research-director,quality-assurance-director,RECHECK_REQUIRED,FAIL,FAIL,PASS,UNRESOLVED,NEEDS_RECHECK,2026-08-08,20:51:10+03:00,Direct HTTP review; redirect recorded in source register,NOT_APPLICABLE
SRC-DEC-STUDIO-NAME-001-221,CNT-DEC-STUDIO-NAME-001-111,market-research-director,quality-assurance-director,RECHECK_REQUIRED,FAIL,FAIL,PASS,INDEPENDENT_PAIR_MEMBER,NEEDS_RECHECK,2026-08-08,20:51:10+03:00,Direct HTTP review; redirect recorded in source register,NOT_APPLICABLE
SRC-DEC-STUDIO-NAME-001-222,CNT-DEC-STUDIO-NAME-001-111,market-research-director,quality-assurance-director,RECHECK_REQUIRED,FAIL,FAIL,PASS,UNRESOLVED,NEEDS_RECHECK,2026-08-08,20:51:10+03:00,Direct HTTP review; redirect recorded in source register,NOT_APPLICABLE
SRC-DEC-STUDIO-NAME-001-223,CNT-DEC-STUDIO-NAME-001-112,market-research-director,quality-assurance-director,RECHECK_REQUIRED,FAIL,FAIL,PASS,INDEPENDENT_PAIR_MEMBER,NEEDS_RECHECK,2026-08-08,20:51:10+03:00,Direct HTTP review; redirect recorded in source register,NOT_APPLICABLE
SRC-DEC-STUDIO-NAME-001-224,CNT-DEC-STUDIO-NAME-001-112,market-research-director,quality-assurance-director,RECHECK_REQUIRED,FAIL,FAIL,PASS,UNRESOLVED,NEEDS_RECHECK,2026-08-08,20:51:10+03:00,Direct HTTP review; redirect recorded in source register,NOT_APPLICABLE
SRC-DEC-STUDIO-NAME-001-225,CNT-DEC-STUDIO-NAME-001-113,market-research-director,quality-assurance-director,RECHECK_REQUIRED,FAIL,FAIL,PASS,INDEPENDENT_PAIR_MEMBER,NEEDS_RECHECK,2026-08-08,20:51:10+03:00,Direct HTTP review; redirect recorded in source register,NOT_APPLICABLE
SRC-DEC-STUDIO-NAME-001-226,CNT-DEC-STUDIO-NAME-001-113,market-research-director,quality-assurance-director,RECHECK_REQUIRED,FAIL,FAIL,PASS,UNRESOLVED,NEEDS_RECHECK,2026-08-08,20:51:10+03:00,Direct HTTP review; redirect recorded in source register,NOT_APPLICABLE
SRC-DEC-STUDIO-NAME-001-227,CNT-DEC-STUDIO-NAME-001-114,market-research-director,quality-assurance-director,RECHECK_REQUIRED,FAIL,FAIL,PASS,INDEPENDENT_PAIR_MEMBER,NEEDS_RECHECK,2026-08-08,20:51:10+03:00,Direct HTTP review; redirect recorded in source register,NOT_APPLICABLE
SRC-DEC-STUDIO-NAME-001-228,CNT-DEC-STUDIO-NAME-001-114,market-research-director,quality-assurance-director,RECHECK_REQUIRED,FAIL,FAIL,PASS,UNRESOLVED,NEEDS_RECHECK,2026-08-08,20:51:10+03:00,Direct HTTP review; redirect recorded in source register,NOT_APPLICABLE
SRC-DEC-STUDIO-NAME-001-229,CNT-DEC-STUDIO-NAME-001-115,market-research-director,quality-assurance-director,VERIFIED_ACCESSIBLE,PASS,PASS,PASS,INDEPENDENT_PAIR_MEMBER,REVIEWED,2026-08-08,20:51:10+03:00,Direct HTTP review; redirect recorded in source register,NOT_APPLICABLE
SRC-DEC-STUDIO-NAME-001-230,CNT-DEC-STUDIO-NAME-001-115,market-research-director,quality-assurance-director,VERIFIED_ACCESSIBLE,FAIL,FAIL,PASS,UNRESOLVED,NEEDS_RECHECK,2026-08-08,20:51:10+03:00,Direct HTTP review; redirect recorded in source register,NOT_APPLICABLE
SRC-DEC-STUDIO-NAME-001-231,CNT-DEC-STUDIO-NAME-001-116,market-research-director,quality-assurance-director,VERIFIED_ACCESSIBLE,PASS,PASS,PASS,INDEPENDENT_PAIR_MEMBER,REVIEWED,2026-08-08,20:51:10+03:00,Direct HTTP review; redirect recorded in source register,NOT_APPLICABLE
SRC-DEC-STUDIO-NAME-001-232,CNT-DEC-STUDIO-NAME-001-116,market-research-director,quality-assurance-director,RECHECK_REQUIRED,FAIL,FAIL,PASS,UNRESOLVED,NEEDS_RECHECK,2026-08-08,20:51:10+03:00,Direct HTTP review; redirect recorded in source register,NOT_APPLICABLE
SRC-DEC-STUDIO-NAME-001-233,CNT-DEC-STUDIO-NAME-001-117,market-research-director,quality-assurance-director,RECHECK_REQUIRED,FAIL,FAIL,PASS,INDEPENDENT_PAIR_MEMBER,NEEDS_RECHECK,2026-08-08,20:51:10+03:00,Direct HTTP review; redirect recorded in source register,NOT_APPLICABLE
SRC-DEC-STUDIO-NAME-001-234,CNT-DEC-STUDIO-NAME-001-117,market-research-director,quality-assurance-director,RECHECK_REQUIRED,FAIL,FAIL,PASS,UNRESOLVED,NEEDS_RECHECK,2026-08-08,20:51:10+03:00,Direct HTTP review; redirect recorded in source register,NOT_APPLICABLE
SRC-DEC-STUDIO-NAME-001-235,CNT-DEC-STUDIO-NAME-001-118,market-research-director,quality-assurance-director,VERIFIED_ACCESSIBLE,PASS,PASS,PASS,INDEPENDENT_PAIR_MEMBER,REVIEWED,2026-08-08,20:51:10+03:00,Direct HTTP review; redirect recorded in source register,NOT_APPLICABLE
SRC-DEC-STUDIO-NAME-001-236,CNT-DEC-STUDIO-NAME-001-118,market-research-director,quality-assurance-director,VERIFIED_ACCESSIBLE,FAIL,FAIL,PASS,UNRESOLVED,NEEDS_RECHECK,2026-08-08,20:51:10+03:00,Direct HTTP review; redirect recorded in source register,NOT_APPLICABLE
SRC-DEC-STUDIO-NAME-001-237,CNT-DEC-STUDIO-NAME-001-119,market-research-director,quality-assurance-director,RECHECK_REQUIRED,FAIL,FAIL,PASS,INDEPENDENT_PAIR_MEMBER,NEEDS_RECHECK,2026-08-08,20:51:10+03:00,Direct HTTP review; redirect recorded in source register,NOT_APPLICABLE
SRC-DEC-STUDIO-NAME-001-238,CNT-DEC-STUDIO-NAME-001-119,market-research-director,quality-assurance-director,VERIFIED_ACCESSIBLE,FAIL,FAIL,PASS,UNRESOLVED,NEEDS_RECHECK,2026-08-08,20:51:10+03:00,Direct HTTP review; redirect recorded in source register,NOT_APPLICABLE
SRC-DEC-STUDIO-NAME-001-239,CNT-DEC-STUDIO-NAME-001-120,market-research-director,quality-assurance-director,RECHECK_REQUIRED,FAIL,FAIL,PASS,INDEPENDENT_PAIR_MEMBER,NEEDS_RECHECK,2026-08-08,20:51:10+03:00,Direct HTTP review; redirect recorded in source register,NOT_APPLICABLE
SRC-DEC-STUDIO-NAME-001-240,CNT-DEC-STUDIO-NAME-001-120,market-research-director,quality-assurance-director,RECHECK_REQUIRED,FAIL,FAIL,PASS,UNRESOLVED,NEEDS_RECHECK,2026-08-08,20:51:10+03:00,Direct HTTP review; redirect recorded in source register,NOT_APPLICABLE
SRC-DEC-STUDIO-NAME-001-241,CNT-DEC-STUDIO-NAME-001-121,market-research-director,quality-assurance-director,RECHECK_REQUIRED,FAIL,FAIL,PASS,INDEPENDENT_PAIR_MEMBER,NEEDS_RECHECK,2026-08-08,20:51:10+03:00,Direct HTTP review; redirect recorded in source register,NOT_APPLICABLE
SRC-DEC-STUDIO-NAME-001-242,CNT-DEC-STUDIO-NAME-001-121,market-research-director,quality-assurance-director,RECHECK_REQUIRED,FAIL,FAIL,PASS,UNRESOLVED,NEEDS_RECHECK,2026-08-08,20:51:10+03:00,Direct HTTP review; redirect recorded in source register,NOT_APPLICABLE
SRC-DEC-STUDIO-NAME-001-243,CNT-DEC-STUDIO-NAME-001-122,market-research-director,quality-assurance-director,VERIFIED_ACCESSIBLE,PASS,PASS,PASS,INDEPENDENT_PAIR_MEMBER,REVIEWED,2026-08-08,20:51:10+03:00,Direct HTTP review; redirect recorded in source register,NOT_APPLICABLE
SRC-DEC-STUDIO-NAME-001-244,CNT-DEC-STUDIO-NAME-001-122,market-research-director,quality-assurance-director,BROKEN_LINK,FAIL,FAIL,PASS,UNRESOLVED,REJECTED,2026-08-08,20:51:10+03:00,Direct HTTP review; redirect recorded in source register,NOT_APPLICABLE
SRC-DEC-STUDIO-NAME-001-245,CNT-DEC-STUDIO-NAME-001-123,market-research-director,quality-assurance-director,RECHECK_REQUIRED,FAIL,FAIL,PASS,INDEPENDENT_PAIR_MEMBER,NEEDS_RECHECK,2026-08-08,20:51:10+03:00,Direct HTTP review; redirect recorded in source register,NOT_APPLICABLE
SRC-DEC-STUDIO-NAME-001-246,CNT-DEC-STUDIO-NAME-001-123,market-research-director,quality-assurance-director,RECHECK_REQUIRED,FAIL,FAIL,PASS,UNRESOLVED,NEEDS_RECHECK,2026-08-08,20:51:10+03:00,Direct HTTP review; redirect recorded in source register,NOT_APPLICABLE
SRC-DEC-STUDIO-NAME-001-247,CNT-DEC-STUDIO-NAME-001-124,market-research-director,quality-assurance-director,RECHECK_REQUIRED,FAIL,FAIL,PASS,INDEPENDENT_PAIR_MEMBER,NEEDS_RECHECK,2026-08-08,20:51:10+03:00,Direct HTTP review; redirect recorded in source register,NOT_APPLICABLE
SRC-DEC-STUDIO-NAME-001-248,CNT-DEC-STUDIO-NAME-001-124,market-research-director,quality-assurance-director,RECHECK_REQUIRED,FAIL,FAIL,PASS,UNRESOLVED,NEEDS_RECHECK,2026-08-08,20:51:10+03:00,Direct HTTP review; redirect recorded in source register,NOT_APPLICABLE
SRC-DEC-STUDIO-NAME-001-249,CNT-DEC-STUDIO-NAME-001-125,market-research-director,quality-assurance-director,RECHECK_REQUIRED,FAIL,FAIL,PASS,INDEPENDENT_PAIR_MEMBER,NEEDS_RECHECK,2026-08-08,20:51:10+03:00,Direct HTTP review; redirect recorded in source register,NOT_APPLICABLE
SRC-DEC-STUDIO-NAME-001-250,CNT-DEC-STUDIO-NAME-001-125,market-research-director,quality-assurance-director,RECHECK_REQUIRED,FAIL,FAIL,PASS,UNRESOLVED,NEEDS_RECHECK,2026-08-08,20:51:10+03:00,Direct HTTP review; redirect recorded in source register,NOT_APPLICABLE
SRC-DEC-STUDIO-NAME-001-251,CNT-DEC-STUDIO-NAME-001-126,market-research-director,quality-assurance-director,ACCESS_BLOCKED,FAIL,FAIL,PASS,INDEPENDENT_PAIR_MEMBER,REJECTED,2026-08-08,20:51:10+03:00,Direct HTTP review; redirect recorded in source register,NOT_APPLICABLE
SRC-DEC-STUDIO-NAME-001-252,CNT-DEC-STUDIO-NAME-001-126,market-research-director,quality-assurance-director,RECHECK_REQUIRED,FAIL,FAIL,PASS,UNRESOLVED,NEEDS_RECHECK,2026-08-08,20:51:10+03:00,Direct HTTP review; redirect recorded in source register,NOT_APPLICABLE
SRC-DEC-STUDIO-NAME-001-253,CNT-DEC-STUDIO-NAME-001-127,market-research-director,quality-assurance-director,RECHECK_REQUIRED,FAIL,FAIL,PASS,INDEPENDENT_PAIR_MEMBER,NEEDS_RECHECK,2026-08-08,20:51:10+03:00,Direct HTTP review; redirect recorded in source register,NOT_APPLICABLE
SRC-DEC-STUDIO-NAME-001-254,CNT-DEC-STUDIO-NAME-001-127,market-research-director,quality-assurance-director,RECHECK_REQUIRED,FAIL,FAIL,PASS,UNRESOLVED,NEEDS_RECHECK,2026-08-08,20:51:10+03:00,Direct HTTP review; redirect recorded in source register,NOT_APPLICABLE
SRC-DEC-STUDIO-NAME-001-255,CNT-DEC-STUDIO-NAME-001-128,market-research-director,quality-assurance-director,VERIFIED_ACCESSIBLE,PASS,PASS,PASS,INDEPENDENT_PAIR_MEMBER,REVIEWED,2026-08-08,20:51:10+03:00,Direct HTTP review; redirect recorded in source register,NOT_APPLICABLE
SRC-DEC-STUDIO-NAME-001-256,CNT-DEC-STUDIO-NAME-001-128,market-research-director,quality-assurance-director,BROKEN_LINK,FAIL,FAIL,PASS,UNRESOLVED,REJECTED,2026-08-08,20:51:10+03:00,Direct HTTP review; redirect recorded in source register,NOT_APPLICABLE
SRC-DEC-STUDIO-NAME-001-257,CNT-DEC-STUDIO-NAME-001-129,market-research-director,quality-assurance-director,RECHECK_REQUIRED,FAIL,FAIL,PASS,INDEPENDENT_PAIR_MEMBER,NEEDS_RECHECK,2026-08-08,20:51:10+03:00,Direct HTTP review; redirect recorded in source register,NOT_APPLICABLE
SRC-DEC-STUDIO-NAME-001-258,CNT-DEC-STUDIO-NAME-001-129,market-research-director,quality-assurance-director,RECHECK_REQUIRED,FAIL,FAIL,PASS,UNRESOLVED,NEEDS_RECHECK,2026-08-08,20:51:10+03:00,Direct HTTP review; redirect recorded in source register,NOT_APPLICABLE
SRC-DEC-STUDIO-NAME-001-259,CNT-DEC-STUDIO-NAME-001-130,market-research-director,quality-assurance-director,VERIFIED_WITH_REDIRECT,PASS,PASS,PASS,INDEPENDENT_PAIR_MEMBER,REVIEWED,2026-08-08,20:51:10+03:00,Direct HTTP review; redirect recorded in source register,NOT_APPLICABLE
SRC-DEC-STUDIO-NAME-001-260,CNT-DEC-STUDIO-NAME-001-130,market-research-director,quality-assurance-director,VERIFIED_WITH_REDIRECT,FAIL,FAIL,PASS,UNRESOLVED,NEEDS_RECHECK,2026-08-08,20:51:10+03:00,Direct HTTP review; redirect recorded in source register,NOT_APPLICABLE
SRC-DEC-STUDIO-NAME-001-261,CNT-DEC-STUDIO-NAME-001-131,market-research-director,quality-assurance-director,VERIFIED_ACCESSIBLE,PASS,PASS,PASS,INDEPENDENT_PAIR_MEMBER,REVIEWED,2026-08-08,20:51:10+03:00,Direct HTTP review; redirect recorded in source register,NOT_APPLICABLE
SRC-DEC-STUDIO-NAME-001-262,CNT-DEC-STUDIO-NAME-001-131,market-research-director,quality-assurance-director,VERIFIED_ACCESSIBLE,FAIL,FAIL,PASS,UNRESOLVED,NEEDS_RECHECK,2026-08-08,20:51:10+03:00,Direct HTTP review; redirect recorded in source register,NOT_APPLICABLE
SRC-DEC-STUDIO-NAME-001-263,CNT-DEC-STUDIO-NAME-001-132,market-research-director,quality-assurance-director,RECHECK_REQUIRED,FAIL,FAIL,PASS,INDEPENDENT_PAIR_MEMBER,NEEDS_RECHECK,2026-08-08,20:51:10+03:00,Direct HTTP review; redirect recorded in source register,NOT_APPLICABLE
SRC-DEC-STUDIO-NAME-001-264,CNT-DEC-STUDIO-NAME-001-132,market-research-director,quality-assurance-director,RECHECK_REQUIRED,FAIL,FAIL,PASS,UNRESOLVED,NEEDS_RECHECK,2026-08-08,20:51:10+03:00,Direct HTTP review; redirect recorded in source register,NOT_APPLICABLE
SRC-DEC-STUDIO-NAME-001-265,CNT-DEC-STUDIO-NAME-001-133,market-research-director,quality-assurance-director,VERIFIED_WITH_REDIRECT,PASS,PASS,PASS,INDEPENDENT_PAIR_MEMBER,REVIEWED,2026-08-08,20:51:10+03:00,Direct HTTP review; redirect recorded in source register,NOT_APPLICABLE
SRC-DEC-STUDIO-NAME-001-266,CNT-DEC-STUDIO-NAME-001-133,market-research-director,quality-assurance-director,VERIFIED_ACCESSIBLE,FAIL,FAIL,PASS,UNRESOLVED,NEEDS_RECHECK,2026-08-08,20:51:10+03:00,Direct HTTP review; redirect recorded in source register,NOT_APPLICABLE
SRC-DEC-STUDIO-NAME-001-267,CNT-DEC-STUDIO-NAME-001-134,market-research-director,quality-assurance-director,RECHECK_REQUIRED,FAIL,FAIL,PASS,INDEPENDENT_PAIR_MEMBER,NEEDS_RECHECK,2026-08-08,20:51:10+03:00,Direct HTTP review; redirect recorded in source register,NOT_APPLICABLE
SRC-DEC-STUDIO-NAME-001-268,CNT-DEC-STUDIO-NAME-001-134,market-research-director,quality-assurance-director,RECHECK_REQUIRED,FAIL,FAIL,PASS,UNRESOLVED,NEEDS_RECHECK,2026-08-08,20:51:10+03:00,Direct HTTP review; redirect recorded in source register,NOT_APPLICABLE
SRC-DEC-STUDIO-NAME-001-269,CNT-DEC-STUDIO-NAME-001-135,market-research-director,quality-assurance-director,VERIFIED_ACCESSIBLE,PASS,PASS,PASS,INDEPENDENT_PAIR_MEMBER,REVIEWED,2026-08-08,20:51:10+03:00,Direct HTTP review; redirect recorded in source register,NOT_APPLICABLE
SRC-DEC-STUDIO-NAME-001-270,CNT-DEC-STUDIO-NAME-001-135,market-research-director,quality-assurance-director,VERIFIED_WITH_REDIRECT,FAIL,FAIL,PASS,UNRESOLVED,NEEDS_RECHECK,2026-08-08,20:51:10+03:00,Direct HTTP review; redirect recorded in source register,NOT_APPLICABLE
SRC-DEC-STUDIO-NAME-001-271,CNT-DEC-STUDIO-NAME-001-136,market-research-director,quality-assurance-director,RECHECK_REQUIRED,FAIL,FAIL,PASS,INDEPENDENT_PAIR_MEMBER,NEEDS_RECHECK,2026-08-08,20:51:10+03:00,Direct HTTP review; redirect recorded in source register,NOT_APPLICABLE
SRC-DEC-STUDIO-NAME-001-272,CNT-DEC-STUDIO-NAME-001-136,market-research-director,quality-assurance-director,RECHECK_REQUIRED,FAIL,FAIL,PASS,UNRESOLVED,NEEDS_RECHECK,2026-08-08,20:51:10+03:00,Direct HTTP review; redirect recorded in source register,NOT_APPLICABLE
SRC-DEC-STUDIO-NAME-001-273,CNT-DEC-STUDIO-NAME-001-137,market-research-director,quality-assurance-director,RECHECK_REQUIRED,FAIL,FAIL,PASS,INDEPENDENT_PAIR_MEMBER,NEEDS_RECHECK,2026-08-08,20:51:10+03:00,Direct HTTP review; redirect recorded in source register,NOT_APPLICABLE
SRC-DEC-STUDIO-NAME-001-274,CNT-DEC-STUDIO-NAME-001-137,market-research-director,quality-assurance-director,RECHECK_REQUIRED,FAIL,FAIL,PASS,UNRESOLVED,NEEDS_RECHECK,2026-08-08,20:51:10+03:00,Direct HTTP review; redirect recorded in source register,NOT_APPLICABLE
SRC-DEC-STUDIO-NAME-001-275,CNT-DEC-STUDIO-NAME-001-138,market-research-director,quality-assurance-director,RECHECK_REQUIRED,FAIL,FAIL,PASS,INDEPENDENT_PAIR_MEMBER,NEEDS_RECHECK,2026-08-08,20:51:10+03:00,Direct HTTP review; redirect recorded in source register,NOT_APPLICABLE
SRC-DEC-STUDIO-NAME-001-276,CNT-DEC-STUDIO-NAME-001-138,market-research-director,quality-assurance-director,RECHECK_REQUIRED,FAIL,FAIL,PASS,UNRESOLVED,NEEDS_RECHECK,2026-08-08,20:51:10+03:00,Direct HTTP review; redirect recorded in source register,NOT_APPLICABLE
SRC-DEC-STUDIO-NAME-001-277,CNT-DEC-STUDIO-NAME-001-139,market-research-director,quality-assurance-director,RECHECK_REQUIRED,FAIL,FAIL,PASS,INDEPENDENT_PAIR_MEMBER,NEEDS_RECHECK,2026-08-08,20:51:10+03:00,Direct HTTP review; redirect recorded in source register,NOT_APPLICABLE
SRC-DEC-STUDIO-NAME-001-278,CNT-DEC-STUDIO-NAME-001-139,market-research-director,quality-assurance-director,RECHECK_REQUIRED,FAIL,FAIL,PASS,UNRESOLVED,NEEDS_RECHECK,2026-08-08,20:51:10+03:00,Direct HTTP review; redirect recorded in source register,NOT_APPLICABLE
SRC-DEC-STUDIO-NAME-001-279,CNT-DEC-STUDIO-NAME-001-140,market-research-director,quality-assurance-director,VERIFIED_ACCESSIBLE,PASS,PASS,PASS,INDEPENDENT_PAIR_MEMBER,REVIEWED,2026-08-08,20:51:10+03:00,Direct HTTP review; redirect recorded in source register,NOT_APPLICABLE
SRC-DEC-STUDIO-NAME-001-280,CNT-DEC-STUDIO-NAME-001-140,market-research-director,quality-assurance-director,VERIFIED_WITH_REDIRECT,FAIL,FAIL,PASS,UNRESOLVED,NEEDS_RECHECK,2026-08-08,20:51:10+03:00,Direct HTTP review; redirect recorded in source register,NOT_APPLICABLE
SRC-DEC-STUDIO-NAME-001-281,CNT-DEC-STUDIO-NAME-001-141,market-research-director,quality-assurance-director,RECHECK_REQUIRED,FAIL,FAIL,PASS,INDEPENDENT_PAIR_MEMBER,NEEDS_RECHECK,2026-08-08,20:51:10+03:00,Direct HTTP review; redirect recorded in source register,NOT_APPLICABLE
SRC-DEC-STUDIO-NAME-001-282,CNT-DEC-STUDIO-NAME-001-141,market-research-director,quality-assurance-director,VERIFIED_WITH_REDIRECT,FAIL,FAIL,PASS,UNRESOLVED,NEEDS_RECHECK,2026-08-08,20:51:10+03:00,Direct HTTP review; redirect recorded in source register,NOT_APPLICABLE
SRC-DEC-STUDIO-NAME-001-283,CNT-DEC-STUDIO-NAME-001-142,market-research-director,quality-assurance-director,RECHECK_REQUIRED,FAIL,FAIL,PASS,INDEPENDENT_PAIR_MEMBER,NEEDS_RECHECK,2026-08-08,20:51:10+03:00,Direct HTTP review; redirect recorded in source register,NOT_APPLICABLE
SRC-DEC-STUDIO-NAME-001-284,CNT-DEC-STUDIO-NAME-001-142,market-research-director,quality-assurance-director,RECHECK_REQUIRED,FAIL,FAIL,PASS,UNRESOLVED,NEEDS_RECHECK,2026-08-08,20:51:10+03:00,Direct HTTP review; redirect recorded in source register,NOT_APPLICABLE
SRC-DEC-STUDIO-NAME-001-285,CNT-DEC-STUDIO-NAME-001-143,market-research-director,quality-assurance-director,RECHECK_REQUIRED,FAIL,FAIL,PASS,INDEPENDENT_PAIR_MEMBER,NEEDS_RECHECK,2026-08-08,20:51:10+03:00,Direct HTTP review; redirect recorded in source register,NOT_APPLICABLE
SRC-DEC-STUDIO-NAME-001-286,CNT-DEC-STUDIO-NAME-001-143,market-research-director,quality-assurance-director,RECHECK_REQUIRED,FAIL,FAIL,PASS,UNRESOLVED,NEEDS_RECHECK,2026-08-08,20:51:10+03:00,Direct HTTP review; redirect recorded in source register,NOT_APPLICABLE
SRC-DEC-STUDIO-NAME-001-287,CNT-DEC-STUDIO-NAME-001-144,market-research-director,quality-assurance-director,RECHECK_REQUIRED,FAIL,FAIL,PASS,INDEPENDENT_PAIR_MEMBER,NEEDS_RECHECK,2026-08-08,20:51:10+03:00,Direct HTTP review; redirect recorded in source register,NOT_APPLICABLE
SRC-DEC-STUDIO-NAME-001-288,CNT-DEC-STUDIO-NAME-001-144,market-research-director,quality-assurance-director,RECHECK_REQUIRED,FAIL,FAIL,PASS,UNRESOLVED,NEEDS_RECHECK,2026-08-08,20:51:10+03:00,Direct HTTP review; redirect recorded in source register,NOT_APPLICABLE
SRC-DEC-STUDIO-NAME-001-289,CNT-DEC-STUDIO-NAME-001-145,market-research-director,quality-assurance-director,RECHECK_REQUIRED,FAIL,FAIL,PASS,INDEPENDENT_PAIR_MEMBER,NEEDS_RECHECK,2026-08-08,20:51:10+03:00,Direct HTTP review; redirect recorded in source register,NOT_APPLICABLE
SRC-DEC-STUDIO-NAME-001-290,CNT-DEC-STUDIO-NAME-001-145,market-research-director,quality-assurance-director,VERIFIED_ACCESSIBLE,FAIL,FAIL,PASS,UNRESOLVED,NEEDS_RECHECK,2026-08-08,20:51:10+03:00,Direct HTTP review; redirect recorded in source register,NOT_APPLICABLE
SRC-DEC-STUDIO-NAME-001-291,CNT-DEC-STUDIO-NAME-001-146,market-research-director,quality-assurance-director,RECHECK_REQUIRED,FAIL,FAIL,PASS,INDEPENDENT_PAIR_MEMBER,NEEDS_RECHECK,2026-08-08,20:51:10+03:00,Direct HTTP review; redirect recorded in source register,NOT_APPLICABLE
SRC-DEC-STUDIO-NAME-001-292,CNT-DEC-STUDIO-NAME-001-146,market-research-director,quality-assurance-director,VERIFIED_WITH_REDIRECT,FAIL,FAIL,PASS,UNRESOLVED,NEEDS_RECHECK,2026-08-08,20:51:10+03:00,Direct HTTP review; redirect recorded in source register,NOT_APPLICABLE
SRC-DEC-STUDIO-NAME-001-293,CNT-DEC-STUDIO-NAME-001-147,market-research-director,quality-assurance-director,RECHECK_REQUIRED,FAIL,FAIL,PASS,INDEPENDENT_PAIR_MEMBER,NEEDS_RECHECK,2026-08-08,20:51:10+03:00,Direct HTTP review; redirect recorded in source register,NOT_APPLICABLE
SRC-DEC-STUDIO-NAME-001-294,CNT-DEC-STUDIO-NAME-001-147,market-research-director,quality-assurance-director,VERIFIED_ACCESSIBLE,PASS,PASS,PASS,INDEPENDENT_FROM_SUBJECT,REVIEWED,2026-08-08,20:51:10+03:00,Direct HTTP review; redirect recorded in source register,NOT_APPLICABLE
SRC-DEC-STUDIO-NAME-001-295,CNT-DEC-STUDIO-NAME-001-148,market-research-director,quality-assurance-director,RECHECK_REQUIRED,FAIL,FAIL,PASS,INDEPENDENT_PAIR_MEMBER,NEEDS_RECHECK,2026-08-08,20:51:10+03:00,Direct HTTP review; redirect recorded in source register,NOT_APPLICABLE
SRC-DEC-STUDIO-NAME-001-296,CNT-DEC-STUDIO-NAME-001-148,market-research-director,quality-assurance-director,VERIFIED_ACCESSIBLE,PASS,PASS,PASS,INDEPENDENT_FROM_SUBJECT,REVIEWED,2026-08-08,20:51:10+03:00,Direct HTTP review; redirect recorded in source register,NOT_APPLICABLE
SRC-DEC-STUDIO-NAME-001-297,CNT-DEC-STUDIO-NAME-001-149,market-research-director,quality-assurance-director,RECHECK_REQUIRED,FAIL,FAIL,PASS,INDEPENDENT_PAIR_MEMBER,NEEDS_RECHECK,2026-08-08,20:51:10+03:00,Direct HTTP review; redirect recorded in source register,NOT_APPLICABLE
SRC-DEC-STUDIO-NAME-001-298,CNT-DEC-STUDIO-NAME-001-149,market-research-director,quality-assurance-director,RECHECK_REQUIRED,FAIL,FAIL,PASS,UNRESOLVED,NEEDS_RECHECK,2026-08-08,20:51:10+03:00,Direct HTTP review; redirect recorded in source register,NOT_APPLICABLE
SRC-DEC-STUDIO-NAME-001-299,CNT-DEC-STUDIO-NAME-001-150,market-research-director,quality-assurance-director,RECHECK_REQUIRED,FAIL,FAIL,PASS,INDEPENDENT_PAIR_MEMBER,NEEDS_RECHECK,2026-08-08,20:51:10+03:00,Direct HTTP review; redirect recorded in source register,NOT_APPLICABLE
SRC-DEC-STUDIO-NAME-001-300,CNT-DEC-STUDIO-NAME-001-150,market-research-director,quality-assurance-director,RECHECK_REQUIRED,FAIL,FAIL,PASS,UNRESOLVED,NEEDS_RECHECK,2026-08-08,20:51:10+03:00,Direct HTTP review; redirect recorded in source register,NOT_APPLICABLE
SRC-DEC-STUDIO-NAME-001-301,CNT-DEC-STUDIO-NAME-001-151,market-research-director,quality-assurance-director,RECHECK_REQUIRED,FAIL,FAIL,PASS,INDEPENDENT_PAIR_MEMBER,NEEDS_RECHECK,2026-08-08,20:51:10+03:00,Direct HTTP review; redirect recorded in source register,NOT_APPLICABLE
SRC-DEC-STUDIO-NAME-001-302,CNT-DEC-STUDIO-NAME-001-151,market-research-director,quality-assurance-director,RECHECK_REQUIRED,FAIL,FAIL,PASS,UNRESOLVED,NEEDS_RECHECK,2026-08-08,20:51:10+03:00,Direct HTTP review; redirect recorded in source register,NOT_APPLICABLE
SRC-DEC-STUDIO-NAME-001-303,CNT-DEC-STUDIO-NAME-001-152,market-research-director,quality-assurance-director,RECHECK_REQUIRED,FAIL,FAIL,PASS,INDEPENDENT_PAIR_MEMBER,NEEDS_RECHECK,2026-08-08,20:51:10+03:00,Direct HTTP review; redirect recorded in source register,NOT_APPLICABLE
SRC-DEC-STUDIO-NAME-001-304,CNT-DEC-STUDIO-NAME-001-152,market-research-director,quality-assurance-director,RECHECK_REQUIRED,FAIL,FAIL,PASS,UNRESOLVED,NEEDS_RECHECK,2026-08-08,20:51:10+03:00,Direct HTTP review; redirect recorded in source register,NOT_APPLICABLE
SRC-DEC-STUDIO-NAME-001-305,CNT-DEC-STUDIO-NAME-001-153,market-research-director,quality-assurance-director,RECHECK_REQUIRED,FAIL,FAIL,PASS,INDEPENDENT_PAIR_MEMBER,NEEDS_RECHECK,2026-08-08,20:51:10+03:00,Direct HTTP review; redirect recorded in source register,NOT_APPLICABLE
SRC-DEC-STUDIO-NAME-001-306,CNT-DEC-STUDIO-NAME-001-153,market-research-director,quality-assurance-director,VERIFIED_ACCESSIBLE,PASS,PASS,PASS,INDEPENDENT_FROM_SUBJECT,REVIEWED,2026-08-08,20:51:10+03:00,Direct HTTP review; redirect recorded in source register,NOT_APPLICABLE
SRC-DEC-STUDIO-NAME-001-307,CNT-DEC-STUDIO-NAME-001-154,market-research-director,quality-assurance-director,RECHECK_REQUIRED,FAIL,FAIL,PASS,INDEPENDENT_PAIR_MEMBER,NEEDS_RECHECK,2026-08-08,20:51:10+03:00,Direct HTTP review; redirect recorded in source register,NOT_APPLICABLE
SRC-DEC-STUDIO-NAME-001-308,CNT-DEC-STUDIO-NAME-001-154,market-research-director,quality-assurance-director,RECHECK_REQUIRED,FAIL,FAIL,PASS,UNRESOLVED,NEEDS_RECHECK,2026-08-08,20:51:10+03:00,Direct HTTP review; redirect recorded in source register,NOT_APPLICABLE
SRC-DEC-STUDIO-NAME-001-309,CNT-DEC-STUDIO-NAME-001-155,market-research-director,quality-assurance-director,RECHECK_REQUIRED,FAIL,FAIL,PASS,INDEPENDENT_PAIR_MEMBER,NEEDS_RECHECK,2026-08-08,20:51:10+03:00,Direct HTTP review; redirect recorded in source register,NOT_APPLICABLE
SRC-DEC-STUDIO-NAME-001-310,CNT-DEC-STUDIO-NAME-001-155,market-research-director,quality-assurance-director,RECHECK_REQUIRED,FAIL,FAIL,PASS,UNRESOLVED,NEEDS_RECHECK,2026-08-08,20:51:10+03:00,Direct HTTP review; redirect recorded in source register,NOT_APPLICABLE
SRC-DEC-STUDIO-NAME-001-311,CNT-DEC-STUDIO-NAME-001-156,market-research-director,quality-assurance-director,RECHECK_REQUIRED,FAIL,FAIL,PASS,INDEPENDENT_PAIR_MEMBER,NEEDS_RECHECK,2026-08-08,20:51:10+03:00,Direct HTTP review; redirect recorded in source register,NOT_APPLICABLE
SRC-DEC-STUDIO-NAME-001-312,CNT-DEC-STUDIO-NAME-001-156,market-research-director,quality-assurance-director,RECHECK_REQUIRED,FAIL,FAIL,PASS,UNRESOLVED,NEEDS_RECHECK,2026-08-08,20:51:10+03:00,Direct HTTP review; redirect recorded in source register,NOT_APPLICABLE
SRC-DEC-STUDIO-NAME-001-313,CNT-DEC-STUDIO-NAME-001-157,market-research-director,quality-assurance-director,RECHECK_REQUIRED,FAIL,FAIL,PASS,INDEPENDENT_PAIR_MEMBER,NEEDS_RECHECK,2026-08-08,20:51:10+03:00,Direct HTTP review; redirect recorded in source register,NOT_APPLICABLE
SRC-DEC-STUDIO-NAME-001-314,CNT-DEC-STUDIO-NAME-001-157,market-research-director,quality-assurance-director,RECHECK_REQUIRED,FAIL,FAIL,PASS,UNRESOLVED,NEEDS_RECHECK,2026-08-08,20:51:10+03:00,Direct HTTP review; redirect recorded in source register,NOT_APPLICABLE
SRC-DEC-STUDIO-NAME-001-315,CNT-DEC-STUDIO-NAME-001-158,market-research-director,quality-assurance-director,RECHECK_REQUIRED,FAIL,FAIL,PASS,INDEPENDENT_PAIR_MEMBER,NEEDS_RECHECK,2026-08-08,20:51:10+03:00,Direct HTTP review; redirect recorded in source register,NOT_APPLICABLE
SRC-DEC-STUDIO-NAME-001-316,CNT-DEC-STUDIO-NAME-001-158,market-research-director,quality-assurance-director,RECHECK_REQUIRED,FAIL,FAIL,PASS,UNRESOLVED,NEEDS_RECHECK,2026-08-08,20:51:10+03:00,Direct HTTP review; redirect recorded in source register,NOT_APPLICABLE
SRC-DEC-STUDIO-NAME-001-317,CNT-DEC-STUDIO-NAME-001-159,market-research-director,quality-assurance-director,RECHECK_REQUIRED,FAIL,FAIL,PASS,INDEPENDENT_PAIR_MEMBER,NEEDS_RECHECK,2026-08-08,20:51:10+03:00,Direct HTTP review; redirect recorded in source register,NOT_APPLICABLE
SRC-DEC-STUDIO-NAME-001-318,CNT-DEC-STUDIO-NAME-001-159,market-research-director,quality-assurance-director,VERIFIED_ACCESSIBLE,PASS,PASS,PASS,INDEPENDENT_FROM_SUBJECT,REVIEWED,2026-08-08,20:51:10+03:00,Direct HTTP review; redirect recorded in source register,NOT_APPLICABLE
SRC-DEC-STUDIO-NAME-001-319,CNT-DEC-STUDIO-NAME-001-160,market-research-director,quality-assurance-director,RECHECK_REQUIRED,FAIL,FAIL,PASS,INDEPENDENT_PAIR_MEMBER,NEEDS_RECHECK,2026-08-08,20:51:10+03:00,Direct HTTP review; redirect recorded in source register,NOT_APPLICABLE
SRC-DEC-STUDIO-NAME-001-320,CNT-DEC-STUDIO-NAME-001-160,market-research-director,quality-assurance-director,RECHECK_REQUIRED,FAIL,FAIL,PASS,UNRESOLVED,NEEDS_RECHECK,2026-08-08,20:51:10+03:00,Direct HTTP review; redirect recorded in source register,NOT_APPLICABLE
SRC-DEC-STUDIO-NAME-001-321,CNT-DEC-STUDIO-NAME-001-161,market-research-director,quality-assurance-director,RECHECK_REQUIRED,FAIL,FAIL,PASS,INDEPENDENT_PAIR_MEMBER,NEEDS_RECHECK,2026-08-08,20:51:10+03:00,Direct HTTP review; redirect recorded in source register,NOT_APPLICABLE
SRC-DEC-STUDIO-NAME-001-322,CNT-DEC-STUDIO-NAME-001-161,market-research-director,quality-assurance-director,VERIFIED_ACCESSIBLE,PASS,PASS,PASS,INDEPENDENT_FROM_SUBJECT,REVIEWED,2026-08-08,20:51:10+03:00,Direct HTTP review; redirect recorded in source register,NOT_APPLICABLE
SRC-DEC-STUDIO-NAME-001-323,CNT-DEC-STUDIO-NAME-001-162,market-research-director,quality-assurance-director,RECHECK_REQUIRED,FAIL,FAIL,PASS,INDEPENDENT_PAIR_MEMBER,NEEDS_RECHECK,2026-08-08,20:51:10+03:00,Direct HTTP review; redirect recorded in source register,NOT_APPLICABLE
SRC-DEC-STUDIO-NAME-001-324,CNT-DEC-STUDIO-NAME-001-162,market-research-director,quality-assurance-director,VERIFIED_WITH_REDIRECT,FAIL,FAIL,PASS,UNRESOLVED,NEEDS_RECHECK,2026-08-08,20:51:10+03:00,Direct HTTP review; redirect recorded in source register,NOT_APPLICABLE
SRC-DEC-STUDIO-NAME-001-325,CNT-DEC-STUDIO-NAME-001-163,market-research-director,quality-assurance-director,RECHECK_REQUIRED,FAIL,FAIL,PASS,INDEPENDENT_PAIR_MEMBER,NEEDS_RECHECK,2026-08-08,20:51:10+03:00,Direct HTTP review; redirect recorded in source register,NOT_APPLICABLE
SRC-DEC-STUDIO-NAME-001-326,CNT-DEC-STUDIO-NAME-001-163,market-research-director,quality-assurance-director,VERIFIED_ACCESSIBLE,PASS,PASS,PASS,INDEPENDENT_FROM_SUBJECT,REVIEWED,2026-08-08,20:51:10+03:00,Direct HTTP review; redirect recorded in source register,NOT_APPLICABLE
SRC-DEC-STUDIO-NAME-001-327,CNT-DEC-STUDIO-NAME-001-164,market-research-director,quality-assurance-director,RECHECK_REQUIRED,FAIL,FAIL,PASS,INDEPENDENT_PAIR_MEMBER,NEEDS_RECHECK,2026-08-08,20:51:10+03:00,Direct HTTP review; redirect recorded in source register,NOT_APPLICABLE
SRC-DEC-STUDIO-NAME-001-328,CNT-DEC-STUDIO-NAME-001-164,market-research-director,quality-assurance-director,RECHECK_REQUIRED,FAIL,FAIL,PASS,UNRESOLVED,NEEDS_RECHECK,2026-08-08,20:51:10+03:00,Direct HTTP review; redirect recorded in source register,NOT_APPLICABLE
SRC-DEC-STUDIO-NAME-001-329,CNT-DEC-STUDIO-NAME-001-165,market-research-director,quality-assurance-director,RECHECK_REQUIRED,FAIL,FAIL,PASS,INDEPENDENT_PAIR_MEMBER,NEEDS_RECHECK,2026-08-08,20:51:10+03:00,Direct HTTP review; redirect recorded in source register,NOT_APPLICABLE
SRC-DEC-STUDIO-NAME-001-330,CNT-DEC-STUDIO-NAME-001-165,market-research-director,quality-assurance-director,RECHECK_REQUIRED,FAIL,FAIL,PASS,UNRESOLVED,NEEDS_RECHECK,2026-08-08,20:51:10+03:00,Direct HTTP review; redirect recorded in source register,NOT_APPLICABLE
SRC-DEC-STUDIO-NAME-001-331,CNT-DEC-STUDIO-NAME-001-166,market-research-director,quality-assurance-director,RECHECK_REQUIRED,FAIL,FAIL,PASS,INDEPENDENT_PAIR_MEMBER,NEEDS_RECHECK,2026-08-08,20:51:10+03:00,Direct HTTP review; redirect recorded in source register,NOT_APPLICABLE
SRC-DEC-STUDIO-NAME-001-332,CNT-DEC-STUDIO-NAME-001-166,market-research-director,quality-assurance-director,RECHECK_REQUIRED,FAIL,FAIL,PASS,UNRESOLVED,NEEDS_RECHECK,2026-08-08,20:51:10+03:00,Direct HTTP review; redirect recorded in source register,NOT_APPLICABLE
SRC-DEC-STUDIO-NAME-001-333,CNT-DEC-STUDIO-NAME-001-167,market-research-director,quality-assurance-director,VERIFIED_ACCESSIBLE,PASS,PASS,PASS,INDEPENDENT_PAIR_MEMBER,REVIEWED,2026-08-08,20:51:10+03:00,Direct HTTP review; redirect recorded in source register,NOT_APPLICABLE
SRC-DEC-STUDIO-NAME-001-334,CNT-DEC-STUDIO-NAME-001-167,market-research-director,quality-assurance-director,VERIFIED_ACCESSIBLE,PASS,PASS,PASS,INDEPENDENT_FROM_SUBJECT,REVIEWED,2026-08-08,20:51:10+03:00,Direct HTTP review; redirect recorded in source register,NOT_APPLICABLE
SRC-DEC-STUDIO-NAME-001-335,CNT-DEC-STUDIO-NAME-001-168,market-research-director,quality-assurance-director,VERIFIED_ACCESSIBLE,PASS,PASS,PASS,INDEPENDENT_PAIR_MEMBER,REVIEWED,2026-08-08,20:51:10+03:00,Direct HTTP review; redirect recorded in source register,NOT_APPLICABLE
SRC-DEC-STUDIO-NAME-001-336,CNT-DEC-STUDIO-NAME-001-168,market-research-director,quality-assurance-director,VERIFIED_ACCESSIBLE,FAIL,FAIL,PASS,UNRESOLVED,NEEDS_RECHECK,2026-08-08,20:51:10+03:00,Direct HTTP review; redirect recorded in source register,NOT_APPLICABLE
SRC-DEC-STUDIO-NAME-001-337,CNT-DEC-STUDIO-NAME-001-169,market-research-director,quality-assurance-director,VERIFIED_ACCESSIBLE,PASS,PASS,PASS,INDEPENDENT_PAIR_MEMBER,REVIEWED,2026-08-08,20:51:10+03:00,Direct HTTP review; redirect recorded in source register,NOT_APPLICABLE
SRC-DEC-STUDIO-NAME-001-338,CNT-DEC-STUDIO-NAME-001-169,market-research-director,quality-assurance-director,VERIFIED_ACCESSIBLE,FAIL,FAIL,PASS,UNRESOLVED,NEEDS_RECHECK,2026-08-08,20:51:10+03:00,Direct HTTP review; redirect recorded in source register,NOT_APPLICABLE
SRC-DEC-STUDIO-NAME-001-339,CNT-DEC-STUDIO-NAME-001-170,market-research-director,quality-assurance-director,VERIFIED_WITH_REDIRECT,PASS,PASS,PASS,INDEPENDENT_PAIR_MEMBER,REVIEWED,2026-08-08,20:51:10+03:00,Direct HTTP review; redirect recorded in source register,NOT_APPLICABLE
SRC-DEC-STUDIO-NAME-001-340,CNT-DEC-STUDIO-NAME-001-170,market-research-director,quality-assurance-director,VERIFIED_ACCESSIBLE,FAIL,FAIL,PASS,UNRESOLVED,NEEDS_RECHECK,2026-08-08,20:51:10+03:00,Direct HTTP review; redirect recorded in source register,NOT_APPLICABLE
SRC-DEC-STUDIO-NAME-001-341,CNT-DEC-STUDIO-NAME-001-171,market-research-director,quality-assurance-director,RECHECK_REQUIRED,FAIL,FAIL,PASS,INDEPENDENT_PAIR_MEMBER,NEEDS_RECHECK,2026-08-08,20:51:10+03:00,Direct HTTP review; redirect recorded in source register,NOT_APPLICABLE
SRC-DEC-STUDIO-NAME-001-342,CNT-DEC-STUDIO-NAME-001-171,market-research-director,quality-assurance-director,RECHECK_REQUIRED,FAIL,FAIL,PASS,UNRESOLVED,NEEDS_RECHECK,2026-08-08,20:51:10+03:00,Direct HTTP review; redirect recorded in source register,NOT_APPLICABLE
SRC-DEC-STUDIO-NAME-001-343,CNT-DEC-STUDIO-NAME-001-172,market-research-director,quality-assurance-director,RECHECK_REQUIRED,FAIL,FAIL,PASS,INDEPENDENT_PAIR_MEMBER,NEEDS_RECHECK,2026-08-08,20:51:10+03:00,Direct HTTP review; redirect recorded in source register,NOT_APPLICABLE
SRC-DEC-STUDIO-NAME-001-344,CNT-DEC-STUDIO-NAME-001-172,market-research-director,quality-assurance-director,RECHECK_REQUIRED,FAIL,FAIL,PASS,UNRESOLVED,NEEDS_RECHECK,2026-08-08,20:51:10+03:00,Direct HTTP review; redirect recorded in source register,NOT_APPLICABLE
SRC-DEC-STUDIO-NAME-001-345,CNT-DEC-STUDIO-NAME-001-173,market-research-director,quality-assurance-director,VERIFIED_ACCESSIBLE,PASS,PASS,PASS,INDEPENDENT_PAIR_MEMBER,REVIEWED,2026-08-08,20:51:10+03:00,Direct HTTP review; redirect recorded in source register,NOT_APPLICABLE
SRC-DEC-STUDIO-NAME-001-346,CNT-DEC-STUDIO-NAME-001-173,market-research-director,quality-assurance-director,VERIFIED_WITH_REDIRECT,FAIL,FAIL,PASS,UNRESOLVED,NEEDS_RECHECK,2026-08-08,20:51:10+03:00,Direct HTTP review; redirect recorded in source register,NOT_APPLICABLE
SRC-DEC-STUDIO-NAME-001-347,CNT-DEC-STUDIO-NAME-001-174,market-research-director,quality-assurance-director,RECHECK_REQUIRED,FAIL,FAIL,PASS,INDEPENDENT_PAIR_MEMBER,NEEDS_RECHECK,2026-08-08,20:51:10+03:00,Direct HTTP review; redirect recorded in source register,NOT_APPLICABLE
SRC-DEC-STUDIO-NAME-001-348,CNT-DEC-STUDIO-NAME-001-174,market-research-director,quality-assurance-director,VERIFIED_ACCESSIBLE,PASS,PASS,PASS,INDEPENDENT_FROM_SUBJECT,REVIEWED,2026-08-08,20:51:10+03:00,Direct HTTP review; redirect recorded in source register,NOT_APPLICABLE
SRC-DEC-STUDIO-NAME-001-349,CNT-DEC-STUDIO-NAME-001-175,market-research-director,quality-assurance-director,RECHECK_REQUIRED,FAIL,FAIL,PASS,INDEPENDENT_PAIR_MEMBER,NEEDS_RECHECK,2026-08-08,20:51:10+03:00,Direct HTTP review; redirect recorded in source register,NOT_APPLICABLE
SRC-DEC-STUDIO-NAME-001-350,CNT-DEC-STUDIO-NAME-001-175,market-research-director,quality-assurance-director,RECHECK_REQUIRED,FAIL,FAIL,PASS,UNRESOLVED,NEEDS_RECHECK,2026-08-08,20:51:10+03:00,Direct HTTP review; redirect recorded in source register,NOT_APPLICABLE
SRC-DEC-STUDIO-NAME-001-351,CNT-DEC-STUDIO-NAME-001-176,market-research-director,quality-assurance-director,VERIFIED_WITH_REDIRECT,PASS,PASS,PASS,INDEPENDENT_PAIR_MEMBER,REVIEWED,2026-08-08,20:51:10+03:00,Direct HTTP review; redirect recorded in source register,NOT_APPLICABLE
SRC-DEC-STUDIO-NAME-001-352,CNT-DEC-STUDIO-NAME-001-176,market-research-director,quality-assurance-director,VERIFIED_ACCESSIBLE,PASS,PASS,PASS,INDEPENDENT_FROM_SUBJECT,REVIEWED,2026-08-08,20:51:10+03:00,Direct HTTP review; redirect recorded in source register,NOT_APPLICABLE
SRC-DEC-STUDIO-NAME-001-353,CNT-DEC-STUDIO-NAME-001-177,market-research-director,quality-assurance-director,RECHECK_REQUIRED,FAIL,FAIL,PASS,INDEPENDENT_PAIR_MEMBER,NEEDS_RECHECK,2026-08-08,20:51:10+03:00,Direct HTTP review; redirect recorded in source register,NOT_APPLICABLE
SRC-DEC-STUDIO-NAME-001-354,CNT-DEC-STUDIO-NAME-001-177,market-research-director,quality-assurance-director,RECHECK_REQUIRED,FAIL,FAIL,PASS,UNRESOLVED,NEEDS_RECHECK,2026-08-08,20:51:10+03:00,Direct HTTP review; redirect recorded in source register,NOT_APPLICABLE
SRC-DEC-STUDIO-NAME-001-355,CNT-DEC-STUDIO-NAME-001-178,market-research-director,quality-assurance-director,VERIFIED_ACCESSIBLE,PASS,PASS,PASS,INDEPENDENT_PAIR_MEMBER,REVIEWED,2026-08-08,20:51:10+03:00,Direct HTTP review; redirect recorded in source register,NOT_APPLICABLE
SRC-DEC-STUDIO-NAME-001-356,CNT-DEC-STUDIO-NAME-001-178,market-research-director,quality-assurance-director,BROKEN_LINK,FAIL,FAIL,PASS,UNRESOLVED,REJECTED,2026-08-08,20:51:10+03:00,Direct HTTP review; redirect recorded in source register,NOT_APPLICABLE
SRC-DEC-STUDIO-NAME-001-357,CNT-DEC-STUDIO-NAME-001-179,market-research-director,quality-assurance-director,RECHECK_REQUIRED,FAIL,FAIL,PASS,INDEPENDENT_PAIR_MEMBER,NEEDS_RECHECK,2026-08-08,20:51:10+03:00,Direct HTTP review; redirect recorded in source register,NOT_APPLICABLE
SRC-DEC-STUDIO-NAME-001-358,CNT-DEC-STUDIO-NAME-001-179,market-research-director,quality-assurance-director,RECHECK_REQUIRED,FAIL,FAIL,PASS,UNRESOLVED,NEEDS_RECHECK,2026-08-08,20:51:10+03:00,Direct HTTP review; redirect recorded in source register,NOT_APPLICABLE
SRC-DEC-STUDIO-NAME-001-359,CNT-DEC-STUDIO-NAME-001-180,market-research-director,quality-assurance-director,RECHECK_REQUIRED,FAIL,FAIL,PASS,INDEPENDENT_PAIR_MEMBER,NEEDS_RECHECK,2026-08-08,20:51:10+03:00,Direct HTTP review; redirect recorded in source register,NOT_APPLICABLE
SRC-DEC-STUDIO-NAME-001-360,CNT-DEC-STUDIO-NAME-001-180,market-research-director,quality-assurance-director,VERIFIED_ACCESSIBLE,PASS,PASS,PASS,INDEPENDENT_FROM_SUBJECT,REVIEWED,2026-08-08,20:51:10+03:00,Direct HTTP review; redirect recorded in source register,NOT_APPLICABLE
SRC-DEC-STUDIO-NAME-001-361,CNT-DEC-STUDIO-NAME-001-181,market-research-director,quality-assurance-director,RECHECK_REQUIRED,FAIL,FAIL,PASS,INDEPENDENT_PAIR_MEMBER,NEEDS_RECHECK,2026-08-08,20:51:10+03:00,Direct HTTP review; redirect recorded in source register,NOT_APPLICABLE
SRC-DEC-STUDIO-NAME-001-362,CNT-DEC-STUDIO-NAME-001-181,market-research-director,quality-assurance-director,VERIFIED_WITH_REDIRECT,FAIL,FAIL,PASS,UNRESOLVED,NEEDS_RECHECK,2026-08-08,20:51:10+03:00,Direct HTTP review; redirect recorded in source register,NOT_APPLICABLE
SRC-DEC-STUDIO-NAME-001-363,CNT-DEC-STUDIO-NAME-001-182,market-research-director,quality-assurance-director,RECHECK_REQUIRED,FAIL,FAIL,PASS,INDEPENDENT_PAIR_MEMBER,NEEDS_RECHECK,2026-08-08,20:51:10+03:00,Direct HTTP review; redirect recorded in source register,NOT_APPLICABLE
SRC-DEC-STUDIO-NAME-001-364,CNT-DEC-STUDIO-NAME-001-182,market-research-director,quality-assurance-director,RECHECK_REQUIRED,FAIL,FAIL,PASS,UNRESOLVED,NEEDS_RECHECK,2026-08-08,20:51:10+03:00,Direct HTTP review; redirect recorded in source register,NOT_APPLICABLE
SRC-DEC-STUDIO-NAME-001-365,CNT-DEC-STUDIO-NAME-001-183,market-research-director,quality-assurance-director,BROKEN_LINK,FAIL,FAIL,PASS,INDEPENDENT_PAIR_MEMBER,REJECTED,2026-08-08,20:51:10+03:00,Direct HTTP review; redirect recorded in source register,NOT_APPLICABLE
SRC-DEC-STUDIO-NAME-001-366,CNT-DEC-STUDIO-NAME-001-183,market-research-director,quality-assurance-director,VERIFIED_ACCESSIBLE,FAIL,FAIL,PASS,UNRESOLVED,NEEDS_RECHECK,2026-08-08,20:51:10+03:00,Direct HTTP review; redirect recorded in source register,NOT_APPLICABLE
SRC-DEC-STUDIO-NAME-001-367,CNT-DEC-STUDIO-NAME-001-184,market-research-director,quality-assurance-director,VERIFIED_ACCESSIBLE,PASS,PASS,PASS,INDEPENDENT_PAIR_MEMBER,REVIEWED,2026-08-08,20:51:10+03:00,Direct HTTP review; redirect recorded in source register,NOT_APPLICABLE
SRC-DEC-STUDIO-NAME-001-368,CNT-DEC-STUDIO-NAME-001-184,market-research-director,quality-assurance-director,VERIFIED_ACCESSIBLE,FAIL,FAIL,PASS,UNRESOLVED,NEEDS_RECHECK,2026-08-08,20:51:10+03:00,Direct HTTP review; redirect recorded in source register,NOT_APPLICABLE
SRC-DEC-STUDIO-NAME-001-369,CNT-DEC-STUDIO-NAME-001-185,market-research-director,quality-assurance-director,RECHECK_REQUIRED,FAIL,FAIL,PASS,INDEPENDENT_PAIR_MEMBER,NEEDS_RECHECK,2026-08-08,20:51:10+03:00,Direct HTTP review; redirect recorded in source register,NOT_APPLICABLE
SRC-DEC-STUDIO-NAME-001-370,CNT-DEC-STUDIO-NAME-001-185,market-research-director,quality-assurance-director,RECHECK_REQUIRED,FAIL,FAIL,PASS,UNRESOLVED,NEEDS_RECHECK,2026-08-08,20:51:10+03:00,Direct HTTP review; redirect recorded in source register,NOT_APPLICABLE
SRC-DEC-STUDIO-NAME-001-371,CNT-DEC-STUDIO-NAME-001-186,market-research-director,quality-assurance-director,BROKEN_LINK,FAIL,FAIL,PASS,INDEPENDENT_PAIR_MEMBER,REJECTED,2026-08-08,20:51:10+03:00,Direct HTTP review; redirect recorded in source register,NOT_APPLICABLE
SRC-DEC-STUDIO-NAME-001-372,CNT-DEC-STUDIO-NAME-001-186,market-research-director,quality-assurance-director,VERIFIED_WITH_REDIRECT,FAIL,FAIL,PASS,UNRESOLVED,NEEDS_RECHECK,2026-08-08,20:51:10+03:00,Direct HTTP review; redirect recorded in source register,NOT_APPLICABLE
SRC-DEC-STUDIO-NAME-001-373,CNT-DEC-STUDIO-NAME-001-187,market-research-director,quality-assurance-director,RECHECK_REQUIRED,FAIL,FAIL,PASS,INDEPENDENT_PAIR_MEMBER,NEEDS_RECHECK,2026-08-08,20:51:10+03:00,Direct HTTP review; redirect recorded in source register,NOT_APPLICABLE
SRC-DEC-STUDIO-NAME-001-374,CNT-DEC-STUDIO-NAME-001-187,market-research-director,quality-assurance-director,RECHECK_REQUIRED,FAIL,FAIL,PASS,UNRESOLVED,NEEDS_RECHECK,2026-08-08,20:51:10+03:00,Direct HTTP review; redirect recorded in source register,NOT_APPLICABLE
SRC-DEC-STUDIO-NAME-001-375,CNT-DEC-STUDIO-NAME-001-188,market-research-director,quality-assurance-director,RECHECK_REQUIRED,FAIL,FAIL,PASS,INDEPENDENT_PAIR_MEMBER,NEEDS_RECHECK,2026-08-08,20:51:10+03:00,Direct HTTP review; redirect recorded in source register,NOT_APPLICABLE
SRC-DEC-STUDIO-NAME-001-376,CNT-DEC-STUDIO-NAME-001-188,market-research-director,quality-assurance-director,RECHECK_REQUIRED,FAIL,FAIL,PASS,UNRESOLVED,NEEDS_RECHECK,2026-08-08,20:51:10+03:00,Direct HTTP review; redirect recorded in source register,NOT_APPLICABLE
SRC-DEC-STUDIO-NAME-001-377,CNT-DEC-STUDIO-NAME-001-189,market-research-director,quality-assurance-director,RECHECK_REQUIRED,FAIL,FAIL,PASS,INDEPENDENT_PAIR_MEMBER,NEEDS_RECHECK,2026-08-08,20:51:10+03:00,Direct HTTP review; redirect recorded in source register,NOT_APPLICABLE
SRC-DEC-STUDIO-NAME-001-378,CNT-DEC-STUDIO-NAME-001-189,market-research-director,quality-assurance-director,RECHECK_REQUIRED,FAIL,FAIL,PASS,UNRESOLVED,NEEDS_RECHECK,2026-08-08,20:51:10+03:00,Direct HTTP review; redirect recorded in source register,NOT_APPLICABLE
SRC-DEC-STUDIO-NAME-001-379,CNT-DEC-STUDIO-NAME-001-190,market-research-director,quality-assurance-director,RECHECK_REQUIRED,FAIL,FAIL,PASS,INDEPENDENT_PAIR_MEMBER,NEEDS_RECHECK,2026-08-08,20:51:10+03:00,Direct HTTP review; redirect recorded in source register,NOT_APPLICABLE
SRC-DEC-STUDIO-NAME-001-380,CNT-DEC-STUDIO-NAME-001-190,market-research-director,quality-assurance-director,ACCESS_BLOCKED,FAIL,FAIL,PASS,UNRESOLVED,REJECTED,2026-08-08,20:51:10+03:00,Direct HTTP review; redirect recorded in source register,NOT_APPLICABLE
SRC-DEC-STUDIO-NAME-001-381,CNT-DEC-STUDIO-NAME-001-191,market-research-director,quality-assurance-director,RECHECK_REQUIRED,FAIL,FAIL,PASS,INDEPENDENT_PAIR_MEMBER,NEEDS_RECHECK,2026-08-08,20:51:10+03:00,Direct HTTP review; redirect recorded in source register,NOT_APPLICABLE
SRC-DEC-STUDIO-NAME-001-382,CNT-DEC-STUDIO-NAME-001-191,market-research-director,quality-assurance-director,VERIFIED_WITH_REDIRECT,FAIL,FAIL,PASS,UNRESOLVED,NEEDS_RECHECK,2026-08-08,20:51:10+03:00,Direct HTTP review; redirect recorded in source register,NOT_APPLICABLE
SRC-DEC-STUDIO-NAME-001-383,CNT-DEC-STUDIO-NAME-001-192,market-research-director,quality-assurance-director,RECHECK_REQUIRED,FAIL,FAIL,PASS,INDEPENDENT_PAIR_MEMBER,NEEDS_RECHECK,2026-08-08,20:51:10+03:00,Direct HTTP review; redirect recorded in source register,NOT_APPLICABLE
SRC-DEC-STUDIO-NAME-001-384,CNT-DEC-STUDIO-NAME-001-192,market-research-director,quality-assurance-director,VERIFIED_ACCESSIBLE,FAIL,FAIL,PASS,UNRESOLVED,NEEDS_RECHECK,2026-08-08,20:51:10+03:00,Direct HTTP review; redirect recorded in source register,NOT_APPLICABLE
SRC-DEC-STUDIO-NAME-001-385,CNT-DEC-STUDIO-NAME-001-193,market-research-director,quality-assurance-director,RECHECK_REQUIRED,FAIL,FAIL,PASS,INDEPENDENT_PAIR_MEMBER,NEEDS_RECHECK,2026-08-08,20:51:10+03:00,Direct HTTP review; redirect recorded in source register,NOT_APPLICABLE
SRC-DEC-STUDIO-NAME-001-386,CNT-DEC-STUDIO-NAME-001-193,market-research-director,quality-assurance-director,RECHECK_REQUIRED,FAIL,FAIL,PASS,UNRESOLVED,NEEDS_RECHECK,2026-08-08,20:51:10+03:00,Direct HTTP review; redirect recorded in source register,NOT_APPLICABLE
SRC-DEC-STUDIO-NAME-001-387,CNT-DEC-STUDIO-NAME-001-194,market-research-director,quality-assurance-director,BROKEN_LINK,FAIL,FAIL,PASS,INDEPENDENT_PAIR_MEMBER,REJECTED,2026-08-08,20:51:10+03:00,Direct HTTP review; redirect recorded in source register,NOT_APPLICABLE
SRC-DEC-STUDIO-NAME-001-388,CNT-DEC-STUDIO-NAME-001-194,market-research-director,quality-assurance-director,RECHECK_REQUIRED,FAIL,FAIL,PASS,UNRESOLVED,NEEDS_RECHECK,2026-08-08,20:51:10+03:00,Direct HTTP review; redirect recorded in source register,NOT_APPLICABLE
SRC-DEC-STUDIO-NAME-001-389,CNT-DEC-STUDIO-NAME-001-195,market-research-director,quality-assurance-director,RECHECK_REQUIRED,FAIL,FAIL,PASS,INDEPENDENT_PAIR_MEMBER,NEEDS_RECHECK,2026-08-08,20:51:10+03:00,Direct HTTP review; redirect recorded in source register,NOT_APPLICABLE
SRC-DEC-STUDIO-NAME-001-390,CNT-DEC-STUDIO-NAME-001-195,market-research-director,quality-assurance-director,VERIFIED_ACCESSIBLE,FAIL,FAIL,PASS,UNRESOLVED,NEEDS_RECHECK,2026-08-08,20:51:10+03:00,Direct HTTP review; redirect recorded in source register,NOT_APPLICABLE
SRC-DEC-STUDIO-NAME-001-391,CNT-DEC-STUDIO-NAME-001-196,market-research-director,quality-assurance-director,VERIFIED_ACCESSIBLE,PASS,PASS,PASS,INDEPENDENT_PAIR_MEMBER,REVIEWED,2026-08-08,20:51:10+03:00,Direct HTTP review; redirect recorded in source register,NOT_APPLICABLE
SRC-DEC-STUDIO-NAME-001-392,CNT-DEC-STUDIO-NAME-001-196,market-research-director,quality-assurance-director,VERIFIED_ACCESSIBLE,FAIL,FAIL,PASS,UNRESOLVED,NEEDS_RECHECK,2026-08-08,20:51:10+03:00,Direct HTTP review; redirect recorded in source register,NOT_APPLICABLE
SRC-DEC-STUDIO-NAME-001-393,CNT-DEC-STUDIO-NAME-001-197,market-research-director,quality-assurance-director,BROKEN_LINK,FAIL,FAIL,PASS,INDEPENDENT_PAIR_MEMBER,REJECTED,2026-08-08,20:51:10+03:00,Direct HTTP review; redirect recorded in source register,NOT_APPLICABLE
SRC-DEC-STUDIO-NAME-001-394,CNT-DEC-STUDIO-NAME-001-197,market-research-director,quality-assurance-director,VERIFIED_WITH_REDIRECT,FAIL,FAIL,PASS,UNRESOLVED,NEEDS_RECHECK,2026-08-08,20:51:10+03:00,Direct HTTP review; redirect recorded in source register,NOT_APPLICABLE
SRC-DEC-STUDIO-NAME-001-395,CNT-DEC-STUDIO-NAME-001-198,market-research-director,quality-assurance-director,VERIFIED_WITH_REDIRECT,PASS,PASS,PASS,INDEPENDENT_PAIR_MEMBER,REVIEWED,2026-08-08,20:51:10+03:00,Direct HTTP review; redirect recorded in source register,NOT_APPLICABLE
SRC-DEC-STUDIO-NAME-001-396,CNT-DEC-STUDIO-NAME-001-198,market-research-director,quality-assurance-director,VERIFIED_ACCESSIBLE,FAIL,FAIL,PASS,UNRESOLVED,NEEDS_RECHECK,2026-08-08,20:51:10+03:00,Direct HTTP review; redirect recorded in source register,NOT_APPLICABLE
SRC-DEC-STUDIO-NAME-001-397,CNT-DEC-STUDIO-NAME-001-199,market-research-director,quality-assurance-director,RECHECK_REQUIRED,FAIL,FAIL,PASS,INDEPENDENT_PAIR_MEMBER,NEEDS_RECHECK,2026-08-08,20:51:10+03:00,Direct HTTP review; redirect recorded in source register,NOT_APPLICABLE
SRC-DEC-STUDIO-NAME-001-398,CNT-DEC-STUDIO-NAME-001-199,market-research-director,quality-assurance-director,VERIFIED_ACCESSIBLE,FAIL,FAIL,PASS,UNRESOLVED,NEEDS_RECHECK,2026-08-08,20:51:10+03:00,Direct HTTP review; redirect recorded in source register,NOT_APPLICABLE
SRC-DEC-STUDIO-NAME-001-399,CNT-DEC-STUDIO-NAME-001-200,market-research-director,quality-assurance-director,RECHECK_REQUIRED,FAIL,FAIL,PASS,INDEPENDENT_PAIR_MEMBER,NEEDS_RECHECK,2026-08-08,20:51:10+03:00,Direct HTTP review; redirect recorded in source register,NOT_APPLICABLE
SRC-DEC-STUDIO-NAME-001-400,CNT-DEC-STUDIO-NAME-001-200,market-research-director,quality-assurance-director,RECHECK_REQUIRED,FAIL,FAIL,PASS,UNRESOLVED,NEEDS_RECHECK,2026-08-08,20:51:10+03:00,Direct HTTP review; redirect recorded in source register,NOT_APPLICABLE
