Counted Sample ID,Sample ID,Event ID,Official Brand/Company or Event Name,Primary Layer,Secondary Tags,Status,Country,Region,Scale,Scale Criterion,Main Activity,Main Platform Focus,Name Structural Form,Suffix/Descriptor,Rebrand History,Known Naming/Brand Problem,Activity Evidence 1,Activity Evidence 2,Source IDs,Last Verification Date,Include/Exclude/Escalate,Layer Assignment Rationale,Confidence,Reviewer,Related Sample/Event ID,Canonical Entity ID,Normalized Entity Name,Parent Entity ID,Entity Relationship,Primary Counted Layer,Historical Case Relationship,Duplicate Review Status,Scale Category,Scale Basis,Scale Evidence Source IDs,Scale Confidence,Scale Review Status,Historical Old Name,Historical New Name or Resolution,Historical Event Date,Historical Verified Reason,Historical Case Classification,Historical Reason Confidence
CNT-DEC-STUDIO-NAME-001-001,SMP-DEC-STUDIO-NAME-001-001,NOT APPLICABLE,Koei Tecmo,Büyük uluslararası yayıncılar,game/creative market comparator,STATUS_UNCERTAIN,Japan,Doğu Asya,NOT_APPLICABLE,Official site/portfolio breadth coding; employee count not asserted,Game development/publishing,PC/console/mobile or multi-platform,İki kelime,Yok,NOT VERIFIED,NOT VERIFIED,QUALIFYING_EVIDENCE_INCOMPLETE,QUALIFYING_EVIDENCE_INCOMPLETE,SRC-DEC-STUDIO-NAME-001-001;SRC-DEC-STUDIO-NAME-001-002,2026-08-08,ESCALATE,Primary activity and official portfolio aligned to layer; no secondary quota count,LOW — fail-closed source review,quality-assurance-director,NOT APPLICABLE,CAN-DEC-STUDIO-NAME-001-001,koei tecmo,NOT_APPLICABLE,INDEPENDENT_SAMPLE_UNIT,Büyük uluslararası yayıncılar,HISTORICAL_EVENT_SUBJECT,REVIEWED_UNIQUE,NOT_APPLICABLE,Historical case,NOT_APPLICABLE,NOT_APPLICABLE,NOT_APPLICABLE,RECORDED_IN_CASE_NAME,RECORDED_IN_CASE_NAME,NEEDS_RECHECK,REASON_UNVERIFIED,STATUS_UNCERTAIN,LOW
CNT-DEC-STUDIO-NAME-001-002,SMP-DEC-STUDIO-NAME-001-002,NOT APPLICABLE,Take-Two Interactive,Büyük uluslararası yayıncılar,game/creative market comparator,STATUS_UNCERTAIN,United States,Kuzey Amerika,NOT_APPLICABLE,Official site/portfolio breadth coding; employee count not asserted,Game development/publishing,PC/console/mobile or multi-platform,İki kelime,Interactive,NOT VERIFIED,NOT VERIFIED,QUALIFYING_EVIDENCE_INCOMPLETE,QUALIFYING_EVIDENCE_INCOMPLETE,SRC-DEC-STUDIO-NAME-001-003;SRC-DEC-STUDIO-NAME-001-004,2026-08-08,ESCALATE,Primary activity and official portfolio aligned to layer; no secondary quota count,LOW — fail-closed source review,quality-assurance-director,NOT APPLICABLE,CAN-DEC-STUDIO-NAME-001-002,take two interactive,NOT_APPLICABLE,INDEPENDENT_SAMPLE_UNIT,Büyük uluslararası yayıncılar,HISTORICAL_EVENT_SUBJECT,REVIEWED_UNIQUE,NOT_APPLICABLE,Historical case,NOT_APPLICABLE,NOT_APPLICABLE,NOT_APPLICABLE,RECORDED_IN_CASE_NAME,RECORDED_IN_CASE_NAME,NEEDS_RECHECK,REASON_UNVERIFIED,STATUS_UNCERTAIN,LOW
CNT-DEC-STUDIO-NAME-001-003,SMP-DEC-STUDIO-NAME-001-003,NOT APPLICABLE,THQ Nordic,Büyük uluslararası yayıncılar,game/creative market comparator,STATUS_UNCERTAIN,Austria,Avrupa,NOT_APPLICABLE,Official site/portfolio breadth coding; employee count not asserted,Game development/publishing,PC/console/mobile or multi-platform,Tek kelime,Yok,NOT VERIFIED,NOT VERIFIED,QUALIFYING_EVIDENCE_INCOMPLETE,QUALIFYING_EVIDENCE_INCOMPLETE,SRC-DEC-STUDIO-NAME-001-005;SRC-DEC-STUDIO-NAME-001-006,2026-08-08,ESCALATE,Primary activity and official portfolio aligned to layer; no secondary quota count,LOW — fail-closed source review,quality-assurance-director,NOT APPLICABLE,CAN-DEC-STUDIO-NAME-001-003,thq nordic,NOT_APPLICABLE,INDEPENDENT_SAMPLE_UNIT,Büyük uluslararası yayıncılar,HISTORICAL_EVENT_SUBJECT,REVIEWED_UNIQUE,NOT_APPLICABLE,Historical case,NOT_APPLICABLE,NOT_APPLICABLE,NOT_APPLICABLE,RECORDED_IN_CASE_NAME,RECORDED_IN_CASE_NAME,NEEDS_RECHECK,REASON_UNVERIFIED,STATUS_UNCERTAIN,LOW
CNT-DEC-STUDIO-NAME-001-004,SMP-DEC-STUDIO-NAME-001-004,NOT APPLICABLE,Bandai Namco Entertainment,Büyük uluslararası yayıncılar,game/creative market comparator,STATUS_UNCERTAIN,Japan,Doğu Asya,NOT_APPLICABLE,Official site/portfolio breadth coding; employee count not asserted,Game development/publishing,PC/console/mobile or multi-platform,Üç+ kelime,Entertainment,NOT VERIFIED,NOT VERIFIED,QUALIFYING_EVIDENCE_INCOMPLETE,QUALIFYING_EVIDENCE_INCOMPLETE,SRC-DEC-STUDIO-NAME-001-007;SRC-DEC-STUDIO-NAME-001-008,2026-08-08,ESCALATE,Primary activity and official portfolio aligned to layer; no secondary quota count,LOW — fail-closed source review,quality-assurance-director,NOT APPLICABLE,CAN-DEC-STUDIO-NAME-001-004,bandai namco entertainment,NOT_APPLICABLE,INDEPENDENT_SAMPLE_UNIT,Büyük uluslararası yayıncılar,HISTORICAL_EVENT_SUBJECT,REVIEWED_UNIQUE,NOT_APPLICABLE,Historical case,NOT_APPLICABLE,NOT_APPLICABLE,NOT_APPLICABLE,RECORDED_IN_CASE_NAME,RECORDED_IN_CASE_NAME,NEEDS_RECHECK,REASON_UNVERIFIED,STATUS_UNCERTAIN,LOW
CNT-DEC-STUDIO-NAME-001-005,SMP-DEC-STUDIO-NAME-001-005,NOT APPLICABLE,Capcom,Büyük uluslararası yayıncılar,game/creative market comparator,STATUS_UNCERTAIN,Japan,Doğu Asya,NOT_APPLICABLE,Official site/portfolio breadth coding; employee count not asserted,Game development/publishing,PC/console/mobile or multi-platform,Birleşik kelime,Yok,NOT VERIFIED,NOT VERIFIED,QUALIFYING_EVIDENCE_INCOMPLETE,QUALIFYING_EVIDENCE_INCOMPLETE,SRC-DEC-STUDIO-NAME-001-009;SRC-DEC-STUDIO-NAME-001-010,2026-08-08,ESCALATE,Primary activity and official portfolio aligned to layer; no secondary quota count,LOW — fail-closed source review,quality-assurance-director,NOT APPLICABLE,CAN-DEC-STUDIO-NAME-001-005,capcom,NOT_APPLICABLE,INDEPENDENT_SAMPLE_UNIT,Büyük uluslararası yayıncılar,HISTORICAL_EVENT_SUBJECT,REVIEWED_UNIQUE,NOT_APPLICABLE,Historical case,NOT_APPLICABLE,NOT_APPLICABLE,NOT_APPLICABLE,RECORDED_IN_CASE_NAME,RECORDED_IN_CASE_NAME,NEEDS_RECHECK,REASON_UNVERIFIED,STATUS_UNCERTAIN,LOW
CNT-DEC-STUDIO-NAME-001-006,SMP-DEC-STUDIO-NAME-001-006,NOT APPLICABLE,Sega,Büyük uluslararası yayıncılar,game/creative market comparator,STATUS_UNCERTAIN,Japan,Doğu Asya,NOT_APPLICABLE,Official site/portfolio breadth coding; employee count not asserted,Game development/publishing,PC/console/mobile or multi-platform,Kısaltma,Yok,NOT VERIFIED,NOT VERIFIED,QUALIFYING_EVIDENCE_INCOMPLETE,QUALIFYING_EVIDENCE_INCOMPLETE,SRC-DEC-STUDIO-NAME-001-011;SRC-DEC-STUDIO-NAME-001-012,2026-08-08,ESCALATE,Primary activity and official portfolio aligned to layer; no secondary quota count,LOW — fail-closed source review,quality-assurance-director,NOT APPLICABLE,CAN-DEC-STUDIO-NAME-001-006,sega,NOT_APPLICABLE,INDEPENDENT_SAMPLE_UNIT,Büyük uluslararası yayıncılar,HISTORICAL_EVENT_SUBJECT,REVIEWED_UNIQUE,NOT_APPLICABLE,Historical case,NOT_APPLICABLE,NOT_APPLICABLE,NOT_APPLICABLE,RECORDED_IN_CASE_NAME,RECORDED_IN_CASE_NAME,NEEDS_RECHECK,REASON_UNVERIFIED,STATUS_UNCERTAIN,LOW
CNT-DEC-STUDIO-NAME-001-007,SMP-DEC-STUDIO-NAME-001-007,NOT APPLICABLE,Square Enix,Büyük uluslararası yayıncılar,game/creative market comparator,STATUS_UNCERTAIN,Japan,Doğu Asya,NOT_APPLICABLE,Official site/portfolio breadth coding; employee count not asserted,Game development/publishing,PC/console/mobile or multi-platform,İki kelime,Yok,NOT VERIFIED,NOT VERIFIED,QUALIFYING_EVIDENCE_INCOMPLETE,QUALIFYING_EVIDENCE_INCOMPLETE,SRC-DEC-STUDIO-NAME-001-013;SRC-DEC-STUDIO-NAME-001-014,2026-08-08,ESCALATE,Primary activity and official portfolio aligned to layer; no secondary quota count,LOW — fail-closed source review,quality-assurance-director,NOT APPLICABLE,CAN-DEC-STUDIO-NAME-001-007,square enix,NOT_APPLICABLE,INDEPENDENT_SAMPLE_UNIT,Büyük uluslararası yayıncılar,HISTORICAL_EVENT_SUBJECT,REVIEWED_UNIQUE,NOT_APPLICABLE,Historical case,NOT_APPLICABLE,NOT_APPLICABLE,NOT_APPLICABLE,RECORDED_IN_CASE_NAME,RECORDED_IN_CASE_NAME,NEEDS_RECHECK,REASON_UNVERIFIED,STATUS_UNCERTAIN,LOW
CNT-DEC-STUDIO-NAME-001-008,SMP-DEC-STUDIO-NAME-001-008,NOT APPLICABLE,Konami Digital Entertainment,Büyük uluslararası yayıncılar,game/creative market comparator,STATUS_UNCERTAIN,Japan,Doğu Asya,NOT_APPLICABLE,Official site/portfolio breadth coding; employee count not asserted,Game development/publishing,PC/console/mobile or multi-platform,Üç+ kelime,Entertainment,NOT VERIFIED,NOT VERIFIED,QUALIFYING_EVIDENCE_INCOMPLETE,QUALIFYING_EVIDENCE_INCOMPLETE,SRC-DEC-STUDIO-NAME-001-015;SRC-DEC-STUDIO-NAME-001-016,2026-08-08,ESCALATE,Primary activity and official portfolio aligned to layer; no secondary quota count,LOW — fail-closed source review,quality-assurance-director,NOT APPLICABLE,CAN-DEC-STUDIO-NAME-001-008,konami digital entertainment,NOT_APPLICABLE,INDEPENDENT_SAMPLE_UNIT,Büyük uluslararası yayıncılar,HISTORICAL_EVENT_SUBJECT,REVIEWED_UNIQUE,NOT_APPLICABLE,Historical case,NOT_APPLICABLE,NOT_APPLICABLE,NOT_APPLICABLE,RECORDED_IN_CASE_NAME,RECORDED_IN_CASE_NAME,NEEDS_RECHECK,REASON_UNVERIFIED,STATUS_UNCERTAIN,LOW
CNT-DEC-STUDIO-NAME-001-009,SMP-DEC-STUDIO-NAME-001-009,NOT APPLICABLE,Nintendo,Büyük uluslararası yayıncılar,game/creative market comparator,STATUS_UNCERTAIN,Japan,Doğu Asya,NOT_APPLICABLE,Official site/portfolio breadth coding; employee count not asserted,Game development/publishing,PC/console/mobile or multi-platform,Tek kelime,Yok,NOT VERIFIED,NOT VERIFIED,QUALIFYING_EVIDENCE_INCOMPLETE,QUALIFYING_EVIDENCE_INCOMPLETE,SRC-DEC-STUDIO-NAME-001-017;SRC-DEC-STUDIO-NAME-001-018,2026-08-08,ESCALATE,Primary activity and official portfolio aligned to layer; no secondary quota count,LOW — fail-closed source review,quality-assurance-director,NOT APPLICABLE,CAN-DEC-STUDIO-NAME-001-009,nintendo,NOT_APPLICABLE,INDEPENDENT_SAMPLE_UNIT,Büyük uluslararası yayıncılar,HISTORICAL_EVENT_SUBJECT,REVIEWED_UNIQUE,NOT_APPLICABLE,Historical case,NOT_APPLICABLE,NOT_APPLICABLE,NOT_APPLICABLE,RECORDED_IN_CASE_NAME,RECORDED_IN_CASE_NAME,NEEDS_RECHECK,REASON_UNVERIFIED,STATUS_UNCERTAIN,LOW
CNT-DEC-STUDIO-NAME-001-010,SMP-DEC-STUDIO-NAME-001-010,NOT APPLICABLE,Sony Interactive Entertainment,Büyük uluslararası yayıncılar,game/creative market comparator,STATUS_UNCERTAIN,Japan,Doğu Asya,NOT_APPLICABLE,Official site/portfolio breadth coding; employee count not asserted,Game development/publishing,PC/console/mobile or multi-platform,Üç+ kelime,Interactive Entertainment,NOT VERIFIED,NOT VERIFIED,QUALIFYING_EVIDENCE_INCOMPLETE,QUALIFYING_EVIDENCE_INCOMPLETE,SRC-DEC-STUDIO-NAME-001-019;SRC-DEC-STUDIO-NAME-001-020,2026-08-08,ESCALATE,Primary activity and official portfolio aligned to layer; no secondary quota count,LOW — fail-closed source review,quality-assurance-director,NOT APPLICABLE,CAN-DEC-STUDIO-NAME-001-010,sony interactive entertainment,NOT_APPLICABLE,INDEPENDENT_SAMPLE_UNIT,Büyük uluslararası yayıncılar,HISTORICAL_EVENT_SUBJECT,REVIEWED_UNIQUE,NOT_APPLICABLE,Historical case,NOT_APPLICABLE,NOT_APPLICABLE,NOT_APPLICABLE,RECORDED_IN_CASE_NAME,RECORDED_IN_CASE_NAME,NEEDS_RECHECK,REASON_UNVERIFIED,STATUS_UNCERTAIN,LOW
CNT-DEC-STUDIO-NAME-001-011,SMP-DEC-STUDIO-NAME-001-011,NOT APPLICABLE,Xbox Game Studios,Büyük uluslararası yayıncılar,game/creative market comparator,STATUS_UNCERTAIN,United States,Kuzey Amerika,NOT_APPLICABLE,Official site/portfolio breadth coding; employee count not asserted,Game development/publishing,PC/console/mobile or multi-platform,Üç+ kelime,Game Studios,NOT VERIFIED,NOT VERIFIED,QUALIFYING_EVIDENCE_INCOMPLETE,QUALIFYING_EVIDENCE_INCOMPLETE,SRC-DEC-STUDIO-NAME-001-021;SRC-DEC-STUDIO-NAME-001-022,2026-08-08,ESCALATE,Primary activity and official portfolio aligned to layer; no secondary quota count,LOW — fail-closed source review,quality-assurance-director,NOT APPLICABLE,CAN-DEC-STUDIO-NAME-001-011,xbox game studios,NOT_APPLICABLE,INDEPENDENT_SAMPLE_UNIT,Büyük uluslararası yayıncılar,HISTORICAL_EVENT_SUBJECT,REVIEWED_UNIQUE,NOT_APPLICABLE,Historical case,NOT_APPLICABLE,NOT_APPLICABLE,NOT_APPLICABLE,RECORDED_IN_CASE_NAME,RECORDED_IN_CASE_NAME,NEEDS_RECHECK,REASON_UNVERIFIED,STATUS_UNCERTAIN,LOW
CNT-DEC-STUDIO-NAME-001-012,SMP-DEC-STUDIO-NAME-001-012,NOT APPLICABLE,Activision,Büyük uluslararası yayıncılar,game/creative market comparator,STATUS_UNCERTAIN,United States,Kuzey Amerika,NOT_APPLICABLE,Official site/portfolio breadth coding; employee count not asserted,Game development/publishing,PC/console/mobile or multi-platform,Tek kelime,Yok,NOT VERIFIED,NOT VERIFIED,QUALIFYING_EVIDENCE_INCOMPLETE,QUALIFYING_EVIDENCE_INCOMPLETE,SRC-DEC-STUDIO-NAME-001-023;SRC-DEC-STUDIO-NAME-001-024,2026-08-08,ESCALATE,Primary activity and official portfolio aligned to layer; no secondary quota count,LOW — fail-closed source review,quality-assurance-director,NOT APPLICABLE,CAN-DEC-STUDIO-NAME-001-012,activision,NOT_APPLICABLE,INDEPENDENT_SAMPLE_UNIT,Büyük uluslararası yayıncılar,HISTORICAL_EVENT_SUBJECT,REVIEWED_UNIQUE,NOT_APPLICABLE,Historical case,NOT_APPLICABLE,NOT_APPLICABLE,NOT_APPLICABLE,RECORDED_IN_CASE_NAME,RECORDED_IN_CASE_NAME,NEEDS_RECHECK,REASON_UNVERIFIED,STATUS_UNCERTAIN,LOW
CNT-DEC-STUDIO-NAME-001-013,SMP-DEC-STUDIO-NAME-001-013,NOT APPLICABLE,Tripwire Interactive,Büyük uluslararası yayıncılar,game/creative market comparator,STATUS_UNCERTAIN,United States,Kuzey Amerika,NOT_APPLICABLE,Official site/portfolio breadth coding; employee count not asserted,Game development/publishing,PC/console/mobile or multi-platform,İki kelime,Entertainment,NOT VERIFIED,NOT VERIFIED,QUALIFYING_EVIDENCE_INCOMPLETE,QUALIFYING_EVIDENCE_INCOMPLETE,SRC-DEC-STUDIO-NAME-001-025;SRC-DEC-STUDIO-NAME-001-026,2026-08-08,ESCALATE,Primary activity and official portfolio aligned to layer; no secondary quota count,LOW — fail-closed source review,quality-assurance-director,NOT APPLICABLE,CAN-DEC-STUDIO-NAME-001-013,tripwire interactive,NOT_APPLICABLE,INDEPENDENT_SAMPLE_UNIT,Büyük uluslararası yayıncılar,HISTORICAL_EVENT_SUBJECT,REVIEWED_UNIQUE,NOT_APPLICABLE,Historical case,NOT_APPLICABLE,NOT_APPLICABLE,NOT_APPLICABLE,RECORDED_IN_CASE_NAME,RECORDED_IN_CASE_NAME,NEEDS_RECHECK,REASON_UNVERIFIED,STATUS_UNCERTAIN,LOW
CNT-DEC-STUDIO-NAME-001-014,SMP-DEC-STUDIO-NAME-001-014,NOT APPLICABLE,CI Games,Büyük uluslararası yayıncılar,game/creative market comparator,STATUS_UNCERTAIN,Poland,Avrupa,NOT_APPLICABLE,Official site/portfolio breadth coding; employee count not asserted,Game development/publishing,PC/console/mobile or multi-platform,İki kelime,Softworks,NOT VERIFIED,NOT VERIFIED,QUALIFYING_EVIDENCE_INCOMPLETE,QUALIFYING_EVIDENCE_INCOMPLETE,SRC-DEC-STUDIO-NAME-001-027;SRC-DEC-STUDIO-NAME-001-028,2026-08-08,ESCALATE,Primary activity and official portfolio aligned to layer; no secondary quota count,LOW — fail-closed source review,quality-assurance-director,NOT APPLICABLE,CAN-DEC-STUDIO-NAME-001-014,ci games,NOT_APPLICABLE,INDEPENDENT_SAMPLE_UNIT,Büyük uluslararası yayıncılar,HISTORICAL_EVENT_SUBJECT,REVIEWED_UNIQUE,NOT_APPLICABLE,Historical case,NOT_APPLICABLE,NOT_APPLICABLE,NOT_APPLICABLE,RECORDED_IN_CASE_NAME,RECORDED_IN_CASE_NAME,NEEDS_RECHECK,REASON_UNVERIFIED,STATUS_UNCERTAIN,LOW
CNT-DEC-STUDIO-NAME-001-015,SMP-DEC-STUDIO-NAME-001-015,NOT APPLICABLE,Embracer Group,Büyük uluslararası yayıncılar,game/creative market comparator,STATUS_UNCERTAIN,Sweden,Avrupa,NOT_APPLICABLE,Official site/portfolio breadth coding; employee count not asserted,Game development/publishing,PC/console/mobile or multi-platform,İki kelime,Group,NOT VERIFIED,NOT VERIFIED,QUALIFYING_EVIDENCE_INCOMPLETE,QUALIFYING_EVIDENCE_INCOMPLETE,SRC-DEC-STUDIO-NAME-001-029;SRC-DEC-STUDIO-NAME-001-030,2026-08-08,ESCALATE,Primary activity and official portfolio aligned to layer; no secondary quota count,LOW — fail-closed source review,quality-assurance-director,NOT APPLICABLE,CAN-DEC-STUDIO-NAME-001-015,embracer group,NOT_APPLICABLE,INDEPENDENT_SAMPLE_UNIT,Büyük uluslararası yayıncılar,HISTORICAL_EVENT_SUBJECT,REVIEWED_UNIQUE,NOT_APPLICABLE,Historical case,NOT_APPLICABLE,NOT_APPLICABLE,NOT_APPLICABLE,RECORDED_IN_CASE_NAME,RECORDED_IN_CASE_NAME,NEEDS_RECHECK,REASON_UNVERIFIED,STATUS_UNCERTAIN,LOW
CNT-DEC-STUDIO-NAME-001-016,SMP-DEC-STUDIO-NAME-001-016,NOT APPLICABLE,Paradox Interactive,Büyük uluslararası yayıncılar,game/creative market comparator,STATUS_UNCERTAIN,Sweden,Avrupa,NOT_APPLICABLE,Official site/portfolio breadth coding; employee count not asserted,Game development/publishing,PC/console/mobile or multi-platform,İki kelime,Interactive,NOT VERIFIED,NOT VERIFIED,QUALIFYING_EVIDENCE_INCOMPLETE,QUALIFYING_EVIDENCE_INCOMPLETE,SRC-DEC-STUDIO-NAME-001-031;SRC-DEC-STUDIO-NAME-001-032,2026-08-08,ESCALATE,Primary activity and official portfolio aligned to layer; no secondary quota count,LOW — fail-closed source review,quality-assurance-director,NOT APPLICABLE,CAN-DEC-STUDIO-NAME-001-016,paradox interactive,NOT_APPLICABLE,INDEPENDENT_SAMPLE_UNIT,Büyük uluslararası yayıncılar,HISTORICAL_EVENT_SUBJECT,REVIEWED_UNIQUE,NOT_APPLICABLE,Historical case,NOT_APPLICABLE,NOT_APPLICABLE,NOT_APPLICABLE,RECORDED_IN_CASE_NAME,RECORDED_IN_CASE_NAME,NEEDS_RECHECK,REASON_UNVERIFIED,STATUS_UNCERTAIN,LOW
CNT-DEC-STUDIO-NAME-001-017,SMP-DEC-STUDIO-NAME-001-017,NOT APPLICABLE,Focus Entertainment,Büyük uluslararası yayıncılar,game/creative market comparator,STATUS_UNCERTAIN,France,Avrupa,NOT_APPLICABLE,Official site/portfolio breadth coding; employee count not asserted,Game development/publishing,PC/console/mobile or multi-platform,İki kelime,Entertainment,NOT VERIFIED,NOT VERIFIED,QUALIFYING_EVIDENCE_INCOMPLETE,QUALIFYING_EVIDENCE_INCOMPLETE,SRC-DEC-STUDIO-NAME-001-033;SRC-DEC-STUDIO-NAME-001-034,2026-08-08,ESCALATE,Primary activity and official portfolio aligned to layer; no secondary quota count,LOW — fail-closed source review,quality-assurance-director,NOT APPLICABLE,CAN-DEC-STUDIO-NAME-001-017,focus entertainment,NOT_APPLICABLE,INDEPENDENT_SAMPLE_UNIT,Büyük uluslararası yayıncılar,HISTORICAL_EVENT_SUBJECT,REVIEWED_UNIQUE,NOT_APPLICABLE,Historical case,NOT_APPLICABLE,NOT_APPLICABLE,NOT_APPLICABLE,RECORDED_IN_CASE_NAME,RECORDED_IN_CASE_NAME,NEEDS_RECHECK,REASON_UNVERIFIED,STATUS_UNCERTAIN,LOW
CNT-DEC-STUDIO-NAME-001-018,SMP-DEC-STUDIO-NAME-001-018,NOT APPLICABLE,Nacon,Büyük uluslararası yayıncılar,game/creative market comparator,STATUS_UNCERTAIN,France,Avrupa,NOT_APPLICABLE,Official site/portfolio breadth coding; employee count not asserted,Game development/publishing,PC/console/mobile or multi-platform,Tek kelime,Yok,NOT VERIFIED,NOT VERIFIED,QUALIFYING_EVIDENCE_INCOMPLETE,QUALIFYING_EVIDENCE_INCOMPLETE,SRC-DEC-STUDIO-NAME-001-035;SRC-DEC-STUDIO-NAME-001-036,2026-08-08,ESCALATE,Primary activity and official portfolio aligned to layer; no secondary quota count,LOW — fail-closed source review,quality-assurance-director,NOT APPLICABLE,CAN-DEC-STUDIO-NAME-001-018,nacon,NOT_APPLICABLE,INDEPENDENT_SAMPLE_UNIT,Büyük uluslararası yayıncılar,HISTORICAL_EVENT_SUBJECT,REVIEWED_UNIQUE,NOT_APPLICABLE,Historical case,NOT_APPLICABLE,NOT_APPLICABLE,NOT_APPLICABLE,RECORDED_IN_CASE_NAME,RECORDED_IN_CASE_NAME,NEEDS_RECHECK,REASON_UNVERIFIED,STATUS_UNCERTAIN,LOW
CNT-DEC-STUDIO-NAME-001-019,SMP-DEC-STUDIO-NAME-001-019,NOT APPLICABLE,Hooded Horse,Büyük uluslararası yayıncılar,game/creative market comparator,STATUS_UNCERTAIN,United States,Kuzey Amerika,NOT_APPLICABLE,Official site/portfolio breadth coding; employee count not asserted,Game development/publishing,PC/console/mobile or multi-platform,Uydurma kelime,Yok,NOT VERIFIED,NOT VERIFIED,QUALIFYING_EVIDENCE_INCOMPLETE,QUALIFYING_EVIDENCE_INCOMPLETE,SRC-DEC-STUDIO-NAME-001-037;SRC-DEC-STUDIO-NAME-001-038,2026-08-08,ESCALATE,Primary activity and official portfolio aligned to layer; no secondary quota count,LOW — fail-closed source review,quality-assurance-director,NOT APPLICABLE,CAN-DEC-STUDIO-NAME-001-019,hooded horse,NOT_APPLICABLE,INDEPENDENT_SAMPLE_UNIT,Büyük uluslararası yayıncılar,HISTORICAL_EVENT_SUBJECT,REVIEWED_UNIQUE,NOT_APPLICABLE,Historical case,NOT_APPLICABLE,NOT_APPLICABLE,NOT_APPLICABLE,RECORDED_IN_CASE_NAME,RECORDED_IN_CASE_NAME,NEEDS_RECHECK,REASON_UNVERIFIED,STATUS_UNCERTAIN,LOW
CNT-DEC-STUDIO-NAME-001-020,SMP-DEC-STUDIO-NAME-001-020,NOT APPLICABLE,NetEase Games,Büyük uluslararası yayıncılar,game/creative market comparator,STATUS_UNCERTAIN,China,Doğu Asya,NOT_APPLICABLE,Official site/portfolio breadth coding; employee count not asserted,Game development/publishing,PC/console/mobile or multi-platform,İki kelime,Games,NOT VERIFIED,NOT VERIFIED,QUALIFYING_EVIDENCE_INCOMPLETE,QUALIFYING_EVIDENCE_INCOMPLETE,SRC-DEC-STUDIO-NAME-001-039;SRC-DEC-STUDIO-NAME-001-040,2026-08-08,ESCALATE,Primary activity and official portfolio aligned to layer; no secondary quota count,LOW — fail-closed source review,quality-assurance-director,NOT APPLICABLE,CAN-DEC-STUDIO-NAME-001-020,netease games,NOT_APPLICABLE,INDEPENDENT_SAMPLE_UNIT,Büyük uluslararası yayıncılar,HISTORICAL_EVENT_SUBJECT,REVIEWED_UNIQUE,NOT_APPLICABLE,Historical case,NOT_APPLICABLE,NOT_APPLICABLE,NOT_APPLICABLE,RECORDED_IN_CASE_NAME,RECORDED_IN_CASE_NAME,NEEDS_RECHECK,REASON_UNVERIFIED,STATUS_UNCERTAIN,LOW
CNT-DEC-STUDIO-NAME-001-021,SMP-DEC-STUDIO-NAME-001-021,NOT APPLICABLE,Tencent Games,Büyük uluslararası yayıncılar,game/creative market comparator,STATUS_UNCERTAIN,China,Doğu Asya,NOT_APPLICABLE,Official site/portfolio breadth coding; employee count not asserted,Game development/publishing,PC/console/mobile or multi-platform,İki kelime,Games,NOT VERIFIED,NOT VERIFIED,QUALIFYING_EVIDENCE_INCOMPLETE,QUALIFYING_EVIDENCE_INCOMPLETE,SRC-DEC-STUDIO-NAME-001-041;SRC-DEC-STUDIO-NAME-001-042,2026-08-08,ESCALATE,Primary activity and official portfolio aligned to layer; no secondary quota count,LOW — fail-closed source review,quality-assurance-director,NOT APPLICABLE,CAN-DEC-STUDIO-NAME-001-021,tencent games,NOT_APPLICABLE,INDEPENDENT_SAMPLE_UNIT,Büyük uluslararası yayıncılar,HISTORICAL_EVENT_SUBJECT,REVIEWED_UNIQUE,NOT_APPLICABLE,Historical case,NOT_APPLICABLE,NOT_APPLICABLE,NOT_APPLICABLE,RECORDED_IN_CASE_NAME,RECORDED_IN_CASE_NAME,NEEDS_RECHECK,REASON_UNVERIFIED,STATUS_UNCERTAIN,LOW
CNT-DEC-STUDIO-NAME-001-022,SMP-DEC-STUDIO-NAME-001-022,NOT APPLICABLE,Krafton,Büyük uluslararası yayıncılar,game/creative market comparator,STATUS_UNCERTAIN,South Korea,Doğu Asya,NOT_APPLICABLE,Official site/portfolio breadth coding; employee count not asserted,Game development/publishing,PC/console/mobile or multi-platform,Uydurma kelime,Yok,NOT VERIFIED,NOT VERIFIED,QUALIFYING_EVIDENCE_INCOMPLETE,QUALIFYING_EVIDENCE_INCOMPLETE,SRC-DEC-STUDIO-NAME-001-043;SRC-DEC-STUDIO-NAME-001-044,2026-08-08,ESCALATE,Primary activity and official portfolio aligned to layer; no secondary quota count,LOW — fail-closed source review,quality-assurance-director,NOT APPLICABLE,CAN-DEC-STUDIO-NAME-001-022,krafton,NOT_APPLICABLE,INDEPENDENT_SAMPLE_UNIT,Büyük uluslararası yayıncılar,HISTORICAL_EVENT_SUBJECT,REVIEWED_UNIQUE,NOT_APPLICABLE,Historical case,NOT_APPLICABLE,NOT_APPLICABLE,NOT_APPLICABLE,RECORDED_IN_CASE_NAME,RECORDED_IN_CASE_NAME,NEEDS_RECHECK,REASON_UNVERIFIED,STATUS_UNCERTAIN,LOW
CNT-DEC-STUDIO-NAME-001-023,SMP-DEC-STUDIO-NAME-001-023,NOT APPLICABLE,NCSoft,Büyük uluslararası yayıncılar,game/creative market comparator,STATUS_UNCERTAIN,South Korea,Doğu Asya,NOT_APPLICABLE,Official site/portfolio breadth coding; employee count not asserted,Game development/publishing,PC/console/mobile or multi-platform,Birleşik kelime,Yok,NOT VERIFIED,NOT VERIFIED,QUALIFYING_EVIDENCE_INCOMPLETE,QUALIFYING_EVIDENCE_INCOMPLETE,SRC-DEC-STUDIO-NAME-001-045;SRC-DEC-STUDIO-NAME-001-046,2026-08-08,ESCALATE,Primary activity and official portfolio aligned to layer; no secondary quota count,LOW — fail-closed source review,quality-assurance-director,NOT APPLICABLE,CAN-DEC-STUDIO-NAME-001-023,ncsoft,NOT_APPLICABLE,INDEPENDENT_SAMPLE_UNIT,Büyük uluslararası yayıncılar,HISTORICAL_EVENT_SUBJECT,REVIEWED_UNIQUE,NOT_APPLICABLE,Historical case,NOT_APPLICABLE,NOT_APPLICABLE,NOT_APPLICABLE,RECORDED_IN_CASE_NAME,RECORDED_IN_CASE_NAME,NEEDS_RECHECK,REASON_UNVERIFIED,STATUS_UNCERTAIN,LOW
CNT-DEC-STUDIO-NAME-001-024,SMP-DEC-STUDIO-NAME-001-024,NOT APPLICABLE,Nexon,Büyük uluslararası yayıncılar,game/creative market comparator,STATUS_UNCERTAIN,South Korea,Doğu Asya,NOT_APPLICABLE,Official site/portfolio breadth coding; employee count not asserted,Game development/publishing,PC/console/mobile or multi-platform,Uydurma kelime,Yok,NOT VERIFIED,NOT VERIFIED,QUALIFYING_EVIDENCE_INCOMPLETE,QUALIFYING_EVIDENCE_INCOMPLETE,SRC-DEC-STUDIO-NAME-001-047;SRC-DEC-STUDIO-NAME-001-048,2026-08-08,ESCALATE,Primary activity and official portfolio aligned to layer; no secondary quota count,LOW — fail-closed source review,quality-assurance-director,NOT APPLICABLE,CAN-DEC-STUDIO-NAME-001-024,nexon,NOT_APPLICABLE,INDEPENDENT_SAMPLE_UNIT,Büyük uluslararası yayıncılar,HISTORICAL_EVENT_SUBJECT,REVIEWED_UNIQUE,NOT_APPLICABLE,Historical case,NOT_APPLICABLE,NOT_APPLICABLE,NOT_APPLICABLE,RECORDED_IN_CASE_NAME,RECORDED_IN_CASE_NAME,NEEDS_RECHECK,REASON_UNVERIFIED,STATUS_UNCERTAIN,LOW
CNT-DEC-STUDIO-NAME-001-025,SMP-DEC-STUDIO-NAME-001-025,NOT APPLICABLE,Pearl Abyss,Büyük uluslararası yayıncılar,game/creative market comparator,STATUS_UNCERTAIN,South Korea,Doğu Asya,NOT_APPLICABLE,Official site/portfolio breadth coding; employee count not asserted,Game development/publishing,PC/console/mobile or multi-platform,İki kelime,Yok,NOT VERIFIED,NOT VERIFIED,QUALIFYING_EVIDENCE_INCOMPLETE,QUALIFYING_EVIDENCE_INCOMPLETE,SRC-DEC-STUDIO-NAME-001-049;SRC-DEC-STUDIO-NAME-001-050,2026-08-08,ESCALATE,Primary activity and official portfolio aligned to layer; no secondary quota count,LOW — fail-closed source review,quality-assurance-director,NOT APPLICABLE,CAN-DEC-STUDIO-NAME-001-025,pearl abyss,NOT_APPLICABLE,INDEPENDENT_SAMPLE_UNIT,Büyük uluslararası yayıncılar,HISTORICAL_EVENT_SUBJECT,REVIEWED_UNIQUE,NOT_APPLICABLE,Historical case,NOT_APPLICABLE,NOT_APPLICABLE,NOT_APPLICABLE,RECORDED_IN_CASE_NAME,RECORDED_IN_CASE_NAME,NEEDS_RECHECK,REASON_UNVERIFIED,STATUS_UNCERTAIN,LOW
CNT-DEC-STUDIO-NAME-001-026,SMP-DEC-STUDIO-NAME-001-026,NOT APPLICABLE,Devolver Digital,Büyük uluslararası yayıncılar,game/creative market comparator,STATUS_UNCERTAIN,United States,Kuzey Amerika,NOT_APPLICABLE,Official site/portfolio breadth coding; employee count not asserted,Game development/publishing,PC/console/mobile or multi-platform,İki kelime,Digital,NOT VERIFIED,NOT VERIFIED,QUALIFYING_EVIDENCE_INCOMPLETE,QUALIFYING_EVIDENCE_INCOMPLETE,SRC-DEC-STUDIO-NAME-001-051;SRC-DEC-STUDIO-NAME-001-052,2026-08-08,ESCALATE,Primary activity and official portfolio aligned to layer; no secondary quota count,LOW — fail-closed source review,quality-assurance-director,NOT APPLICABLE,CAN-DEC-STUDIO-NAME-001-026,devolver digital,NOT_APPLICABLE,INDEPENDENT_SAMPLE_UNIT,Büyük uluslararası yayıncılar,HISTORICAL_EVENT_SUBJECT,REVIEWED_UNIQUE,NOT_APPLICABLE,Historical case,NOT_APPLICABLE,NOT_APPLICABLE,NOT_APPLICABLE,RECORDED_IN_CASE_NAME,RECORDED_IN_CASE_NAME,NEEDS_RECHECK,REASON_UNVERIFIED,STATUS_UNCERTAIN,LOW
CNT-DEC-STUDIO-NAME-001-027,SMP-DEC-STUDIO-NAME-001-027,NOT APPLICABLE,Annapurna Interactive,Büyük uluslararası yayıncılar,game/creative market comparator,STATUS_UNCERTAIN,United States,Kuzey Amerika,NOT_APPLICABLE,Official site/portfolio breadth coding; employee count not asserted,Game development/publishing,PC/console/mobile or multi-platform,İki kelime,Interactive,NOT VERIFIED,NOT VERIFIED,QUALIFYING_EVIDENCE_INCOMPLETE,QUALIFYING_EVIDENCE_INCOMPLETE,SRC-DEC-STUDIO-NAME-001-053;SRC-DEC-STUDIO-NAME-001-054,2026-08-08,ESCALATE,Primary activity and official portfolio aligned to layer; no secondary quota count,LOW — fail-closed source review,quality-assurance-director,NOT APPLICABLE,CAN-DEC-STUDIO-NAME-001-027,annapurna interactive,NOT_APPLICABLE,INDEPENDENT_SAMPLE_UNIT,Büyük uluslararası yayıncılar,HISTORICAL_EVENT_SUBJECT,REVIEWED_UNIQUE,NOT_APPLICABLE,Historical case,NOT_APPLICABLE,NOT_APPLICABLE,NOT_APPLICABLE,RECORDED_IN_CASE_NAME,RECORDED_IN_CASE_NAME,NEEDS_RECHECK,REASON_UNVERIFIED,STATUS_UNCERTAIN,LOW
CNT-DEC-STUDIO-NAME-001-028,SMP-DEC-STUDIO-NAME-001-028,NOT APPLICABLE,Team17,Büyük uluslararası yayıncılar,game/creative market comparator,STATUS_UNCERTAIN,United Kingdom,Avrupa,NOT_APPLICABLE,Official site/portfolio breadth coding; employee count not asserted,Game development/publishing,PC/console/mobile or multi-platform,Birleşik kelime,Yok,NOT VERIFIED,NOT VERIFIED,QUALIFYING_EVIDENCE_INCOMPLETE,QUALIFYING_EVIDENCE_INCOMPLETE,SRC-DEC-STUDIO-NAME-001-055;SRC-DEC-STUDIO-NAME-001-056,2026-08-08,ESCALATE,Primary activity and official portfolio aligned to layer; no secondary quota count,LOW — fail-closed source review,quality-assurance-director,NOT APPLICABLE,CAN-DEC-STUDIO-NAME-001-028,team17,NOT_APPLICABLE,INDEPENDENT_SAMPLE_UNIT,Büyük uluslararası yayıncılar,HISTORICAL_EVENT_SUBJECT,REVIEWED_UNIQUE,NOT_APPLICABLE,Historical case,NOT_APPLICABLE,NOT_APPLICABLE,NOT_APPLICABLE,RECORDED_IN_CASE_NAME,RECORDED_IN_CASE_NAME,NEEDS_RECHECK,REASON_UNVERIFIED,STATUS_UNCERTAIN,LOW
CNT-DEC-STUDIO-NAME-001-029,SMP-DEC-STUDIO-NAME-001-029,NOT APPLICABLE,Raw Fury,Büyük uluslararası yayıncılar,game/creative market comparator,STATUS_UNCERTAIN,Sweden,Avrupa,NOT_APPLICABLE,Official site/portfolio breadth coding; employee count not asserted,Game development/publishing,PC/console/mobile or multi-platform,İki kelime,Yok,NOT VERIFIED,NOT VERIFIED,QUALIFYING_EVIDENCE_INCOMPLETE,QUALIFYING_EVIDENCE_INCOMPLETE,SRC-DEC-STUDIO-NAME-001-057;SRC-DEC-STUDIO-NAME-001-058,2026-08-08,ESCALATE,Primary activity and official portfolio aligned to layer; no secondary quota count,LOW — fail-closed source review,quality-assurance-director,NOT APPLICABLE,CAN-DEC-STUDIO-NAME-001-029,raw fury,NOT_APPLICABLE,INDEPENDENT_SAMPLE_UNIT,Büyük uluslararası yayıncılar,HISTORICAL_EVENT_SUBJECT,REVIEWED_UNIQUE,NOT_APPLICABLE,Historical case,NOT_APPLICABLE,NOT_APPLICABLE,NOT_APPLICABLE,RECORDED_IN_CASE_NAME,RECORDED_IN_CASE_NAME,NEEDS_RECHECK,REASON_UNVERIFIED,STATUS_UNCERTAIN,LOW
CNT-DEC-STUDIO-NAME-001-030,SMP-DEC-STUDIO-NAME-001-030,NOT APPLICABLE,11 bit studios,Büyük uluslararası yayıncılar,game/creative market comparator,STATUS_UNCERTAIN,Poland,Avrupa,NOT_APPLICABLE,Official site/portfolio breadth coding; employee count not asserted,Game development/publishing,PC/console/mobile or multi-platform,Üç+ kelime,studios,NOT VERIFIED,NOT VERIFIED,QUALIFYING_EVIDENCE_INCOMPLETE,QUALIFYING_EVIDENCE_INCOMPLETE,SRC-DEC-STUDIO-NAME-001-059;SRC-DEC-STUDIO-NAME-001-060,2026-08-08,ESCALATE,Primary activity and official portfolio aligned to layer; no secondary quota count,LOW — fail-closed source review,quality-assurance-director,NOT APPLICABLE,CAN-DEC-STUDIO-NAME-001-030,11 bit studios,NOT_APPLICABLE,INDEPENDENT_SAMPLE_UNIT,Büyük uluslararası yayıncılar,HISTORICAL_EVENT_SUBJECT,REVIEWED_UNIQUE,NOT_APPLICABLE,Historical case,NOT_APPLICABLE,NOT_APPLICABLE,NOT_APPLICABLE,RECORDED_IN_CASE_NAME,RECORDED_IN_CASE_NAME,NEEDS_RECHECK,REASON_UNVERIFIED,STATUS_UNCERTAIN,LOW
CNT-DEC-STUDIO-NAME-001-031,SMP-DEC-STUDIO-NAME-001-031,NOT APPLICABLE,Supergiant Games,Bağımsız stüdyolar,game/creative market comparator,STATUS_UNCERTAIN,United States,Kuzey Amerika,NOT_APPLICABLE,Official site/portfolio breadth coding; employee count not asserted,Game development/publishing,PC/console/mobile or multi-platform,İki kelime,Games,NOT VERIFIED,NOT VERIFIED,QUALIFYING_EVIDENCE_INCOMPLETE,QUALIFYING_EVIDENCE_INCOMPLETE,SRC-DEC-STUDIO-NAME-001-061;SRC-DEC-STUDIO-NAME-001-062,2026-08-08,ESCALATE,Primary activity and official portfolio aligned to layer; no secondary quota count,LOW — fail-closed source review,quality-assurance-director,NOT APPLICABLE,CAN-DEC-STUDIO-NAME-001-031,supergiant games,NOT_APPLICABLE,INDEPENDENT_SAMPLE_UNIT,Bağımsız stüdyolar,HISTORICAL_EVENT_SUBJECT,REVIEWED_UNIQUE,NOT_APPLICABLE,Historical case,NOT_APPLICABLE,NOT_APPLICABLE,NOT_APPLICABLE,RECORDED_IN_CASE_NAME,RECORDED_IN_CASE_NAME,NEEDS_RECHECK,REASON_UNVERIFIED,STATUS_UNCERTAIN,LOW
CNT-DEC-STUDIO-NAME-001-032,SMP-DEC-STUDIO-NAME-001-032,NOT APPLICABLE,Klei Entertainment,Bağımsız stüdyolar,game/creative market comparator,STATUS_UNCERTAIN,Canada,Kuzey Amerika,NOT_APPLICABLE,Official site/portfolio breadth coding; employee count not asserted,Game development/publishing,PC/console/mobile or multi-platform,İki kelime,Entertainment,NOT VERIFIED,NOT VERIFIED,QUALIFYING_EVIDENCE_INCOMPLETE,QUALIFYING_EVIDENCE_INCOMPLETE,SRC-DEC-STUDIO-NAME-001-063;SRC-DEC-STUDIO-NAME-001-064,2026-08-08,ESCALATE,Primary activity and official portfolio aligned to layer; no secondary quota count,LOW — fail-closed source review,quality-assurance-director,NOT APPLICABLE,CAN-DEC-STUDIO-NAME-001-032,klei entertainment,NOT_APPLICABLE,INDEPENDENT_SAMPLE_UNIT,Bağımsız stüdyolar,HISTORICAL_EVENT_SUBJECT,REVIEWED_UNIQUE,NOT_APPLICABLE,Historical case,NOT_APPLICABLE,NOT_APPLICABLE,NOT_APPLICABLE,RECORDED_IN_CASE_NAME,RECORDED_IN_CASE_NAME,NEEDS_RECHECK,REASON_UNVERIFIED,STATUS_UNCERTAIN,LOW
CNT-DEC-STUDIO-NAME-001-033,SMP-DEC-STUDIO-NAME-001-033,NOT APPLICABLE,Subset Games,Bağımsız stüdyolar,game/creative market comparator,STATUS_UNCERTAIN,United States,Kuzey Amerika,NOT_APPLICABLE,Official site/portfolio breadth coding; employee count not asserted,Game development/publishing,PC/console/mobile or multi-platform,İki kelime,Games,NOT VERIFIED,NOT VERIFIED,QUALIFYING_EVIDENCE_INCOMPLETE,QUALIFYING_EVIDENCE_INCOMPLETE,SRC-DEC-STUDIO-NAME-001-065;SRC-DEC-STUDIO-NAME-001-066,2026-08-08,ESCALATE,Primary activity and official portfolio aligned to layer; no secondary quota count,LOW — fail-closed source review,quality-assurance-director,NOT APPLICABLE,CAN-DEC-STUDIO-NAME-001-033,subset games,NOT_APPLICABLE,INDEPENDENT_SAMPLE_UNIT,Bağımsız stüdyolar,HISTORICAL_EVENT_SUBJECT,REVIEWED_UNIQUE,NOT_APPLICABLE,Historical case,NOT_APPLICABLE,NOT_APPLICABLE,NOT_APPLICABLE,RECORDED_IN_CASE_NAME,RECORDED_IN_CASE_NAME,NEEDS_RECHECK,REASON_UNVERIFIED,STATUS_UNCERTAIN,LOW
CNT-DEC-STUDIO-NAME-001-034,SMP-DEC-STUDIO-NAME-001-034,NOT APPLICABLE,Motion Twin,Bağımsız stüdyolar,game/creative market comparator,STATUS_UNCERTAIN,France,Avrupa,NOT_APPLICABLE,Official site/portfolio breadth coding; employee count not asserted,Game development/publishing,PC/console/mobile or multi-platform,İki kelime,Yok,NOT VERIFIED,NOT VERIFIED,QUALIFYING_EVIDENCE_INCOMPLETE,QUALIFYING_EVIDENCE_INCOMPLETE,SRC-DEC-STUDIO-NAME-001-067;SRC-DEC-STUDIO-NAME-001-068,2026-08-08,ESCALATE,Primary activity and official portfolio aligned to layer; no secondary quota count,LOW — fail-closed source review,quality-assurance-director,NOT APPLICABLE,CAN-DEC-STUDIO-NAME-001-034,motion twin,NOT_APPLICABLE,INDEPENDENT_SAMPLE_UNIT,Bağımsız stüdyolar,HISTORICAL_EVENT_SUBJECT,REVIEWED_UNIQUE,NOT_APPLICABLE,Historical case,NOT_APPLICABLE,NOT_APPLICABLE,NOT_APPLICABLE,RECORDED_IN_CASE_NAME,RECORDED_IN_CASE_NAME,NEEDS_RECHECK,REASON_UNVERIFIED,STATUS_UNCERTAIN,LOW
CNT-DEC-STUDIO-NAME-001-035,SMP-DEC-STUDIO-NAME-001-035,NOT APPLICABLE,Mega Crit,Bağımsız stüdyolar,game/creative market comparator,STATUS_UNCERTAIN,United States,Kuzey Amerika,NOT_APPLICABLE,Official site/portfolio breadth coding; employee count not asserted,Game development/publishing,PC/console/mobile or multi-platform,İki kelime,Yok,NOT VERIFIED,NOT VERIFIED,QUALIFYING_EVIDENCE_INCOMPLETE,QUALIFYING_EVIDENCE_INCOMPLETE,SRC-DEC-STUDIO-NAME-001-069;SRC-DEC-STUDIO-NAME-001-070,2026-08-08,ESCALATE,Primary activity and official portfolio aligned to layer; no secondary quota count,LOW — fail-closed source review,quality-assurance-director,NOT APPLICABLE,CAN-DEC-STUDIO-NAME-001-035,mega crit,NOT_APPLICABLE,INDEPENDENT_SAMPLE_UNIT,Bağımsız stüdyolar,HISTORICAL_EVENT_SUBJECT,REVIEWED_UNIQUE,NOT_APPLICABLE,Historical case,NOT_APPLICABLE,NOT_APPLICABLE,NOT_APPLICABLE,RECORDED_IN_CASE_NAME,RECORDED_IN_CASE_NAME,NEEDS_RECHECK,REASON_UNVERIFIED,STATUS_UNCERTAIN,LOW
CNT-DEC-STUDIO-NAME-001-036,SMP-DEC-STUDIO-NAME-001-036,NOT APPLICABLE,Innersloth,Bağımsız stüdyolar,game/creative market comparator,STATUS_UNCERTAIN,United States,Kuzey Amerika,NOT_APPLICABLE,Official site/portfolio breadth coding; employee count not asserted,Game development/publishing,PC/console/mobile or multi-platform,Birleşik kelime,Yok,NOT VERIFIED,NOT VERIFIED,QUALIFYING_EVIDENCE_INCOMPLETE,QUALIFYING_EVIDENCE_INCOMPLETE,SRC-DEC-STUDIO-NAME-001-071;SRC-DEC-STUDIO-NAME-001-072,2026-08-08,ESCALATE,Primary activity and official portfolio aligned to layer; no secondary quota count,LOW — fail-closed source review,quality-assurance-director,NOT APPLICABLE,CAN-DEC-STUDIO-NAME-001-036,innersloth,NOT_APPLICABLE,INDEPENDENT_SAMPLE_UNIT,Bağımsız stüdyolar,HISTORICAL_EVENT_SUBJECT,REVIEWED_UNIQUE,NOT_APPLICABLE,Historical case,NOT_APPLICABLE,NOT_APPLICABLE,NOT_APPLICABLE,RECORDED_IN_CASE_NAME,RECORDED_IN_CASE_NAME,NEEDS_RECHECK,REASON_UNVERIFIED,STATUS_UNCERTAIN,LOW
CNT-DEC-STUDIO-NAME-001-037,SMP-DEC-STUDIO-NAME-001-037,NOT APPLICABLE,Sabotage Studio,Bağımsız stüdyolar,game/creative market comparator,STATUS_UNCERTAIN,Canada,Kuzey Amerika,NOT_APPLICABLE,Official site/portfolio breadth coding; employee count not asserted,Game development/publishing,PC/console/mobile or multi-platform,İki kelime,Studio,NOT VERIFIED,NOT VERIFIED,QUALIFYING_EVIDENCE_INCOMPLETE,QUALIFYING_EVIDENCE_INCOMPLETE,SRC-DEC-STUDIO-NAME-001-073;SRC-DEC-STUDIO-NAME-001-074,2026-08-08,ESCALATE,Primary activity and official portfolio aligned to layer; no secondary quota count,LOW — fail-closed source review,quality-assurance-director,NOT APPLICABLE,CAN-DEC-STUDIO-NAME-001-037,sabotage studio,NOT_APPLICABLE,INDEPENDENT_SAMPLE_UNIT,Bağımsız stüdyolar,HISTORICAL_EVENT_SUBJECT,REVIEWED_UNIQUE,NOT_APPLICABLE,Historical case,NOT_APPLICABLE,NOT_APPLICABLE,NOT_APPLICABLE,RECORDED_IN_CASE_NAME,RECORDED_IN_CASE_NAME,NEEDS_RECHECK,REASON_UNVERIFIED,STATUS_UNCERTAIN,LOW
CNT-DEC-STUDIO-NAME-001-038,SMP-DEC-STUDIO-NAME-001-038,NOT APPLICABLE,Thunder Lotus Games,Bağımsız stüdyolar,game/creative market comparator,STATUS_UNCERTAIN,Canada,Kuzey Amerika,NOT_APPLICABLE,Official site/portfolio breadth coding; employee count not asserted,Game development/publishing,PC/console/mobile or multi-platform,Üç+ kelime,Games,NOT VERIFIED,NOT VERIFIED,QUALIFYING_EVIDENCE_INCOMPLETE,QUALIFYING_EVIDENCE_INCOMPLETE,SRC-DEC-STUDIO-NAME-001-075;SRC-DEC-STUDIO-NAME-001-076,2026-08-08,ESCALATE,Primary activity and official portfolio aligned to layer; no secondary quota count,LOW — fail-closed source review,quality-assurance-director,NOT APPLICABLE,CAN-DEC-STUDIO-NAME-001-038,thunder lotus games,NOT_APPLICABLE,INDEPENDENT_SAMPLE_UNIT,Bağımsız stüdyolar,HISTORICAL_EVENT_SUBJECT,REVIEWED_UNIQUE,NOT_APPLICABLE,Historical case,NOT_APPLICABLE,NOT_APPLICABLE,NOT_APPLICABLE,RECORDED_IN_CASE_NAME,RECORDED_IN_CASE_NAME,NEEDS_RECHECK,REASON_UNVERIFIED,STATUS_UNCERTAIN,LOW
CNT-DEC-STUDIO-NAME-001-039,SMP-DEC-STUDIO-NAME-001-039,NOT APPLICABLE,Finji,Bağımsız stüdyolar,game/creative market comparator,STATUS_UNCERTAIN,United States,Kuzey Amerika,NOT_APPLICABLE,Official site/portfolio breadth coding; employee count not asserted,Game development/publishing,PC/console/mobile or multi-platform,Tek kelime,Yok,NOT VERIFIED,NOT VERIFIED,QUALIFYING_EVIDENCE_INCOMPLETE,QUALIFYING_EVIDENCE_INCOMPLETE,SRC-DEC-STUDIO-NAME-001-077;SRC-DEC-STUDIO-NAME-001-078,2026-08-08,ESCALATE,Primary activity and official portfolio aligned to layer; no secondary quota count,LOW — fail-closed source review,quality-assurance-director,NOT APPLICABLE,CAN-DEC-STUDIO-NAME-001-039,finji,NOT_APPLICABLE,INDEPENDENT_SAMPLE_UNIT,Bağımsız stüdyolar,HISTORICAL_EVENT_SUBJECT,REVIEWED_UNIQUE,NOT_APPLICABLE,Historical case,NOT_APPLICABLE,NOT_APPLICABLE,NOT_APPLICABLE,RECORDED_IN_CASE_NAME,RECORDED_IN_CASE_NAME,NEEDS_RECHECK,REASON_UNVERIFIED,STATUS_UNCERTAIN,LOW
CNT-DEC-STUDIO-NAME-001-040,SMP-DEC-STUDIO-NAME-001-040,NOT APPLICABLE,The Game Bakers,Bağımsız stüdyolar,game/creative market comparator,STATUS_UNCERTAIN,France,Avrupa,NOT_APPLICABLE,Official site/portfolio breadth coding; employee count not asserted,Game development/publishing,PC/console/mobile or multi-platform,Üç+ kelime,Yok,NOT VERIFIED,NOT VERIFIED,QUALIFYING_EVIDENCE_INCOMPLETE,QUALIFYING_EVIDENCE_INCOMPLETE,SRC-DEC-STUDIO-NAME-001-079;SRC-DEC-STUDIO-NAME-001-080,2026-08-08,ESCALATE,Primary activity and official portfolio aligned to layer; no secondary quota count,LOW — fail-closed source review,quality-assurance-director,NOT APPLICABLE,CAN-DEC-STUDIO-NAME-001-040,the game bakers,NOT_APPLICABLE,INDEPENDENT_SAMPLE_UNIT,Bağımsız stüdyolar,HISTORICAL_EVENT_SUBJECT,REVIEWED_UNIQUE,NOT_APPLICABLE,Historical case,NOT_APPLICABLE,NOT_APPLICABLE,NOT_APPLICABLE,RECORDED_IN_CASE_NAME,RECORDED_IN_CASE_NAME,NEEDS_RECHECK,REASON_UNVERIFIED,STATUS_UNCERTAIN,LOW
CNT-DEC-STUDIO-NAME-001-041,SMP-DEC-STUDIO-NAME-001-041,NOT APPLICABLE,Coffee Stain Studios,Bağımsız stüdyolar,game/creative market comparator,STATUS_UNCERTAIN,Sweden,Avrupa,NOT_APPLICABLE,Official site/portfolio breadth coding; employee count not asserted,Game development/publishing,PC/console/mobile or multi-platform,Üç+ kelime,Studios,NOT VERIFIED,NOT VERIFIED,QUALIFYING_EVIDENCE_INCOMPLETE,QUALIFYING_EVIDENCE_INCOMPLETE,SRC-DEC-STUDIO-NAME-001-081;SRC-DEC-STUDIO-NAME-001-082,2026-08-08,ESCALATE,Primary activity and official portfolio aligned to layer; no secondary quota count,LOW — fail-closed source review,quality-assurance-director,NOT APPLICABLE,CAN-DEC-STUDIO-NAME-001-041,coffee stain studios,NOT_APPLICABLE,INDEPENDENT_SAMPLE_UNIT,Bağımsız stüdyolar,HISTORICAL_EVENT_SUBJECT,REVIEWED_UNIQUE,NOT_APPLICABLE,Historical case,NOT_APPLICABLE,NOT_APPLICABLE,NOT_APPLICABLE,RECORDED_IN_CASE_NAME,RECORDED_IN_CASE_NAME,NEEDS_RECHECK,REASON_UNVERIFIED,STATUS_UNCERTAIN,LOW
CNT-DEC-STUDIO-NAME-001-042,SMP-DEC-STUDIO-NAME-001-042,NOT APPLICABLE,Ghost Ship Games,Bağımsız stüdyolar,game/creative market comparator,STATUS_UNCERTAIN,Denmark,Avrupa,NOT_APPLICABLE,Official site/portfolio breadth coding; employee count not asserted,Game development/publishing,PC/console/mobile or multi-platform,Üç+ kelime,Games,NOT VERIFIED,NOT VERIFIED,QUALIFYING_EVIDENCE_INCOMPLETE,QUALIFYING_EVIDENCE_INCOMPLETE,SRC-DEC-STUDIO-NAME-001-083;SRC-DEC-STUDIO-NAME-001-084,2026-08-08,ESCALATE,Primary activity and official portfolio aligned to layer; no secondary quota count,LOW — fail-closed source review,quality-assurance-director,NOT APPLICABLE,CAN-DEC-STUDIO-NAME-001-042,ghost ship games,NOT_APPLICABLE,INDEPENDENT_SAMPLE_UNIT,Bağımsız stüdyolar,HISTORICAL_EVENT_SUBJECT,REVIEWED_UNIQUE,NOT_APPLICABLE,Historical case,NOT_APPLICABLE,NOT_APPLICABLE,NOT_APPLICABLE,RECORDED_IN_CASE_NAME,RECORDED_IN_CASE_NAME,NEEDS_RECHECK,REASON_UNVERIFIED,STATUS_UNCERTAIN,LOW
CNT-DEC-STUDIO-NAME-001-043,SMP-DEC-STUDIO-NAME-001-043,NOT APPLICABLE,Iron Gate Studio,Bağımsız stüdyolar,game/creative market comparator,STATUS_UNCERTAIN,Sweden,Avrupa,NOT_APPLICABLE,Official site/portfolio breadth coding; employee count not asserted,Game development/publishing,PC/console/mobile or multi-platform,Üç+ kelime,Studio,NOT VERIFIED,NOT VERIFIED,QUALIFYING_EVIDENCE_INCOMPLETE,QUALIFYING_EVIDENCE_INCOMPLETE,SRC-DEC-STUDIO-NAME-001-085;SRC-DEC-STUDIO-NAME-001-086,2026-08-08,ESCALATE,Primary activity and official portfolio aligned to layer; no secondary quota count,LOW — fail-closed source review,quality-assurance-director,NOT APPLICABLE,CAN-DEC-STUDIO-NAME-001-043,iron gate studio,NOT_APPLICABLE,INDEPENDENT_SAMPLE_UNIT,Bağımsız stüdyolar,HISTORICAL_EVENT_SUBJECT,REVIEWED_UNIQUE,NOT_APPLICABLE,Historical case,NOT_APPLICABLE,NOT_APPLICABLE,NOT_APPLICABLE,RECORDED_IN_CASE_NAME,RECORDED_IN_CASE_NAME,NEEDS_RECHECK,REASON_UNVERIFIED,STATUS_UNCERTAIN,LOW
CNT-DEC-STUDIO-NAME-001-044,SMP-DEC-STUDIO-NAME-001-044,NOT APPLICABLE,Landfall Games,Bağımsız stüdyolar,game/creative market comparator,STATUS_UNCERTAIN,Sweden,Avrupa,NOT_APPLICABLE,Official site/portfolio breadth coding; employee count not asserted,Game development/publishing,PC/console/mobile or multi-platform,İki kelime,Games,NOT VERIFIED,NOT VERIFIED,QUALIFYING_EVIDENCE_INCOMPLETE,QUALIFYING_EVIDENCE_INCOMPLETE,SRC-DEC-STUDIO-NAME-001-087;SRC-DEC-STUDIO-NAME-001-088,2026-08-08,ESCALATE,Primary activity and official portfolio aligned to layer; no secondary quota count,LOW — fail-closed source review,quality-assurance-director,NOT APPLICABLE,CAN-DEC-STUDIO-NAME-001-044,landfall games,NOT_APPLICABLE,INDEPENDENT_SAMPLE_UNIT,Bağımsız stüdyolar,HISTORICAL_EVENT_SUBJECT,REVIEWED_UNIQUE,NOT_APPLICABLE,Historical case,NOT_APPLICABLE,NOT_APPLICABLE,NOT_APPLICABLE,RECORDED_IN_CASE_NAME,RECORDED_IN_CASE_NAME,NEEDS_RECHECK,REASON_UNVERIFIED,STATUS_UNCERTAIN,LOW
CNT-DEC-STUDIO-NAME-001-045,SMP-DEC-STUDIO-NAME-001-045,NOT APPLICABLE,No More Robots,Bağımsız stüdyolar,game/creative market comparator,STATUS_UNCERTAIN,United Kingdom,Avrupa,NOT_APPLICABLE,Official site/portfolio breadth coding; employee count not asserted,Game development/publishing,PC/console/mobile or multi-platform,Üç+ kelime,Yok,NOT VERIFIED,NOT VERIFIED,QUALIFYING_EVIDENCE_INCOMPLETE,QUALIFYING_EVIDENCE_INCOMPLETE,SRC-DEC-STUDIO-NAME-001-089;SRC-DEC-STUDIO-NAME-001-090,2026-08-08,ESCALATE,Primary activity and official portfolio aligned to layer; no secondary quota count,LOW — fail-closed source review,quality-assurance-director,NOT APPLICABLE,CAN-DEC-STUDIO-NAME-001-045,no more robots,NOT_APPLICABLE,INDEPENDENT_SAMPLE_UNIT,Bağımsız stüdyolar,HISTORICAL_EVENT_SUBJECT,REVIEWED_UNIQUE,NOT_APPLICABLE,Historical case,NOT_APPLICABLE,NOT_APPLICABLE,NOT_APPLICABLE,RECORDED_IN_CASE_NAME,RECORDED_IN_CASE_NAME,NEEDS_RECHECK,REASON_UNVERIFIED,STATUS_UNCERTAIN,LOW
CNT-DEC-STUDIO-NAME-001-046,SMP-DEC-STUDIO-NAME-001-046,NOT APPLICABLE,Failbetter Games,Bağımsız stüdyolar,game/creative market comparator,STATUS_UNCERTAIN,United Kingdom,Avrupa,NOT_APPLICABLE,Official site/portfolio breadth coding; employee count not asserted,Game development/publishing,PC/console/mobile or multi-platform,İki kelime,Games,NOT VERIFIED,NOT VERIFIED,QUALIFYING_EVIDENCE_INCOMPLETE,QUALIFYING_EVIDENCE_INCOMPLETE,SRC-DEC-STUDIO-NAME-001-091;SRC-DEC-STUDIO-NAME-001-092,2026-08-08,ESCALATE,Primary activity and official portfolio aligned to layer; no secondary quota count,LOW — fail-closed source review,quality-assurance-director,NOT APPLICABLE,CAN-DEC-STUDIO-NAME-001-046,failbetter games,NOT_APPLICABLE,INDEPENDENT_SAMPLE_UNIT,Bağımsız stüdyolar,HISTORICAL_EVENT_SUBJECT,REVIEWED_UNIQUE,NOT_APPLICABLE,Historical case,NOT_APPLICABLE,NOT_APPLICABLE,NOT_APPLICABLE,RECORDED_IN_CASE_NAME,RECORDED_IN_CASE_NAME,NEEDS_RECHECK,REASON_UNVERIFIED,STATUS_UNCERTAIN,LOW
CNT-DEC-STUDIO-NAME-001-047,SMP-DEC-STUDIO-NAME-001-047,NOT APPLICABLE,Weather Factory,Bağımsız stüdyolar,game/creative market comparator,STATUS_UNCERTAIN,United Kingdom,Avrupa,NOT_APPLICABLE,Official site/portfolio breadth coding; employee count not asserted,Game development/publishing,PC/console/mobile or multi-platform,İki kelime,Yok,NOT VERIFIED,NOT VERIFIED,QUALIFYING_EVIDENCE_INCOMPLETE,QUALIFYING_EVIDENCE_INCOMPLETE,SRC-DEC-STUDIO-NAME-001-093;SRC-DEC-STUDIO-NAME-001-094,2026-08-08,ESCALATE,Primary activity and official portfolio aligned to layer; no secondary quota count,LOW — fail-closed source review,quality-assurance-director,NOT APPLICABLE,CAN-DEC-STUDIO-NAME-001-047,weather factory,NOT_APPLICABLE,INDEPENDENT_SAMPLE_UNIT,Bağımsız stüdyolar,HISTORICAL_EVENT_SUBJECT,REVIEWED_UNIQUE,NOT_APPLICABLE,Historical case,NOT_APPLICABLE,NOT_APPLICABLE,NOT_APPLICABLE,RECORDED_IN_CASE_NAME,RECORDED_IN_CASE_NAME,NEEDS_RECHECK,REASON_UNVERIFIED,STATUS_UNCERTAIN,LOW
CNT-DEC-STUDIO-NAME-001-048,SMP-DEC-STUDIO-NAME-001-048,NOT APPLICABLE,Hello Games,Bağımsız stüdyolar,game/creative market comparator,STATUS_UNCERTAIN,United Kingdom,Avrupa,NOT_APPLICABLE,Official site/portfolio breadth coding; employee count not asserted,Game development/publishing,PC/console/mobile or multi-platform,İki kelime,Games,NOT VERIFIED,NOT VERIFIED,QUALIFYING_EVIDENCE_INCOMPLETE,QUALIFYING_EVIDENCE_INCOMPLETE,SRC-DEC-STUDIO-NAME-001-095;SRC-DEC-STUDIO-NAME-001-096,2026-08-08,ESCALATE,Primary activity and official portfolio aligned to layer; no secondary quota count,LOW — fail-closed source review,quality-assurance-director,NOT APPLICABLE,CAN-DEC-STUDIO-NAME-001-048,hello games,NOT_APPLICABLE,INDEPENDENT_SAMPLE_UNIT,Bağımsız stüdyolar,HISTORICAL_EVENT_SUBJECT,REVIEWED_UNIQUE,NOT_APPLICABLE,Historical case,NOT_APPLICABLE,NOT_APPLICABLE,NOT_APPLICABLE,RECORDED_IN_CASE_NAME,RECORDED_IN_CASE_NAME,NEEDS_RECHECK,REASON_UNVERIFIED,STATUS_UNCERTAIN,LOW
CNT-DEC-STUDIO-NAME-001-049,SMP-DEC-STUDIO-NAME-001-049,NOT APPLICABLE,ustwo games,Bağımsız stüdyolar,game/creative market comparator,STATUS_UNCERTAIN,United Kingdom,Avrupa,NOT_APPLICABLE,Official site/portfolio breadth coding; employee count not asserted,Game development/publishing,PC/console/mobile or multi-platform,İki kelime,games,NOT VERIFIED,NOT VERIFIED,QUALIFYING_EVIDENCE_INCOMPLETE,QUALIFYING_EVIDENCE_INCOMPLETE,SRC-DEC-STUDIO-NAME-001-097;SRC-DEC-STUDIO-NAME-001-098,2026-08-08,ESCALATE,Primary activity and official portfolio aligned to layer; no secondary quota count,LOW — fail-closed source review,quality-assurance-director,NOT APPLICABLE,CAN-DEC-STUDIO-NAME-001-049,ustwo games,NOT_APPLICABLE,INDEPENDENT_SAMPLE_UNIT,Bağımsız stüdyolar,HISTORICAL_EVENT_SUBJECT,REVIEWED_UNIQUE,NOT_APPLICABLE,Historical case,NOT_APPLICABLE,NOT_APPLICABLE,NOT_APPLICABLE,RECORDED_IN_CASE_NAME,RECORDED_IN_CASE_NAME,NEEDS_RECHECK,REASON_UNVERIFIED,STATUS_UNCERTAIN,LOW
CNT-DEC-STUDIO-NAME-001-050,SMP-DEC-STUDIO-NAME-001-050,NOT APPLICABLE,Triband,Bağımsız stüdyolar,game/creative market comparator,STATUS_UNCERTAIN,Denmark,Avrupa,NOT_APPLICABLE,Official site/portfolio breadth coding; employee count not asserted,Game development/publishing,PC/console/mobile or multi-platform,Tek kelime,Yok,NOT VERIFIED,NOT VERIFIED,QUALIFYING_EVIDENCE_INCOMPLETE,QUALIFYING_EVIDENCE_INCOMPLETE,SRC-DEC-STUDIO-NAME-001-099;SRC-DEC-STUDIO-NAME-001-100,2026-08-08,ESCALATE,Primary activity and official portfolio aligned to layer; no secondary quota count,LOW — fail-closed source review,quality-assurance-director,NOT APPLICABLE,CAN-DEC-STUDIO-NAME-001-050,triband,NOT_APPLICABLE,INDEPENDENT_SAMPLE_UNIT,Bağımsız stüdyolar,HISTORICAL_EVENT_SUBJECT,REVIEWED_UNIQUE,NOT_APPLICABLE,Historical case,NOT_APPLICABLE,NOT_APPLICABLE,NOT_APPLICABLE,RECORDED_IN_CASE_NAME,RECORDED_IN_CASE_NAME,NEEDS_RECHECK,REASON_UNVERIFIED,STATUS_UNCERTAIN,LOW
CNT-DEC-STUDIO-NAME-001-051,SMP-DEC-STUDIO-NAME-001-051,NOT APPLICABLE,Frictional Games,Bağımsız stüdyolar,game/creative market comparator,STATUS_UNCERTAIN,Sweden,Avrupa,NOT_APPLICABLE,Official site/portfolio breadth coding; employee count not asserted,Game development/publishing,PC/console/mobile or multi-platform,İki kelime,Games,NOT VERIFIED,NOT VERIFIED,QUALIFYING_EVIDENCE_INCOMPLETE,QUALIFYING_EVIDENCE_INCOMPLETE,SRC-DEC-STUDIO-NAME-001-101;SRC-DEC-STUDIO-NAME-001-102,2026-08-08,ESCALATE,Primary activity and official portfolio aligned to layer; no secondary quota count,LOW — fail-closed source review,quality-assurance-director,NOT APPLICABLE,CAN-DEC-STUDIO-NAME-001-051,frictional games,NOT_APPLICABLE,INDEPENDENT_SAMPLE_UNIT,Bağımsız stüdyolar,HISTORICAL_EVENT_SUBJECT,REVIEWED_UNIQUE,NOT_APPLICABLE,Historical case,NOT_APPLICABLE,NOT_APPLICABLE,NOT_APPLICABLE,RECORDED_IN_CASE_NAME,RECORDED_IN_CASE_NAME,NEEDS_RECHECK,REASON_UNVERIFIED,STATUS_UNCERTAIN,LOW
CNT-DEC-STUDIO-NAME-001-052,SMP-DEC-STUDIO-NAME-001-052,NOT APPLICABLE,Image & Form Games,Bağımsız stüdyolar,game/creative market comparator,STATUS_UNCERTAIN,Sweden,Avrupa,NOT_APPLICABLE,Official site/portfolio breadth coding; employee count not asserted,Game development/publishing,PC/console/mobile or multi-platform,Üç+ kelime,Games,NOT VERIFIED,NOT VERIFIED,QUALIFYING_EVIDENCE_INCOMPLETE,QUALIFYING_EVIDENCE_INCOMPLETE,SRC-DEC-STUDIO-NAME-001-103;SRC-DEC-STUDIO-NAME-001-104,2026-08-08,ESCALATE,Primary activity and official portfolio aligned to layer; no secondary quota count,LOW — fail-closed source review,quality-assurance-director,NOT APPLICABLE,CAN-DEC-STUDIO-NAME-001-052,image form games,NOT_APPLICABLE,INDEPENDENT_SAMPLE_UNIT,Bağımsız stüdyolar,HISTORICAL_EVENT_SUBJECT,REVIEWED_UNIQUE,NOT_APPLICABLE,Historical case,NOT_APPLICABLE,NOT_APPLICABLE,NOT_APPLICABLE,RECORDED_IN_CASE_NAME,RECORDED_IN_CASE_NAME,NEEDS_RECHECK,REASON_UNVERIFIED,STATUS_UNCERTAIN,LOW
CNT-DEC-STUDIO-NAME-001-053,SMP-DEC-STUDIO-NAME-001-053,NOT APPLICABLE,Zoink Games,Bağımsız stüdyolar,game/creative market comparator,STATUS_UNCERTAIN,Sweden,Avrupa,NOT_APPLICABLE,Official site/portfolio breadth coding; employee count not asserted,Game development/publishing,PC/console/mobile or multi-platform,İki kelime,Games,NOT VERIFIED,NOT VERIFIED,QUALIFYING_EVIDENCE_INCOMPLETE,QUALIFYING_EVIDENCE_INCOMPLETE,SRC-DEC-STUDIO-NAME-001-105;SRC-DEC-STUDIO-NAME-001-106,2026-08-08,ESCALATE,Primary activity and official portfolio aligned to layer; no secondary quota count,LOW — fail-closed source review,quality-assurance-director,NOT APPLICABLE,CAN-DEC-STUDIO-NAME-001-053,zoink games,NOT_APPLICABLE,INDEPENDENT_SAMPLE_UNIT,Bağımsız stüdyolar,HISTORICAL_EVENT_SUBJECT,REVIEWED_UNIQUE,NOT_APPLICABLE,Historical case,NOT_APPLICABLE,NOT_APPLICABLE,NOT_APPLICABLE,RECORDED_IN_CASE_NAME,RECORDED_IN_CASE_NAME,NEEDS_RECHECK,REASON_UNVERIFIED,STATUS_UNCERTAIN,LOW
CNT-DEC-STUDIO-NAME-001-054,SMP-DEC-STUDIO-NAME-001-054,NOT APPLICABLE,Red Thread Games,Bağımsız stüdyolar,game/creative market comparator,STATUS_UNCERTAIN,Norway,Avrupa,NOT_APPLICABLE,Official site/portfolio breadth coding; employee count not asserted,Game development/publishing,PC/console/mobile or multi-platform,Üç+ kelime,Games,NOT VERIFIED,NOT VERIFIED,QUALIFYING_EVIDENCE_INCOMPLETE,QUALIFYING_EVIDENCE_INCOMPLETE,SRC-DEC-STUDIO-NAME-001-107;SRC-DEC-STUDIO-NAME-001-108,2026-08-08,ESCALATE,Primary activity and official portfolio aligned to layer; no secondary quota count,LOW — fail-closed source review,quality-assurance-director,NOT APPLICABLE,CAN-DEC-STUDIO-NAME-001-054,red thread games,NOT_APPLICABLE,INDEPENDENT_SAMPLE_UNIT,Bağımsız stüdyolar,HISTORICAL_EVENT_SUBJECT,REVIEWED_UNIQUE,NOT_APPLICABLE,Historical case,NOT_APPLICABLE,NOT_APPLICABLE,NOT_APPLICABLE,RECORDED_IN_CASE_NAME,RECORDED_IN_CASE_NAME,NEEDS_RECHECK,REASON_UNVERIFIED,STATUS_UNCERTAIN,LOW
CNT-DEC-STUDIO-NAME-001-055,SMP-DEC-STUDIO-NAME-001-055,NOT APPLICABLE,Housemarque,Bağımsız stüdyolar,game/creative market comparator,STATUS_UNCERTAIN,Finland,Avrupa,NOT_APPLICABLE,Official site/portfolio breadth coding; employee count not asserted,Game development/publishing,PC/console/mobile or multi-platform,Uydurma kelime,Yok,NOT VERIFIED,NOT VERIFIED,QUALIFYING_EVIDENCE_INCOMPLETE,QUALIFYING_EVIDENCE_INCOMPLETE,SRC-DEC-STUDIO-NAME-001-109;SRC-DEC-STUDIO-NAME-001-110,2026-08-08,ESCALATE,Primary activity and official portfolio aligned to layer; no secondary quota count,LOW — fail-closed source review,quality-assurance-director,NOT APPLICABLE,CAN-DEC-STUDIO-NAME-001-055,housemarque,NOT_APPLICABLE,INDEPENDENT_SAMPLE_UNIT,Bağımsız stüdyolar,HISTORICAL_EVENT_SUBJECT,REVIEWED_UNIQUE,NOT_APPLICABLE,Historical case,NOT_APPLICABLE,NOT_APPLICABLE,NOT_APPLICABLE,RECORDED_IN_CASE_NAME,RECORDED_IN_CASE_NAME,NEEDS_RECHECK,REASON_UNVERIFIED,STATUS_UNCERTAIN,LOW
CNT-DEC-STUDIO-NAME-001-056,SMP-DEC-STUDIO-NAME-001-056,NOT APPLICABLE,Frozenbyte,Bağımsız stüdyolar,game/creative market comparator,STATUS_UNCERTAIN,Finland,Avrupa,NOT_APPLICABLE,Official site/portfolio breadth coding; employee count not asserted,Game development/publishing,PC/console/mobile or multi-platform,Birleşik kelime,Yok,NOT VERIFIED,NOT VERIFIED,QUALIFYING_EVIDENCE_INCOMPLETE,QUALIFYING_EVIDENCE_INCOMPLETE,SRC-DEC-STUDIO-NAME-001-111;SRC-DEC-STUDIO-NAME-001-112,2026-08-08,ESCALATE,Primary activity and official portfolio aligned to layer; no secondary quota count,LOW — fail-closed source review,quality-assurance-director,NOT APPLICABLE,CAN-DEC-STUDIO-NAME-001-056,frozenbyte,NOT_APPLICABLE,INDEPENDENT_SAMPLE_UNIT,Bağımsız stüdyolar,HISTORICAL_EVENT_SUBJECT,REVIEWED_UNIQUE,NOT_APPLICABLE,Historical case,NOT_APPLICABLE,NOT_APPLICABLE,NOT_APPLICABLE,RECORDED_IN_CASE_NAME,RECORDED_IN_CASE_NAME,NEEDS_RECHECK,REASON_UNVERIFIED,STATUS_UNCERTAIN,LOW
CNT-DEC-STUDIO-NAME-001-057,SMP-DEC-STUDIO-NAME-001-057,NOT APPLICABLE,Colossal Order,Bağımsız stüdyolar,game/creative market comparator,STATUS_UNCERTAIN,Finland,Avrupa,NOT_APPLICABLE,Official site/portfolio breadth coding; employee count not asserted,Game development/publishing,PC/console/mobile or multi-platform,İki kelime,Yok,NOT VERIFIED,NOT VERIFIED,QUALIFYING_EVIDENCE_INCOMPLETE,QUALIFYING_EVIDENCE_INCOMPLETE,SRC-DEC-STUDIO-NAME-001-113;SRC-DEC-STUDIO-NAME-001-114,2026-08-08,ESCALATE,Primary activity and official portfolio aligned to layer; no secondary quota count,LOW — fail-closed source review,quality-assurance-director,NOT APPLICABLE,CAN-DEC-STUDIO-NAME-001-057,colossal order,NOT_APPLICABLE,INDEPENDENT_SAMPLE_UNIT,Bağımsız stüdyolar,HISTORICAL_EVENT_SUBJECT,REVIEWED_UNIQUE,NOT_APPLICABLE,Historical case,NOT_APPLICABLE,NOT_APPLICABLE,NOT_APPLICABLE,RECORDED_IN_CASE_NAME,RECORDED_IN_CASE_NAME,NEEDS_RECHECK,REASON_UNVERIFIED,STATUS_UNCERTAIN,LOW
CNT-DEC-STUDIO-NAME-001-058,SMP-DEC-STUDIO-NAME-001-058,NOT APPLICABLE,Sad Owl Studios,Bağımsız stüdyolar,game/creative market comparator,STATUS_UNCERTAIN,United Kingdom,Avrupa,NOT_APPLICABLE,Official site/portfolio breadth coding; employee count not asserted,Game development/publishing,PC/console/mobile or multi-platform,Üç+ kelime,Studios,NOT VERIFIED,NOT VERIFIED,QUALIFYING_EVIDENCE_INCOMPLETE,QUALIFYING_EVIDENCE_INCOMPLETE,SRC-DEC-STUDIO-NAME-001-115;SRC-DEC-STUDIO-NAME-001-116,2026-08-08,ESCALATE,Primary activity and official portfolio aligned to layer; no secondary quota count,LOW — fail-closed source review,quality-assurance-director,NOT APPLICABLE,CAN-DEC-STUDIO-NAME-001-058,sad owl studios,NOT_APPLICABLE,INDEPENDENT_SAMPLE_UNIT,Bağımsız stüdyolar,HISTORICAL_EVENT_SUBJECT,REVIEWED_UNIQUE,NOT_APPLICABLE,Historical case,NOT_APPLICABLE,NOT_APPLICABLE,NOT_APPLICABLE,RECORDED_IN_CASE_NAME,RECORDED_IN_CASE_NAME,NEEDS_RECHECK,REASON_UNVERIFIED,STATUS_UNCERTAIN,LOW
CNT-DEC-STUDIO-NAME-001-059,SMP-DEC-STUDIO-NAME-001-059,NOT APPLICABLE,Masomo,Bağımsız stüdyolar,game/creative market comparator,STATUS_UNCERTAIN,Türkiye,Türkiye ve yakın bölge,NOT_APPLICABLE,Official site/portfolio breadth coding; employee count not asserted,Game development/publishing,PC/console/mobile or multi-platform,Tek kelime,Yok,NOT VERIFIED,NOT VERIFIED,QUALIFYING_EVIDENCE_INCOMPLETE,QUALIFYING_EVIDENCE_INCOMPLETE,SRC-DEC-STUDIO-NAME-001-117;SRC-DEC-STUDIO-NAME-001-118,2026-08-08,ESCALATE,Primary activity and official portfolio aligned to layer; no secondary quota count,LOW — fail-closed source review,quality-assurance-director,NOT APPLICABLE,CAN-DEC-STUDIO-NAME-001-059,masomo,NOT_APPLICABLE,INDEPENDENT_SAMPLE_UNIT,Bağımsız stüdyolar,HISTORICAL_EVENT_SUBJECT,REVIEWED_UNIQUE,NOT_APPLICABLE,Historical case,NOT_APPLICABLE,NOT_APPLICABLE,NOT_APPLICABLE,RECORDED_IN_CASE_NAME,RECORDED_IN_CASE_NAME,NEEDS_RECHECK,REASON_UNVERIFIED,STATUS_UNCERTAIN,LOW
CNT-DEC-STUDIO-NAME-001-060,SMP-DEC-STUDIO-NAME-001-060,NOT APPLICABLE,PanicBarn,Bağımsız stüdyolar,game/creative market comparator,STATUS_UNCERTAIN,United Kingdom,Avrupa,NOT_APPLICABLE,Official site/portfolio breadth coding; employee count not asserted,Game development/publishing,PC/console/mobile or multi-platform,Birleşik kelime,Yok,NOT VERIFIED,NOT VERIFIED,QUALIFYING_EVIDENCE_INCOMPLETE,QUALIFYING_EVIDENCE_INCOMPLETE,SRC-DEC-STUDIO-NAME-001-119;SRC-DEC-STUDIO-NAME-001-120,2026-08-08,ESCALATE,Primary activity and official portfolio aligned to layer; no secondary quota count,LOW — fail-closed source review,quality-assurance-director,NOT APPLICABLE,CAN-DEC-STUDIO-NAME-001-060,panicbarn,NOT_APPLICABLE,INDEPENDENT_SAMPLE_UNIT,Bağımsız stüdyolar,HISTORICAL_EVENT_SUBJECT,REVIEWED_UNIQUE,NOT_APPLICABLE,Historical case,NOT_APPLICABLE,NOT_APPLICABLE,NOT_APPLICABLE,RECORDED_IN_CASE_NAME,RECORDED_IN_CASE_NAME,NEEDS_RECHECK,REASON_UNVERIFIED,STATUS_UNCERTAIN,LOW
CNT-DEC-STUDIO-NAME-001-061,SMP-DEC-STUDIO-NAME-001-061,NOT APPLICABLE,Chucklefish,Bağımsız stüdyolar,game/creative market comparator,STATUS_UNCERTAIN,United Kingdom,Avrupa,NOT_APPLICABLE,Official site/portfolio breadth coding; employee count not asserted,Game development/publishing,PC/console/mobile or multi-platform,Birleşik kelime,Yok,NOT VERIFIED,NOT VERIFIED,QUALIFYING_EVIDENCE_INCOMPLETE,QUALIFYING_EVIDENCE_INCOMPLETE,SRC-DEC-STUDIO-NAME-001-121;SRC-DEC-STUDIO-NAME-001-122,2026-08-08,ESCALATE,Primary activity and official portfolio aligned to layer; no secondary quota count,LOW — fail-closed source review,quality-assurance-director,NOT APPLICABLE,CAN-DEC-STUDIO-NAME-001-061,chucklefish,NOT_APPLICABLE,INDEPENDENT_SAMPLE_UNIT,Bağımsız stüdyolar,HISTORICAL_EVENT_SUBJECT,REVIEWED_UNIQUE,NOT_APPLICABLE,Historical case,NOT_APPLICABLE,NOT_APPLICABLE,NOT_APPLICABLE,RECORDED_IN_CASE_NAME,RECORDED_IN_CASE_NAME,NEEDS_RECHECK,REASON_UNVERIFIED,STATUS_UNCERTAIN,LOW
CNT-DEC-STUDIO-NAME-001-062,SMP-DEC-STUDIO-NAME-001-062,NOT APPLICABLE,Mediatonic,Bağımsız stüdyolar,game/creative market comparator,STATUS_UNCERTAIN,United Kingdom,Avrupa,NOT_APPLICABLE,Official site/portfolio breadth coding; employee count not asserted,Game development/publishing,PC/console/mobile or multi-platform,Uydurma kelime,Yok,NOT VERIFIED,NOT VERIFIED,QUALIFYING_EVIDENCE_INCOMPLETE,QUALIFYING_EVIDENCE_INCOMPLETE,SRC-DEC-STUDIO-NAME-001-123;SRC-DEC-STUDIO-NAME-001-124,2026-08-08,ESCALATE,Primary activity and official portfolio aligned to layer; no secondary quota count,LOW — fail-closed source review,quality-assurance-director,NOT APPLICABLE,CAN-DEC-STUDIO-NAME-001-062,mediatonic,NOT_APPLICABLE,INDEPENDENT_SAMPLE_UNIT,Bağımsız stüdyolar,HISTORICAL_EVENT_SUBJECT,REVIEWED_UNIQUE,NOT_APPLICABLE,Historical case,NOT_APPLICABLE,NOT_APPLICABLE,NOT_APPLICABLE,RECORDED_IN_CASE_NAME,RECORDED_IN_CASE_NAME,NEEDS_RECHECK,REASON_UNVERIFIED,STATUS_UNCERTAIN,LOW
CNT-DEC-STUDIO-NAME-001-063,SMP-DEC-STUDIO-NAME-001-063,NOT APPLICABLE,Aggro Crab,Bağımsız stüdyolar,game/creative market comparator,STATUS_UNCERTAIN,United States,Kuzey Amerika,NOT_APPLICABLE,Official site/portfolio breadth coding; employee count not asserted,Game development/publishing,PC/console/mobile or multi-platform,İki kelime,Yok,NOT VERIFIED,NOT VERIFIED,QUALIFYING_EVIDENCE_INCOMPLETE,QUALIFYING_EVIDENCE_INCOMPLETE,SRC-DEC-STUDIO-NAME-001-125;SRC-DEC-STUDIO-NAME-001-126,2026-08-08,ESCALATE,Primary activity and official portfolio aligned to layer; no secondary quota count,LOW — fail-closed source review,quality-assurance-director,NOT APPLICABLE,CAN-DEC-STUDIO-NAME-001-063,aggro crab,NOT_APPLICABLE,INDEPENDENT_SAMPLE_UNIT,Bağımsız stüdyolar,HISTORICAL_EVENT_SUBJECT,REVIEWED_UNIQUE,NOT_APPLICABLE,Historical case,NOT_APPLICABLE,NOT_APPLICABLE,NOT_APPLICABLE,RECORDED_IN_CASE_NAME,RECORDED_IN_CASE_NAME,NEEDS_RECHECK,REASON_UNVERIFIED,STATUS_UNCERTAIN,LOW
CNT-DEC-STUDIO-NAME-001-064,SMP-DEC-STUDIO-NAME-001-064,NOT APPLICABLE,Heart Machine,Bağımsız stüdyolar,game/creative market comparator,STATUS_UNCERTAIN,United States,Kuzey Amerika,NOT_APPLICABLE,Official site/portfolio breadth coding; employee count not asserted,Game development/publishing,PC/console/mobile or multi-platform,İki kelime,Yok,NOT VERIFIED,NOT VERIFIED,QUALIFYING_EVIDENCE_INCOMPLETE,QUALIFYING_EVIDENCE_INCOMPLETE,SRC-DEC-STUDIO-NAME-001-127;SRC-DEC-STUDIO-NAME-001-128,2026-08-08,ESCALATE,Primary activity and official portfolio aligned to layer; no secondary quota count,LOW — fail-closed source review,quality-assurance-director,NOT APPLICABLE,CAN-DEC-STUDIO-NAME-001-064,heart machine,NOT_APPLICABLE,INDEPENDENT_SAMPLE_UNIT,Bağımsız stüdyolar,HISTORICAL_EVENT_SUBJECT,REVIEWED_UNIQUE,NOT_APPLICABLE,Historical case,NOT_APPLICABLE,NOT_APPLICABLE,NOT_APPLICABLE,RECORDED_IN_CASE_NAME,RECORDED_IN_CASE_NAME,NEEDS_RECHECK,REASON_UNVERIFIED,STATUS_UNCERTAIN,LOW
CNT-DEC-STUDIO-NAME-001-065,SMP-DEC-STUDIO-NAME-001-065,NOT APPLICABLE,Night School Studio,Bağımsız stüdyolar,game/creative market comparator,STATUS_UNCERTAIN,United States,Kuzey Amerika,NOT_APPLICABLE,Official site/portfolio breadth coding; employee count not asserted,Game development/publishing,PC/console/mobile or multi-platform,Üç+ kelime,Studio,NOT VERIFIED,NOT VERIFIED,QUALIFYING_EVIDENCE_INCOMPLETE,QUALIFYING_EVIDENCE_INCOMPLETE,SRC-DEC-STUDIO-NAME-001-129;SRC-DEC-STUDIO-NAME-001-130,2026-08-08,ESCALATE,Primary activity and official portfolio aligned to layer; no secondary quota count,LOW — fail-closed source review,quality-assurance-director,NOT APPLICABLE,CAN-DEC-STUDIO-NAME-001-065,night school studio,NOT_APPLICABLE,INDEPENDENT_SAMPLE_UNIT,Bağımsız stüdyolar,HISTORICAL_EVENT_SUBJECT,REVIEWED_UNIQUE,NOT_APPLICABLE,Historical case,NOT_APPLICABLE,NOT_APPLICABLE,NOT_APPLICABLE,RECORDED_IN_CASE_NAME,RECORDED_IN_CASE_NAME,NEEDS_RECHECK,REASON_UNVERIFIED,STATUS_UNCERTAIN,LOW
CNT-DEC-STUDIO-NAME-001-066,SMP-DEC-STUDIO-NAME-001-066,NOT APPLICABLE,Mobius Digital,Bağımsız stüdyolar,game/creative market comparator,STATUS_UNCERTAIN,United States,Kuzey Amerika,NOT_APPLICABLE,Official site/portfolio breadth coding; employee count not asserted,Game development/publishing,PC/console/mobile or multi-platform,İki kelime,Digital,NOT VERIFIED,NOT VERIFIED,QUALIFYING_EVIDENCE_INCOMPLETE,QUALIFYING_EVIDENCE_INCOMPLETE,SRC-DEC-STUDIO-NAME-001-131;SRC-DEC-STUDIO-NAME-001-132,2026-08-08,ESCALATE,Primary activity and official portfolio aligned to layer; no secondary quota count,LOW — fail-closed source review,quality-assurance-director,NOT APPLICABLE,CAN-DEC-STUDIO-NAME-001-066,mobius digital,NOT_APPLICABLE,INDEPENDENT_SAMPLE_UNIT,Bağımsız stüdyolar,HISTORICAL_EVENT_SUBJECT,REVIEWED_UNIQUE,NOT_APPLICABLE,Historical case,NOT_APPLICABLE,NOT_APPLICABLE,NOT_APPLICABLE,RECORDED_IN_CASE_NAME,RECORDED_IN_CASE_NAME,NEEDS_RECHECK,REASON_UNVERIFIED,STATUS_UNCERTAIN,LOW
CNT-DEC-STUDIO-NAME-001-067,SMP-DEC-STUDIO-NAME-001-067,NOT APPLICABLE,DrinkBox Studios,Bağımsız stüdyolar,game/creative market comparator,STATUS_UNCERTAIN,Canada,Kuzey Amerika,NOT_APPLICABLE,Official site/portfolio breadth coding; employee count not asserted,Game development/publishing,PC/console/mobile or multi-platform,İki kelime,Studios,NOT VERIFIED,NOT VERIFIED,QUALIFYING_EVIDENCE_INCOMPLETE,QUALIFYING_EVIDENCE_INCOMPLETE,SRC-DEC-STUDIO-NAME-001-133;SRC-DEC-STUDIO-NAME-001-134,2026-08-08,ESCALATE,Primary activity and official portfolio aligned to layer; no secondary quota count,LOW — fail-closed source review,quality-assurance-director,NOT APPLICABLE,CAN-DEC-STUDIO-NAME-001-067,drinkbox studios,NOT_APPLICABLE,INDEPENDENT_SAMPLE_UNIT,Bağımsız stüdyolar,HISTORICAL_EVENT_SUBJECT,REVIEWED_UNIQUE,NOT_APPLICABLE,Historical case,NOT_APPLICABLE,NOT_APPLICABLE,NOT_APPLICABLE,RECORDED_IN_CASE_NAME,RECORDED_IN_CASE_NAME,NEEDS_RECHECK,REASON_UNVERIFIED,STATUS_UNCERTAIN,LOW
CNT-DEC-STUDIO-NAME-001-068,SMP-DEC-STUDIO-NAME-001-068,NOT APPLICABLE,Kitfox Games,Bağımsız stüdyolar,game/creative market comparator,STATUS_UNCERTAIN,Canada,Kuzey Amerika,NOT_APPLICABLE,Official site/portfolio breadth coding; employee count not asserted,Game development/publishing,PC/console/mobile or multi-platform,İki kelime,Games,NOT VERIFIED,NOT VERIFIED,QUALIFYING_EVIDENCE_INCOMPLETE,QUALIFYING_EVIDENCE_INCOMPLETE,SRC-DEC-STUDIO-NAME-001-135;SRC-DEC-STUDIO-NAME-001-136,2026-08-08,ESCALATE,Primary activity and official portfolio aligned to layer; no secondary quota count,LOW — fail-closed source review,quality-assurance-director,NOT APPLICABLE,CAN-DEC-STUDIO-NAME-001-068,kitfox games,NOT_APPLICABLE,INDEPENDENT_SAMPLE_UNIT,Bağımsız stüdyolar,HISTORICAL_EVENT_SUBJECT,REVIEWED_UNIQUE,NOT_APPLICABLE,Historical case,NOT_APPLICABLE,NOT_APPLICABLE,NOT_APPLICABLE,RECORDED_IN_CASE_NAME,RECORDED_IN_CASE_NAME,NEEDS_RECHECK,REASON_UNVERIFIED,STATUS_UNCERTAIN,LOW
CNT-DEC-STUDIO-NAME-001-069,SMP-DEC-STUDIO-NAME-001-069,NOT APPLICABLE,Brace Yourself Games,Bağımsız stüdyolar,game/creative market comparator,STATUS_UNCERTAIN,Canada,Kuzey Amerika,NOT_APPLICABLE,Official site/portfolio breadth coding; employee count not asserted,Game development/publishing,PC/console/mobile or multi-platform,Üç+ kelime,Games,NOT VERIFIED,NOT VERIFIED,QUALIFYING_EVIDENCE_INCOMPLETE,QUALIFYING_EVIDENCE_INCOMPLETE,SRC-DEC-STUDIO-NAME-001-137;SRC-DEC-STUDIO-NAME-001-138,2026-08-08,ESCALATE,Primary activity and official portfolio aligned to layer; no secondary quota count,LOW — fail-closed source review,quality-assurance-director,NOT APPLICABLE,CAN-DEC-STUDIO-NAME-001-069,brace yourself games,NOT_APPLICABLE,INDEPENDENT_SAMPLE_UNIT,Bağımsız stüdyolar,HISTORICAL_EVENT_SUBJECT,REVIEWED_UNIQUE,NOT_APPLICABLE,Historical case,NOT_APPLICABLE,NOT_APPLICABLE,NOT_APPLICABLE,RECORDED_IN_CASE_NAME,RECORDED_IN_CASE_NAME,NEEDS_RECHECK,REASON_UNVERIFIED,STATUS_UNCERTAIN,LOW
CNT-DEC-STUDIO-NAME-001-070,SMP-DEC-STUDIO-NAME-001-070,NOT APPLICABLE,Freebird Games,Bağımsız stüdyolar,game/creative market comparator,STATUS_UNCERTAIN,Canada,Kuzey Amerika,NOT_APPLICABLE,Official site/portfolio breadth coding; employee count not asserted,Game development/publishing,PC/console/mobile or multi-platform,İki kelime,Games,NOT VERIFIED,NOT VERIFIED,QUALIFYING_EVIDENCE_INCOMPLETE,QUALIFYING_EVIDENCE_INCOMPLETE,SRC-DEC-STUDIO-NAME-001-139;SRC-DEC-STUDIO-NAME-001-140,2026-08-08,ESCALATE,Primary activity and official portfolio aligned to layer; no secondary quota count,LOW — fail-closed source review,quality-assurance-director,NOT APPLICABLE,CAN-DEC-STUDIO-NAME-001-070,freebird games,NOT_APPLICABLE,INDEPENDENT_SAMPLE_UNIT,Bağımsız stüdyolar,HISTORICAL_EVENT_SUBJECT,REVIEWED_UNIQUE,NOT_APPLICABLE,Historical case,NOT_APPLICABLE,NOT_APPLICABLE,NOT_APPLICABLE,RECORDED_IN_CASE_NAME,RECORDED_IN_CASE_NAME,NEEDS_RECHECK,REASON_UNVERIFIED,STATUS_UNCERTAIN,LOW
CNT-DEC-STUDIO-NAME-001-071,SMP-DEC-STUDIO-NAME-001-071,NOT APPLICABLE,Studio MDHR,Bağımsız stüdyolar,game/creative market comparator,STATUS_UNCERTAIN,Canada,Kuzey Amerika,NOT_APPLICABLE,Official site/portfolio breadth coding; employee count not asserted,Game development/publishing,PC/console/mobile or multi-platform,İki kelime,Studio,NOT VERIFIED,NOT VERIFIED,QUALIFYING_EVIDENCE_INCOMPLETE,QUALIFYING_EVIDENCE_INCOMPLETE,SRC-DEC-STUDIO-NAME-001-141;SRC-DEC-STUDIO-NAME-001-142,2026-08-08,ESCALATE,Primary activity and official portfolio aligned to layer; no secondary quota count,LOW — fail-closed source review,quality-assurance-director,NOT APPLICABLE,CAN-DEC-STUDIO-NAME-001-071,studio mdhr,NOT_APPLICABLE,INDEPENDENT_SAMPLE_UNIT,Bağımsız stüdyolar,HISTORICAL_EVENT_SUBJECT,REVIEWED_UNIQUE,NOT_APPLICABLE,Historical case,NOT_APPLICABLE,NOT_APPLICABLE,NOT_APPLICABLE,RECORDED_IN_CASE_NAME,RECORDED_IN_CASE_NAME,NEEDS_RECHECK,REASON_UNVERIFIED,STATUS_UNCERTAIN,LOW
CNT-DEC-STUDIO-NAME-001-072,SMP-DEC-STUDIO-NAME-001-072,NOT APPLICABLE,Team Cherry,Bağımsız stüdyolar,game/creative market comparator,STATUS_UNCERTAIN,Australia,Diğer bölgeler,NOT_APPLICABLE,Official site/portfolio breadth coding; employee count not asserted,Game development/publishing,PC/console/mobile or multi-platform,İki kelime,Team,NOT VERIFIED,NOT VERIFIED,QUALIFYING_EVIDENCE_INCOMPLETE,QUALIFYING_EVIDENCE_INCOMPLETE,SRC-DEC-STUDIO-NAME-001-143;SRC-DEC-STUDIO-NAME-001-144,2026-08-08,ESCALATE,Primary activity and official portfolio aligned to layer; no secondary quota count,LOW — fail-closed source review,quality-assurance-director,NOT APPLICABLE,CAN-DEC-STUDIO-NAME-001-072,team cherry,NOT_APPLICABLE,INDEPENDENT_SAMPLE_UNIT,Bağımsız stüdyolar,HISTORICAL_EVENT_SUBJECT,REVIEWED_UNIQUE,NOT_APPLICABLE,Historical case,NOT_APPLICABLE,NOT_APPLICABLE,NOT_APPLICABLE,RECORDED_IN_CASE_NAME,RECORDED_IN_CASE_NAME,NEEDS_RECHECK,REASON_UNVERIFIED,STATUS_UNCERTAIN,LOW
CNT-DEC-STUDIO-NAME-001-073,SMP-DEC-STUDIO-NAME-001-073,NOT APPLICABLE,Witch Beam,Bağımsız stüdyolar,game/creative market comparator,STATUS_UNCERTAIN,Australia,Diğer bölgeler,NOT_APPLICABLE,Official site/portfolio breadth coding; employee count not asserted,Game development/publishing,PC/console/mobile or multi-platform,İki kelime,Yok,NOT VERIFIED,NOT VERIFIED,QUALIFYING_EVIDENCE_INCOMPLETE,QUALIFYING_EVIDENCE_INCOMPLETE,SRC-DEC-STUDIO-NAME-001-145;SRC-DEC-STUDIO-NAME-001-146,2026-08-08,ESCALATE,Primary activity and official portfolio aligned to layer; no secondary quota count,LOW — fail-closed source review,quality-assurance-director,NOT APPLICABLE,CAN-DEC-STUDIO-NAME-001-073,witch beam,NOT_APPLICABLE,INDEPENDENT_SAMPLE_UNIT,Bağımsız stüdyolar,HISTORICAL_EVENT_SUBJECT,REVIEWED_UNIQUE,NOT_APPLICABLE,Historical case,NOT_APPLICABLE,NOT_APPLICABLE,NOT_APPLICABLE,RECORDED_IN_CASE_NAME,RECORDED_IN_CASE_NAME,NEEDS_RECHECK,REASON_UNVERIFIED,STATUS_UNCERTAIN,LOW
CNT-DEC-STUDIO-NAME-001-074,SMP-DEC-STUDIO-NAME-001-074,NOT APPLICABLE,Beethoven & Dinosaur,Bağımsız stüdyolar,game/creative market comparator,STATUS_UNCERTAIN,Australia,Diğer bölgeler,NOT_APPLICABLE,Official site/portfolio breadth coding; employee count not asserted,Game development/publishing,PC/console/mobile or multi-platform,İki kelime,Yok,NOT VERIFIED,NOT VERIFIED,QUALIFYING_EVIDENCE_INCOMPLETE,QUALIFYING_EVIDENCE_INCOMPLETE,SRC-DEC-STUDIO-NAME-001-147;SRC-DEC-STUDIO-NAME-001-148,2026-08-08,ESCALATE,Primary activity and official portfolio aligned to layer; no secondary quota count,LOW — fail-closed source review,quality-assurance-director,NOT APPLICABLE,CAN-DEC-STUDIO-NAME-001-074,beethoven dinosaur,NOT_APPLICABLE,INDEPENDENT_SAMPLE_UNIT,Bağımsız stüdyolar,HISTORICAL_EVENT_SUBJECT,REVIEWED_UNIQUE,NOT_APPLICABLE,Historical case,NOT_APPLICABLE,NOT_APPLICABLE,NOT_APPLICABLE,RECORDED_IN_CASE_NAME,RECORDED_IN_CASE_NAME,NEEDS_RECHECK,REASON_UNVERIFIED,STATUS_UNCERTAIN,LOW
CNT-DEC-STUDIO-NAME-001-075,SMP-DEC-STUDIO-NAME-001-075,NOT APPLICABLE,Mojiken Studio,Bağımsız stüdyolar,game/creative market comparator,STATUS_UNCERTAIN,Indonesia,Güney ve Güneydoğu Asya,NOT_APPLICABLE,Official site/portfolio breadth coding; employee count not asserted,Game development/publishing,PC/console/mobile or multi-platform,İki kelime,Studio,NOT VERIFIED,NOT VERIFIED,QUALIFYING_EVIDENCE_INCOMPLETE,QUALIFYING_EVIDENCE_INCOMPLETE,SRC-DEC-STUDIO-NAME-001-149;SRC-DEC-STUDIO-NAME-001-150,2026-08-08,ESCALATE,Primary activity and official portfolio aligned to layer; no secondary quota count,LOW — fail-closed source review,quality-assurance-director,NOT APPLICABLE,CAN-DEC-STUDIO-NAME-001-075,mojiken studio,NOT_APPLICABLE,INDEPENDENT_SAMPLE_UNIT,Bağımsız stüdyolar,HISTORICAL_EVENT_SUBJECT,REVIEWED_UNIQUE,NOT_APPLICABLE,Historical case,NOT_APPLICABLE,NOT_APPLICABLE,NOT_APPLICABLE,RECORDED_IN_CASE_NAME,RECORDED_IN_CASE_NAME,NEEDS_RECHECK,REASON_UNVERIFIED,STATUS_UNCERTAIN,LOW
CNT-DEC-STUDIO-NAME-001-076,SMP-DEC-STUDIO-NAME-001-076,NOT APPLICABLE,Supercell,Mobil oyun şirketleri,game/creative market comparator,STATUS_UNCERTAIN,Finland,Avrupa,NOT_APPLICABLE,Official site/portfolio breadth coding; employee count not asserted,Game development/publishing,Mobile,Birleşik kelime,Yok,NOT VERIFIED,NOT VERIFIED,QUALIFYING_EVIDENCE_INCOMPLETE,QUALIFYING_EVIDENCE_INCOMPLETE,SRC-DEC-STUDIO-NAME-001-151;SRC-DEC-STUDIO-NAME-001-152,2026-08-08,ESCALATE,Primary activity and official portfolio aligned to layer; no secondary quota count,LOW — fail-closed source review,quality-assurance-director,NOT APPLICABLE,CAN-DEC-STUDIO-NAME-001-076,supercell,NOT_APPLICABLE,INDEPENDENT_SAMPLE_UNIT,Mobil oyun şirketleri,HISTORICAL_EVENT_SUBJECT,REVIEWED_UNIQUE,NOT_APPLICABLE,Historical case,NOT_APPLICABLE,NOT_APPLICABLE,NOT_APPLICABLE,RECORDED_IN_CASE_NAME,RECORDED_IN_CASE_NAME,NEEDS_RECHECK,REASON_UNVERIFIED,STATUS_UNCERTAIN,LOW
CNT-DEC-STUDIO-NAME-001-077,SMP-DEC-STUDIO-NAME-001-077,NOT APPLICABLE,Homa Games,Mobil oyun şirketleri,game/creative market comparator,STATUS_UNCERTAIN,France,Avrupa,NOT_APPLICABLE,Official site/portfolio breadth coding; employee count not asserted,Game development/publishing,Mobile,Tek kelime,Yok,NOT VERIFIED,NOT VERIFIED,QUALIFYING_EVIDENCE_INCOMPLETE,QUALIFYING_EVIDENCE_INCOMPLETE,SRC-DEC-STUDIO-NAME-001-153;SRC-DEC-STUDIO-NAME-001-154,2026-08-08,ESCALATE,Primary activity and official portfolio aligned to layer; no secondary quota count,LOW — fail-closed source review,quality-assurance-director,NOT APPLICABLE,CAN-DEC-STUDIO-NAME-001-077,homa games,NOT_APPLICABLE,INDEPENDENT_SAMPLE_UNIT,Mobil oyun şirketleri,HISTORICAL_EVENT_SUBJECT,REVIEWED_UNIQUE,NOT_APPLICABLE,Historical case,NOT_APPLICABLE,NOT_APPLICABLE,NOT_APPLICABLE,RECORDED_IN_CASE_NAME,RECORDED_IN_CASE_NAME,NEEDS_RECHECK,REASON_UNVERIFIED,STATUS_UNCERTAIN,LOW
CNT-DEC-STUDIO-NAME-001-078,SMP-DEC-STUDIO-NAME-001-078,NOT APPLICABLE,Scopely,Mobil oyun şirketleri,game/creative market comparator,STATUS_UNCERTAIN,United States,Kuzey Amerika,NOT_APPLICABLE,Official site/portfolio breadth coding; employee count not asserted,Game development/publishing,Mobile,Uydurma kelime,Yok,NOT VERIFIED,NOT VERIFIED,QUALIFYING_EVIDENCE_INCOMPLETE,QUALIFYING_EVIDENCE_INCOMPLETE,SRC-DEC-STUDIO-NAME-001-155;SRC-DEC-STUDIO-NAME-001-156,2026-08-08,ESCALATE,Primary activity and official portfolio aligned to layer; no secondary quota count,LOW — fail-closed source review,quality-assurance-director,NOT APPLICABLE,CAN-DEC-STUDIO-NAME-001-078,scopely,NOT_APPLICABLE,INDEPENDENT_SAMPLE_UNIT,Mobil oyun şirketleri,HISTORICAL_EVENT_SUBJECT,REVIEWED_UNIQUE,NOT_APPLICABLE,Historical case,NOT_APPLICABLE,NOT_APPLICABLE,NOT_APPLICABLE,RECORDED_IN_CASE_NAME,RECORDED_IN_CASE_NAME,NEEDS_RECHECK,REASON_UNVERIFIED,STATUS_UNCERTAIN,LOW
CNT-DEC-STUDIO-NAME-001-079,SMP-DEC-STUDIO-NAME-001-079,NOT APPLICABLE,Zynga,Mobil oyun şirketleri,game/creative market comparator,STATUS_UNCERTAIN,United States,Kuzey Amerika,NOT_APPLICABLE,Official site/portfolio breadth coding; employee count not asserted,Game development/publishing,Mobile,Uydurma kelime,Yok,NOT VERIFIED,NOT VERIFIED,QUALIFYING_EVIDENCE_INCOMPLETE,QUALIFYING_EVIDENCE_INCOMPLETE,SRC-DEC-STUDIO-NAME-001-157;SRC-DEC-STUDIO-NAME-001-158,2026-08-08,ESCALATE,Primary activity and official portfolio aligned to layer; no secondary quota count,LOW — fail-closed source review,quality-assurance-director,NOT APPLICABLE,CAN-DEC-STUDIO-NAME-001-079,zynga,NOT_APPLICABLE,INDEPENDENT_SAMPLE_UNIT,Mobil oyun şirketleri,HISTORICAL_EVENT_SUBJECT,REVIEWED_UNIQUE,NOT_APPLICABLE,Historical case,NOT_APPLICABLE,NOT_APPLICABLE,NOT_APPLICABLE,RECORDED_IN_CASE_NAME,RECORDED_IN_CASE_NAME,NEEDS_RECHECK,REASON_UNVERIFIED,STATUS_UNCERTAIN,LOW
CNT-DEC-STUDIO-NAME-001-080,SMP-DEC-STUDIO-NAME-001-080,NOT APPLICABLE,Niantic,Mobil oyun şirketleri,game/creative market comparator,STATUS_UNCERTAIN,United States,Kuzey Amerika,NOT_APPLICABLE,Official site/portfolio breadth coding; employee count not asserted,Game development/publishing,Mobile,Uydurma kelime,Yok,NOT VERIFIED,NOT VERIFIED,QUALIFYING_EVIDENCE_INCOMPLETE,QUALIFYING_EVIDENCE_INCOMPLETE,SRC-DEC-STUDIO-NAME-001-159;SRC-DEC-STUDIO-NAME-001-160,2026-08-08,ESCALATE,Primary activity and official portfolio aligned to layer; no secondary quota count,LOW — fail-closed source review,quality-assurance-director,NOT APPLICABLE,CAN-DEC-STUDIO-NAME-001-080,niantic,NOT_APPLICABLE,INDEPENDENT_SAMPLE_UNIT,Mobil oyun şirketleri,HISTORICAL_EVENT_SUBJECT,REVIEWED_UNIQUE,NOT_APPLICABLE,Historical case,NOT_APPLICABLE,NOT_APPLICABLE,NOT_APPLICABLE,RECORDED_IN_CASE_NAME,RECORDED_IN_CASE_NAME,NEEDS_RECHECK,REASON_UNVERIFIED,STATUS_UNCERTAIN,LOW
CNT-DEC-STUDIO-NAME-001-081,SMP-DEC-STUDIO-NAME-001-081,NOT APPLICABLE,Jam City,Mobil oyun şirketleri,game/creative market comparator,STATUS_UNCERTAIN,United States,Kuzey Amerika,NOT_APPLICABLE,Official site/portfolio breadth coding; employee count not asserted,Game development/publishing,Mobile,İki kelime,Yok,NOT VERIFIED,NOT VERIFIED,QUALIFYING_EVIDENCE_INCOMPLETE,QUALIFYING_EVIDENCE_INCOMPLETE,SRC-DEC-STUDIO-NAME-001-161;SRC-DEC-STUDIO-NAME-001-162,2026-08-08,ESCALATE,Primary activity and official portfolio aligned to layer; no secondary quota count,LOW — fail-closed source review,quality-assurance-director,NOT APPLICABLE,CAN-DEC-STUDIO-NAME-001-081,jam city,NOT_APPLICABLE,INDEPENDENT_SAMPLE_UNIT,Mobil oyun şirketleri,HISTORICAL_EVENT_SUBJECT,REVIEWED_UNIQUE,NOT_APPLICABLE,Historical case,NOT_APPLICABLE,NOT_APPLICABLE,NOT_APPLICABLE,RECORDED_IN_CASE_NAME,RECORDED_IN_CASE_NAME,NEEDS_RECHECK,REASON_UNVERIFIED,STATUS_UNCERTAIN,LOW
CNT-DEC-STUDIO-NAME-001-082,SMP-DEC-STUDIO-NAME-001-082,NOT APPLICABLE,Playrix,Mobil oyun şirketleri,game/creative market comparator,STATUS_UNCERTAIN,Ireland,Avrupa,NOT_APPLICABLE,Official site/portfolio breadth coding; employee count not asserted,Game development/publishing,Mobile,Uydurma kelime,Yok,NOT VERIFIED,NOT VERIFIED,QUALIFYING_EVIDENCE_INCOMPLETE,QUALIFYING_EVIDENCE_INCOMPLETE,SRC-DEC-STUDIO-NAME-001-163;SRC-DEC-STUDIO-NAME-001-164,2026-08-08,ESCALATE,Primary activity and official portfolio aligned to layer; no secondary quota count,LOW — fail-closed source review,quality-assurance-director,NOT APPLICABLE,CAN-DEC-STUDIO-NAME-001-082,playrix,NOT_APPLICABLE,INDEPENDENT_SAMPLE_UNIT,Mobil oyun şirketleri,HISTORICAL_EVENT_SUBJECT,REVIEWED_UNIQUE,NOT_APPLICABLE,Historical case,NOT_APPLICABLE,NOT_APPLICABLE,NOT_APPLICABLE,RECORDED_IN_CASE_NAME,RECORDED_IN_CASE_NAME,NEEDS_RECHECK,REASON_UNVERIFIED,STATUS_UNCERTAIN,LOW
CNT-DEC-STUDIO-NAME-001-083,SMP-DEC-STUDIO-NAME-001-083,NOT APPLICABLE,Moon Active,Mobil oyun şirketleri,game/creative market comparator,STATUS_UNCERTAIN,Israel,Türkiye ve yakın bölge,NOT_APPLICABLE,Official site/portfolio breadth coding; employee count not asserted,Game development/publishing,Mobile,İki kelime,Yok,NOT VERIFIED,NOT VERIFIED,QUALIFYING_EVIDENCE_INCOMPLETE,QUALIFYING_EVIDENCE_INCOMPLETE,SRC-DEC-STUDIO-NAME-001-165;SRC-DEC-STUDIO-NAME-001-166,2026-08-08,ESCALATE,Primary activity and official portfolio aligned to layer; no secondary quota count,LOW — fail-closed source review,quality-assurance-director,NOT APPLICABLE,CAN-DEC-STUDIO-NAME-001-083,moon active,NOT_APPLICABLE,INDEPENDENT_SAMPLE_UNIT,Mobil oyun şirketleri,HISTORICAL_EVENT_SUBJECT,REVIEWED_UNIQUE,NOT_APPLICABLE,Historical case,NOT_APPLICABLE,NOT_APPLICABLE,NOT_APPLICABLE,RECORDED_IN_CASE_NAME,RECORDED_IN_CASE_NAME,NEEDS_RECHECK,REASON_UNVERIFIED,STATUS_UNCERTAIN,LOW
CNT-DEC-STUDIO-NAME-001-084,SMP-DEC-STUDIO-NAME-001-084,NOT APPLICABLE,Miniclip,Mobil oyun şirketleri,game/creative market comparator,STATUS_UNCERTAIN,Switzerland,Avrupa,NOT_APPLICABLE,Official site/portfolio breadth coding; employee count not asserted,Game development/publishing,Mobile,Birleşik kelime,Yok,NOT VERIFIED,NOT VERIFIED,QUALIFYING_EVIDENCE_INCOMPLETE,QUALIFYING_EVIDENCE_INCOMPLETE,SRC-DEC-STUDIO-NAME-001-167;SRC-DEC-STUDIO-NAME-001-168,2026-08-08,ESCALATE,Primary activity and official portfolio aligned to layer; no secondary quota count,LOW — fail-closed source review,quality-assurance-director,NOT APPLICABLE,CAN-DEC-STUDIO-NAME-001-084,miniclip,NOT_APPLICABLE,INDEPENDENT_SAMPLE_UNIT,Mobil oyun şirketleri,HISTORICAL_EVENT_SUBJECT,REVIEWED_UNIQUE,NOT_APPLICABLE,Historical case,NOT_APPLICABLE,NOT_APPLICABLE,NOT_APPLICABLE,RECORDED_IN_CASE_NAME,RECORDED_IN_CASE_NAME,NEEDS_RECHECK,REASON_UNVERIFIED,STATUS_UNCERTAIN,LOW
CNT-DEC-STUDIO-NAME-001-085,SMP-DEC-STUDIO-NAME-001-085,NOT APPLICABLE,Voodoo,Mobil oyun şirketleri,game/creative market comparator,STATUS_UNCERTAIN,France,Avrupa,NOT_APPLICABLE,Official site/portfolio breadth coding; employee count not asserted,Game development/publishing,Mobile,Tek kelime,Yok,NOT VERIFIED,NOT VERIFIED,QUALIFYING_EVIDENCE_INCOMPLETE,QUALIFYING_EVIDENCE_INCOMPLETE,SRC-DEC-STUDIO-NAME-001-169;SRC-DEC-STUDIO-NAME-001-170,2026-08-08,ESCALATE,Primary activity and official portfolio aligned to layer; no secondary quota count,LOW — fail-closed source review,quality-assurance-director,NOT APPLICABLE,CAN-DEC-STUDIO-NAME-001-085,voodoo,NOT_APPLICABLE,INDEPENDENT_SAMPLE_UNIT,Mobil oyun şirketleri,HISTORICAL_EVENT_SUBJECT,REVIEWED_UNIQUE,NOT_APPLICABLE,Historical case,NOT_APPLICABLE,NOT_APPLICABLE,NOT_APPLICABLE,RECORDED_IN_CASE_NAME,RECORDED_IN_CASE_NAME,NEEDS_RECHECK,REASON_UNVERIFIED,STATUS_UNCERTAIN,LOW
CNT-DEC-STUDIO-NAME-001-086,SMP-DEC-STUDIO-NAME-001-086,NOT APPLICABLE,Rollic,Mobil oyun şirketleri,game/creative market comparator,STATUS_UNCERTAIN,Türkiye,Türkiye ve yakın bölge,NOT_APPLICABLE,Official site/portfolio breadth coding; employee count not asserted,Game development/publishing,Mobile,Uydurma kelime,Yok,NOT VERIFIED,NOT VERIFIED,QUALIFYING_EVIDENCE_INCOMPLETE,QUALIFYING_EVIDENCE_INCOMPLETE,SRC-DEC-STUDIO-NAME-001-171;SRC-DEC-STUDIO-NAME-001-172,2026-08-08,ESCALATE,Primary activity and official portfolio aligned to layer; no secondary quota count,LOW — fail-closed source review,quality-assurance-director,NOT APPLICABLE,CAN-DEC-STUDIO-NAME-001-086,rollic,NOT_APPLICABLE,INDEPENDENT_SAMPLE_UNIT,Mobil oyun şirketleri,HISTORICAL_EVENT_SUBJECT,REVIEWED_UNIQUE,NOT_APPLICABLE,Historical case,NOT_APPLICABLE,NOT_APPLICABLE,NOT_APPLICABLE,RECORDED_IN_CASE_NAME,RECORDED_IN_CASE_NAME,NEEDS_RECHECK,REASON_UNVERIFIED,STATUS_UNCERTAIN,LOW
CNT-DEC-STUDIO-NAME-001-087,SMP-DEC-STUDIO-NAME-001-087,NOT APPLICABLE,Dream Games,Mobil oyun şirketleri,game/creative market comparator,STATUS_UNCERTAIN,Türkiye,Türkiye ve yakın bölge,NOT_APPLICABLE,Official site/portfolio breadth coding; employee count not asserted,Game development/publishing,Mobile,İki kelime,Games,NOT VERIFIED,NOT VERIFIED,QUALIFYING_EVIDENCE_INCOMPLETE,QUALIFYING_EVIDENCE_INCOMPLETE,SRC-DEC-STUDIO-NAME-001-173;SRC-DEC-STUDIO-NAME-001-174,2026-08-08,ESCALATE,Primary activity and official portfolio aligned to layer; no secondary quota count,LOW — fail-closed source review,quality-assurance-director,NOT APPLICABLE,CAN-DEC-STUDIO-NAME-001-087,dream games,NOT_APPLICABLE,INDEPENDENT_SAMPLE_UNIT,Mobil oyun şirketleri,HISTORICAL_EVENT_SUBJECT,REVIEWED_UNIQUE,NOT_APPLICABLE,Historical case,NOT_APPLICABLE,NOT_APPLICABLE,NOT_APPLICABLE,RECORDED_IN_CASE_NAME,RECORDED_IN_CASE_NAME,NEEDS_RECHECK,REASON_UNVERIFIED,STATUS_UNCERTAIN,LOW
CNT-DEC-STUDIO-NAME-001-088,SMP-DEC-STUDIO-NAME-001-088,NOT APPLICABLE,Peak,Mobil oyun şirketleri,game/creative market comparator,STATUS_UNCERTAIN,Türkiye,Türkiye ve yakın bölge,NOT_APPLICABLE,Official site/portfolio breadth coding; employee count not asserted,Game development/publishing,Mobile,Tek kelime,Yok,NOT VERIFIED,NOT VERIFIED,QUALIFYING_EVIDENCE_INCOMPLETE,QUALIFYING_EVIDENCE_INCOMPLETE,SRC-DEC-STUDIO-NAME-001-175;SRC-DEC-STUDIO-NAME-001-176,2026-08-08,ESCALATE,Primary activity and official portfolio aligned to layer; no secondary quota count,LOW — fail-closed source review,quality-assurance-director,NOT APPLICABLE,CAN-DEC-STUDIO-NAME-001-088,peak,NOT_APPLICABLE,INDEPENDENT_SAMPLE_UNIT,Mobil oyun şirketleri,HISTORICAL_EVENT_SUBJECT,REVIEWED_UNIQUE,NOT_APPLICABLE,Historical case,NOT_APPLICABLE,NOT_APPLICABLE,NOT_APPLICABLE,RECORDED_IN_CASE_NAME,RECORDED_IN_CASE_NAME,NEEDS_RECHECK,REASON_UNVERIFIED,STATUS_UNCERTAIN,LOW
CNT-DEC-STUDIO-NAME-001-089,SMP-DEC-STUDIO-NAME-001-089,NOT APPLICABLE,Good Job Games,Mobil oyun şirketleri,game/creative market comparator,STATUS_UNCERTAIN,Türkiye,Türkiye ve yakın bölge,NOT_APPLICABLE,Official site/portfolio breadth coding; employee count not asserted,Game development/publishing,Mobile,Üç+ kelime,Games,NOT VERIFIED,NOT VERIFIED,QUALIFYING_EVIDENCE_INCOMPLETE,QUALIFYING_EVIDENCE_INCOMPLETE,SRC-DEC-STUDIO-NAME-001-177;SRC-DEC-STUDIO-NAME-001-178,2026-08-08,ESCALATE,Primary activity and official portfolio aligned to layer; no secondary quota count,LOW — fail-closed source review,quality-assurance-director,NOT APPLICABLE,CAN-DEC-STUDIO-NAME-001-089,good job games,NOT_APPLICABLE,INDEPENDENT_SAMPLE_UNIT,Mobil oyun şirketleri,HISTORICAL_EVENT_SUBJECT,REVIEWED_UNIQUE,NOT_APPLICABLE,Historical case,NOT_APPLICABLE,NOT_APPLICABLE,NOT_APPLICABLE,RECORDED_IN_CASE_NAME,RECORDED_IN_CASE_NAME,NEEDS_RECHECK,REASON_UNVERIFIED,STATUS_UNCERTAIN,LOW
CNT-DEC-STUDIO-NAME-001-090,SMP-DEC-STUDIO-NAME-001-090,NOT APPLICABLE,Spyke Games,Mobil oyun şirketleri,game/creative market comparator,STATUS_UNCERTAIN,Türkiye,Türkiye ve yakın bölge,NOT_APPLICABLE,Official site/portfolio breadth coding; employee count not asserted,Game development/publishing,Mobile,İki kelime,Games,NOT VERIFIED,NOT VERIFIED,QUALIFYING_EVIDENCE_INCOMPLETE,QUALIFYING_EVIDENCE_INCOMPLETE,SRC-DEC-STUDIO-NAME-001-179;SRC-DEC-STUDIO-NAME-001-180,2026-08-08,ESCALATE,Primary activity and official portfolio aligned to layer; no secondary quota count,LOW — fail-closed source review,quality-assurance-director,NOT APPLICABLE,CAN-DEC-STUDIO-NAME-001-090,spyke games,NOT_APPLICABLE,INDEPENDENT_SAMPLE_UNIT,Mobil oyun şirketleri,HISTORICAL_EVENT_SUBJECT,REVIEWED_UNIQUE,NOT_APPLICABLE,Historical case,NOT_APPLICABLE,NOT_APPLICABLE,NOT_APPLICABLE,RECORDED_IN_CASE_NAME,RECORDED_IN_CASE_NAME,NEEDS_RECHECK,REASON_UNVERIFIED,STATUS_UNCERTAIN,LOW
CNT-DEC-STUDIO-NAME-001-091,SMP-DEC-STUDIO-NAME-001-091,NOT APPLICABLE,Ace Games,Mobil oyun şirketleri,game/creative market comparator,STATUS_UNCERTAIN,Türkiye,Türkiye ve yakın bölge,NOT_APPLICABLE,Official site/portfolio breadth coding; employee count not asserted,Game development/publishing,Mobile,İki kelime,Games,NOT VERIFIED,NOT VERIFIED,QUALIFYING_EVIDENCE_INCOMPLETE,QUALIFYING_EVIDENCE_INCOMPLETE,SRC-DEC-STUDIO-NAME-001-181;SRC-DEC-STUDIO-NAME-001-182,2026-08-08,ESCALATE,Primary activity and official portfolio aligned to layer; no secondary quota count,LOW — fail-closed source review,quality-assurance-director,NOT APPLICABLE,CAN-DEC-STUDIO-NAME-001-091,ace games,NOT_APPLICABLE,INDEPENDENT_SAMPLE_UNIT,Mobil oyun şirketleri,HISTORICAL_EVENT_SUBJECT,REVIEWED_UNIQUE,NOT_APPLICABLE,Historical case,NOT_APPLICABLE,NOT_APPLICABLE,NOT_APPLICABLE,RECORDED_IN_CASE_NAME,RECORDED_IN_CASE_NAME,NEEDS_RECHECK,REASON_UNVERIFIED,STATUS_UNCERTAIN,LOW
CNT-DEC-STUDIO-NAME-001-092,SMP-DEC-STUDIO-NAME-001-092,NOT APPLICABLE,Tilting Point,Mobil oyun şirketleri,game/creative market comparator,STATUS_UNCERTAIN,United States,Kuzey Amerika,NOT_APPLICABLE,Official site/portfolio breadth coding; employee count not asserted,Game development/publishing,Mobile,İki kelime,Yok,NOT VERIFIED,NOT VERIFIED,QUALIFYING_EVIDENCE_INCOMPLETE,QUALIFYING_EVIDENCE_INCOMPLETE,SRC-DEC-STUDIO-NAME-001-183;SRC-DEC-STUDIO-NAME-001-184,2026-08-08,ESCALATE,Primary activity and official portfolio aligned to layer; no secondary quota count,LOW — fail-closed source review,quality-assurance-director,NOT APPLICABLE,CAN-DEC-STUDIO-NAME-001-092,tilting point,NOT_APPLICABLE,INDEPENDENT_SAMPLE_UNIT,Mobil oyun şirketleri,HISTORICAL_EVENT_SUBJECT,REVIEWED_UNIQUE,NOT_APPLICABLE,Historical case,NOT_APPLICABLE,NOT_APPLICABLE,NOT_APPLICABLE,RECORDED_IN_CASE_NAME,RECORDED_IN_CASE_NAME,NEEDS_RECHECK,REASON_UNVERIFIED,STATUS_UNCERTAIN,LOW
CNT-DEC-STUDIO-NAME-001-093,SMP-DEC-STUDIO-NAME-001-093,NOT APPLICABLE,Kabam,Mobil oyun şirketleri,game/creative market comparator,STATUS_UNCERTAIN,Canada,Kuzey Amerika,NOT_APPLICABLE,Official site/portfolio breadth coding; employee count not asserted,Game development/publishing,Mobile,Uydurma kelime,Yok,NOT VERIFIED,NOT VERIFIED,QUALIFYING_EVIDENCE_INCOMPLETE,QUALIFYING_EVIDENCE_INCOMPLETE,SRC-DEC-STUDIO-NAME-001-185;SRC-DEC-STUDIO-NAME-001-186,2026-08-08,ESCALATE,Primary activity and official portfolio aligned to layer; no secondary quota count,LOW — fail-closed source review,quality-assurance-director,NOT APPLICABLE,CAN-DEC-STUDIO-NAME-001-093,kabam,NOT_APPLICABLE,INDEPENDENT_SAMPLE_UNIT,Mobil oyun şirketleri,HISTORICAL_EVENT_SUBJECT,REVIEWED_UNIQUE,NOT_APPLICABLE,Historical case,NOT_APPLICABLE,NOT_APPLICABLE,NOT_APPLICABLE,RECORDED_IN_CASE_NAME,RECORDED_IN_CASE_NAME,NEEDS_RECHECK,REASON_UNVERIFIED,STATUS_UNCERTAIN,LOW
CNT-DEC-STUDIO-NAME-001-094,SMP-DEC-STUDIO-NAME-001-094,NOT APPLICABLE,Lilith Games,Mobil oyun şirketleri,game/creative market comparator,STATUS_UNCERTAIN,China,Doğu Asya,NOT_APPLICABLE,Official site/portfolio breadth coding; employee count not asserted,Game development/publishing,Mobile,İki kelime,Games,NOT VERIFIED,NOT VERIFIED,QUALIFYING_EVIDENCE_INCOMPLETE,QUALIFYING_EVIDENCE_INCOMPLETE,SRC-DEC-STUDIO-NAME-001-187;SRC-DEC-STUDIO-NAME-001-188,2026-08-08,ESCALATE,Primary activity and official portfolio aligned to layer; no secondary quota count,LOW — fail-closed source review,quality-assurance-director,NOT APPLICABLE,CAN-DEC-STUDIO-NAME-001-094,lilith games,NOT_APPLICABLE,INDEPENDENT_SAMPLE_UNIT,Mobil oyun şirketleri,HISTORICAL_EVENT_SUBJECT,REVIEWED_UNIQUE,NOT_APPLICABLE,Historical case,NOT_APPLICABLE,NOT_APPLICABLE,NOT_APPLICABLE,RECORDED_IN_CASE_NAME,RECORDED_IN_CASE_NAME,NEEDS_RECHECK,REASON_UNVERIFIED,STATUS_UNCERTAIN,LOW
CNT-DEC-STUDIO-NAME-001-095,SMP-DEC-STUDIO-NAME-001-095,NOT APPLICABLE,Yoozoo Games,Mobil oyun şirketleri,game/creative market comparator,STATUS_UNCERTAIN,China,Doğu Asya,NOT_APPLICABLE,Official site/portfolio breadth coding; employee count not asserted,Game development/publishing,Mobile,İki kelime,Games,NOT VERIFIED,NOT VERIFIED,QUALIFYING_EVIDENCE_INCOMPLETE,QUALIFYING_EVIDENCE_INCOMPLETE,SRC-DEC-STUDIO-NAME-001-189;SRC-DEC-STUDIO-NAME-001-190,2026-08-08,ESCALATE,Primary activity and official portfolio aligned to layer; no secondary quota count,LOW — fail-closed source review,quality-assurance-director,NOT APPLICABLE,CAN-DEC-STUDIO-NAME-001-095,yoozoo games,NOT_APPLICABLE,INDEPENDENT_SAMPLE_UNIT,Mobil oyun şirketleri,HISTORICAL_EVENT_SUBJECT,REVIEWED_UNIQUE,NOT_APPLICABLE,Historical case,NOT_APPLICABLE,NOT_APPLICABLE,NOT_APPLICABLE,RECORDED_IN_CASE_NAME,RECORDED_IN_CASE_NAME,NEEDS_RECHECK,REASON_UNVERIFIED,STATUS_UNCERTAIN,LOW
CNT-DEC-STUDIO-NAME-001-096,SMP-DEC-STUDIO-NAME-001-096,NOT APPLICABLE,Com2uS,Mobil oyun şirketleri,game/creative market comparator,STATUS_UNCERTAIN,South Korea,Doğu Asya,NOT_APPLICABLE,Official site/portfolio breadth coding; employee count not asserted,Game development/publishing,Mobile,Uydurma kelime,Yok,NOT VERIFIED,NOT VERIFIED,QUALIFYING_EVIDENCE_INCOMPLETE,QUALIFYING_EVIDENCE_INCOMPLETE,SRC-DEC-STUDIO-NAME-001-191;SRC-DEC-STUDIO-NAME-001-192,2026-08-08,ESCALATE,Primary activity and official portfolio aligned to layer; no secondary quota count,LOW — fail-closed source review,quality-assurance-director,NOT APPLICABLE,CAN-DEC-STUDIO-NAME-001-096,com2us,NOT_APPLICABLE,INDEPENDENT_SAMPLE_UNIT,Mobil oyun şirketleri,HISTORICAL_EVENT_SUBJECT,REVIEWED_UNIQUE,NOT_APPLICABLE,Historical case,NOT_APPLICABLE,NOT_APPLICABLE,NOT_APPLICABLE,RECORDED_IN_CASE_NAME,RECORDED_IN_CASE_NAME,NEEDS_RECHECK,REASON_UNVERIFIED,STATUS_UNCERTAIN,LOW
CNT-DEC-STUDIO-NAME-001-097,SMP-DEC-STUDIO-NAME-001-097,NOT APPLICABLE,Netmarble,Mobil oyun şirketleri,game/creative market comparator,STATUS_UNCERTAIN,South Korea,Doğu Asya,NOT_APPLICABLE,Official site/portfolio breadth coding; employee count not asserted,Game development/publishing,Mobile,Birleşik kelime,Yok,NOT VERIFIED,NOT VERIFIED,QUALIFYING_EVIDENCE_INCOMPLETE,QUALIFYING_EVIDENCE_INCOMPLETE,SRC-DEC-STUDIO-NAME-001-193;SRC-DEC-STUDIO-NAME-001-194,2026-08-08,ESCALATE,Primary activity and official portfolio aligned to layer; no secondary quota count,LOW — fail-closed source review,quality-assurance-director,NOT APPLICABLE,CAN-DEC-STUDIO-NAME-001-097,netmarble,NOT_APPLICABLE,INDEPENDENT_SAMPLE_UNIT,Mobil oyun şirketleri,HISTORICAL_EVENT_SUBJECT,REVIEWED_UNIQUE,NOT_APPLICABLE,Historical case,NOT_APPLICABLE,NOT_APPLICABLE,NOT_APPLICABLE,RECORDED_IN_CASE_NAME,RECORDED_IN_CASE_NAME,NEEDS_RECHECK,REASON_UNVERIFIED,STATUS_UNCERTAIN,LOW
CNT-DEC-STUDIO-NAME-001-098,SMP-DEC-STUDIO-NAME-001-098,NOT APPLICABLE,Shift Up,Mobil oyun şirketleri,game/creative market comparator,STATUS_UNCERTAIN,South Korea,Doğu Asya,NOT_APPLICABLE,Official site/portfolio breadth coding; employee count not asserted,Game development/publishing,Mobile,İki kelime,Yok,NOT VERIFIED,NOT VERIFIED,QUALIFYING_EVIDENCE_INCOMPLETE,QUALIFYING_EVIDENCE_INCOMPLETE,SRC-DEC-STUDIO-NAME-001-195;SRC-DEC-STUDIO-NAME-001-196,2026-08-08,ESCALATE,Primary activity and official portfolio aligned to layer; no secondary quota count,LOW — fail-closed source review,quality-assurance-director,NOT APPLICABLE,CAN-DEC-STUDIO-NAME-001-098,shift up,NOT_APPLICABLE,INDEPENDENT_SAMPLE_UNIT,Mobil oyun şirketleri,HISTORICAL_EVENT_SUBJECT,REVIEWED_UNIQUE,NOT_APPLICABLE,Historical case,NOT_APPLICABLE,NOT_APPLICABLE,NOT_APPLICABLE,RECORDED_IN_CASE_NAME,RECORDED_IN_CASE_NAME,NEEDS_RECHECK,REASON_UNVERIFIED,STATUS_UNCERTAIN,LOW
CNT-DEC-STUDIO-NAME-001-099,SMP-DEC-STUDIO-NAME-001-099,NOT APPLICABLE,Mighty Bear Games,Mobil oyun şirketleri,game/creative market comparator,STATUS_UNCERTAIN,Singapore,Güney ve Güneydoğu Asya,NOT_APPLICABLE,Official site/portfolio breadth coding; employee count not asserted,Game development/publishing,Mobile,Üç+ kelime,Games,NOT VERIFIED,NOT VERIFIED,QUALIFYING_EVIDENCE_INCOMPLETE,QUALIFYING_EVIDENCE_INCOMPLETE,SRC-DEC-STUDIO-NAME-001-197;SRC-DEC-STUDIO-NAME-001-198,2026-08-08,ESCALATE,Primary activity and official portfolio aligned to layer; no secondary quota count,LOW — fail-closed source review,quality-assurance-director,NOT APPLICABLE,CAN-DEC-STUDIO-NAME-001-099,mighty bear games,NOT_APPLICABLE,INDEPENDENT_SAMPLE_UNIT,Mobil oyun şirketleri,HISTORICAL_EVENT_SUBJECT,REVIEWED_UNIQUE,NOT_APPLICABLE,Historical case,NOT_APPLICABLE,NOT_APPLICABLE,NOT_APPLICABLE,RECORDED_IN_CASE_NAME,RECORDED_IN_CASE_NAME,NEEDS_RECHECK,REASON_UNVERIFIED,STATUS_UNCERTAIN,LOW
CNT-DEC-STUDIO-NAME-001-100,SMP-DEC-STUDIO-NAME-001-100,NOT APPLICABLE,Amanotes,Mobil oyun şirketleri,game/creative market comparator,STATUS_UNCERTAIN,Vietnam,Güney ve Güneydoğu Asya,NOT_APPLICABLE,Official site/portfolio breadth coding; employee count not asserted,Game development/publishing,Mobile,Uydurma kelime,Yok,NOT VERIFIED,NOT VERIFIED,QUALIFYING_EVIDENCE_INCOMPLETE,QUALIFYING_EVIDENCE_INCOMPLETE,SRC-DEC-STUDIO-NAME-001-199;SRC-DEC-STUDIO-NAME-001-200,2026-08-08,ESCALATE,Primary activity and official portfolio aligned to layer; no secondary quota count,LOW — fail-closed source review,quality-assurance-director,NOT APPLICABLE,CAN-DEC-STUDIO-NAME-001-100,amanotes,NOT_APPLICABLE,INDEPENDENT_SAMPLE_UNIT,Mobil oyun şirketleri,HISTORICAL_EVENT_SUBJECT,REVIEWED_UNIQUE,NOT_APPLICABLE,Historical case,NOT_APPLICABLE,NOT_APPLICABLE,NOT_APPLICABLE,RECORDED_IN_CASE_NAME,RECORDED_IN_CASE_NAME,NEEDS_RECHECK,REASON_UNVERIFIED,STATUS_UNCERTAIN,LOW
CNT-DEC-STUDIO-NAME-001-101,SMP-DEC-STUDIO-NAME-001-101,NOT APPLICABLE,Naughty Dog,PC/konsol stüdyoları,game/creative market comparator,STATUS_UNCERTAIN,United States,Kuzey Amerika,NOT_APPLICABLE,Official site/portfolio breadth coding; employee count not asserted,Game development/publishing,PC/console/mobile or multi-platform,İki kelime,Yok,NOT VERIFIED,NOT VERIFIED,QUALIFYING_EVIDENCE_INCOMPLETE,QUALIFYING_EVIDENCE_INCOMPLETE,SRC-DEC-STUDIO-NAME-001-201;SRC-DEC-STUDIO-NAME-001-202,2026-08-08,ESCALATE,Primary activity and official portfolio aligned to layer; no secondary quota count,LOW — fail-closed source review,quality-assurance-director,NOT APPLICABLE,CAN-DEC-STUDIO-NAME-001-101,naughty dog,NOT_APPLICABLE,INDEPENDENT_SAMPLE_UNIT,PC/konsol stüdyoları,HISTORICAL_EVENT_SUBJECT,REVIEWED_UNIQUE,NOT_APPLICABLE,Historical case,NOT_APPLICABLE,NOT_APPLICABLE,NOT_APPLICABLE,RECORDED_IN_CASE_NAME,RECORDED_IN_CASE_NAME,NEEDS_RECHECK,REASON_UNVERIFIED,STATUS_UNCERTAIN,LOW
CNT-DEC-STUDIO-NAME-001-102,SMP-DEC-STUDIO-NAME-001-102,NOT APPLICABLE,Insomniac Games,PC/konsol stüdyoları,game/creative market comparator,STATUS_UNCERTAIN,United States,Kuzey Amerika,NOT_APPLICABLE,Official site/portfolio breadth coding; employee count not asserted,Game development/publishing,PC/console/mobile or multi-platform,İki kelime,Games,NOT VERIFIED,NOT VERIFIED,QUALIFYING_EVIDENCE_INCOMPLETE,QUALIFYING_EVIDENCE_INCOMPLETE,SRC-DEC-STUDIO-NAME-001-203;SRC-DEC-STUDIO-NAME-001-204,2026-08-08,ESCALATE,Primary activity and official portfolio aligned to layer; no secondary quota count,LOW — fail-closed source review,quality-assurance-director,NOT APPLICABLE,CAN-DEC-STUDIO-NAME-001-102,insomniac games,NOT_APPLICABLE,INDEPENDENT_SAMPLE_UNIT,PC/konsol stüdyoları,HISTORICAL_EVENT_SUBJECT,REVIEWED_UNIQUE,NOT_APPLICABLE,Historical case,NOT_APPLICABLE,NOT_APPLICABLE,NOT_APPLICABLE,RECORDED_IN_CASE_NAME,RECORDED_IN_CASE_NAME,NEEDS_RECHECK,REASON_UNVERIFIED,STATUS_UNCERTAIN,LOW
CNT-DEC-STUDIO-NAME-001-103,SMP-DEC-STUDIO-NAME-001-103,NOT APPLICABLE,Santa Monica Studio,PC/konsol stüdyoları,game/creative market comparator,STATUS_UNCERTAIN,United States,Kuzey Amerika,NOT_APPLICABLE,Official site/portfolio breadth coding; employee count not asserted,Game development/publishing,PC/console/mobile or multi-platform,Üç+ kelime,Studio,NOT VERIFIED,NOT VERIFIED,QUALIFYING_EVIDENCE_INCOMPLETE,QUALIFYING_EVIDENCE_INCOMPLETE,SRC-DEC-STUDIO-NAME-001-205;SRC-DEC-STUDIO-NAME-001-206,2026-08-08,ESCALATE,Primary activity and official portfolio aligned to layer; no secondary quota count,LOW — fail-closed source review,quality-assurance-director,NOT APPLICABLE,CAN-DEC-STUDIO-NAME-001-103,santa monica studio,NOT_APPLICABLE,INDEPENDENT_SAMPLE_UNIT,PC/konsol stüdyoları,HISTORICAL_EVENT_SUBJECT,REVIEWED_UNIQUE,NOT_APPLICABLE,Historical case,NOT_APPLICABLE,NOT_APPLICABLE,NOT_APPLICABLE,RECORDED_IN_CASE_NAME,RECORDED_IN_CASE_NAME,NEEDS_RECHECK,REASON_UNVERIFIED,STATUS_UNCERTAIN,LOW
CNT-DEC-STUDIO-NAME-001-104,SMP-DEC-STUDIO-NAME-001-104,NOT APPLICABLE,Sucker Punch Productions,PC/konsol stüdyoları,game/creative market comparator,STATUS_UNCERTAIN,United States,Kuzey Amerika,NOT_APPLICABLE,Official site/portfolio breadth coding; employee count not asserted,Game development/publishing,PC/console/mobile or multi-platform,Üç+ kelime,Productions,NOT VERIFIED,NOT VERIFIED,QUALIFYING_EVIDENCE_INCOMPLETE,QUALIFYING_EVIDENCE_INCOMPLETE,SRC-DEC-STUDIO-NAME-001-207;SRC-DEC-STUDIO-NAME-001-208,2026-08-08,ESCALATE,Primary activity and official portfolio aligned to layer; no secondary quota count,LOW — fail-closed source review,quality-assurance-director,NOT APPLICABLE,CAN-DEC-STUDIO-NAME-001-104,sucker punch productions,NOT_APPLICABLE,INDEPENDENT_SAMPLE_UNIT,PC/konsol stüdyoları,HISTORICAL_EVENT_SUBJECT,REVIEWED_UNIQUE,NOT_APPLICABLE,Historical case,NOT_APPLICABLE,NOT_APPLICABLE,NOT_APPLICABLE,RECORDED_IN_CASE_NAME,RECORDED_IN_CASE_NAME,NEEDS_RECHECK,REASON_UNVERIFIED,STATUS_UNCERTAIN,LOW
CNT-DEC-STUDIO-NAME-001-105,SMP-DEC-STUDIO-NAME-001-105,NOT APPLICABLE,Guerrilla,PC/konsol stüdyoları,game/creative market comparator,STATUS_UNCERTAIN,Netherlands,Avrupa,NOT_APPLICABLE,Official site/portfolio breadth coding; employee count not asserted,Game development/publishing,PC/console/mobile or multi-platform,Tek kelime,Yok,NOT VERIFIED,NOT VERIFIED,QUALIFYING_EVIDENCE_INCOMPLETE,QUALIFYING_EVIDENCE_INCOMPLETE,SRC-DEC-STUDIO-NAME-001-209;SRC-DEC-STUDIO-NAME-001-210,2026-08-08,ESCALATE,Primary activity and official portfolio aligned to layer; no secondary quota count,LOW — fail-closed source review,quality-assurance-director,NOT APPLICABLE,CAN-DEC-STUDIO-NAME-001-105,guerrilla,NOT_APPLICABLE,INDEPENDENT_SAMPLE_UNIT,PC/konsol stüdyoları,HISTORICAL_EVENT_SUBJECT,REVIEWED_UNIQUE,NOT_APPLICABLE,Historical case,NOT_APPLICABLE,NOT_APPLICABLE,NOT_APPLICABLE,RECORDED_IN_CASE_NAME,RECORDED_IN_CASE_NAME,NEEDS_RECHECK,REASON_UNVERIFIED,STATUS_UNCERTAIN,LOW
CNT-DEC-STUDIO-NAME-001-106,SMP-DEC-STUDIO-NAME-001-106,NOT APPLICABLE,Polyphony Digital,PC/konsol stüdyoları,game/creative market comparator,STATUS_UNCERTAIN,Japan,Doğu Asya,NOT_APPLICABLE,Official site/portfolio breadth coding; employee count not asserted,Game development/publishing,PC/console/mobile or multi-platform,İki kelime,Digital,NOT VERIFIED,NOT VERIFIED,QUALIFYING_EVIDENCE_INCOMPLETE,QUALIFYING_EVIDENCE_INCOMPLETE,SRC-DEC-STUDIO-NAME-001-211;SRC-DEC-STUDIO-NAME-001-212,2026-08-08,ESCALATE,Primary activity and official portfolio aligned to layer; no secondary quota count,LOW — fail-closed source review,quality-assurance-director,NOT APPLICABLE,CAN-DEC-STUDIO-NAME-001-106,polyphony digital,NOT_APPLICABLE,INDEPENDENT_SAMPLE_UNIT,PC/konsol stüdyoları,HISTORICAL_EVENT_SUBJECT,REVIEWED_UNIQUE,NOT_APPLICABLE,Historical case,NOT_APPLICABLE,NOT_APPLICABLE,NOT_APPLICABLE,RECORDED_IN_CASE_NAME,RECORDED_IN_CASE_NAME,NEEDS_RECHECK,REASON_UNVERIFIED,STATUS_UNCERTAIN,LOW
CNT-DEC-STUDIO-NAME-001-107,SMP-DEC-STUDIO-NAME-001-107,NOT APPLICABLE,SIE Bend Studio,PC/konsol stüdyoları,game/creative market comparator,STATUS_UNCERTAIN,United States,Kuzey Amerika,NOT_APPLICABLE,Official site/portfolio breadth coding; employee count not asserted,Game development/publishing,PC/console/mobile or multi-platform,Üç+ kelime,Studio,NOT VERIFIED,NOT VERIFIED,QUALIFYING_EVIDENCE_INCOMPLETE,QUALIFYING_EVIDENCE_INCOMPLETE,SRC-DEC-STUDIO-NAME-001-213;SRC-DEC-STUDIO-NAME-001-214,2026-08-08,ESCALATE,Primary activity and official portfolio aligned to layer; no secondary quota count,LOW — fail-closed source review,quality-assurance-director,NOT APPLICABLE,CAN-DEC-STUDIO-NAME-001-107,sie bend studio,NOT_APPLICABLE,INDEPENDENT_SAMPLE_UNIT,PC/konsol stüdyoları,HISTORICAL_EVENT_SUBJECT,REVIEWED_UNIQUE,NOT_APPLICABLE,Historical case,NOT_APPLICABLE,NOT_APPLICABLE,NOT_APPLICABLE,RECORDED_IN_CASE_NAME,RECORDED_IN_CASE_NAME,NEEDS_RECHECK,REASON_UNVERIFIED,STATUS_UNCERTAIN,LOW
CNT-DEC-STUDIO-NAME-001-108,SMP-DEC-STUDIO-NAME-001-108,NOT APPLICABLE,BioWare,PC/konsol stüdyoları,game/creative market comparator,STATUS_UNCERTAIN,Canada,Kuzey Amerika,NOT_APPLICABLE,Official site/portfolio breadth coding; employee count not asserted,Game development/publishing,PC/console/mobile or multi-platform,Birleşik kelime,Yok,NOT VERIFIED,NOT VERIFIED,QUALIFYING_EVIDENCE_INCOMPLETE,QUALIFYING_EVIDENCE_INCOMPLETE,SRC-DEC-STUDIO-NAME-001-215;SRC-DEC-STUDIO-NAME-001-216,2026-08-08,ESCALATE,Primary activity and official portfolio aligned to layer; no secondary quota count,LOW — fail-closed source review,quality-assurance-director,NOT APPLICABLE,CAN-DEC-STUDIO-NAME-001-108,bioware,NOT_APPLICABLE,INDEPENDENT_SAMPLE_UNIT,PC/konsol stüdyoları,HISTORICAL_EVENT_SUBJECT,REVIEWED_UNIQUE,NOT_APPLICABLE,Historical case,NOT_APPLICABLE,NOT_APPLICABLE,NOT_APPLICABLE,RECORDED_IN_CASE_NAME,RECORDED_IN_CASE_NAME,NEEDS_RECHECK,REASON_UNVERIFIED,STATUS_UNCERTAIN,LOW
CNT-DEC-STUDIO-NAME-001-109,SMP-DEC-STUDIO-NAME-001-109,NOT APPLICABLE,Respawn Entertainment,PC/konsol stüdyoları,game/creative market comparator,STATUS_UNCERTAIN,United States,Kuzey Amerika,NOT_APPLICABLE,Official site/portfolio breadth coding; employee count not asserted,Game development/publishing,PC/console/mobile or multi-platform,İki kelime,Entertainment,NOT VERIFIED,NOT VERIFIED,QUALIFYING_EVIDENCE_INCOMPLETE,QUALIFYING_EVIDENCE_INCOMPLETE,SRC-DEC-STUDIO-NAME-001-217;SRC-DEC-STUDIO-NAME-001-218,2026-08-08,ESCALATE,Primary activity and official portfolio aligned to layer; no secondary quota count,LOW — fail-closed source review,quality-assurance-director,NOT APPLICABLE,CAN-DEC-STUDIO-NAME-001-109,respawn entertainment,NOT_APPLICABLE,INDEPENDENT_SAMPLE_UNIT,PC/konsol stüdyoları,HISTORICAL_EVENT_SUBJECT,REVIEWED_UNIQUE,NOT_APPLICABLE,Historical case,NOT_APPLICABLE,NOT_APPLICABLE,NOT_APPLICABLE,RECORDED_IN_CASE_NAME,RECORDED_IN_CASE_NAME,NEEDS_RECHECK,REASON_UNVERIFIED,STATUS_UNCERTAIN,LOW
CNT-DEC-STUDIO-NAME-001-110,SMP-DEC-STUDIO-NAME-001-110,NOT APPLICABLE,DICE,PC/konsol stüdyoları,game/creative market comparator,STATUS_UNCERTAIN,Sweden,Avrupa,NOT_APPLICABLE,Official site/portfolio breadth coding; employee count not asserted,Game development/publishing,PC/console/mobile or multi-platform,Kısaltma,Yok,NOT VERIFIED,NOT VERIFIED,QUALIFYING_EVIDENCE_INCOMPLETE,QUALIFYING_EVIDENCE_INCOMPLETE,SRC-DEC-STUDIO-NAME-001-219;SRC-DEC-STUDIO-NAME-001-220,2026-08-08,ESCALATE,Primary activity and official portfolio aligned to layer; no secondary quota count,LOW — fail-closed source review,quality-assurance-director,NOT APPLICABLE,CAN-DEC-STUDIO-NAME-001-110,dice,NOT_APPLICABLE,INDEPENDENT_SAMPLE_UNIT,PC/konsol stüdyoları,HISTORICAL_EVENT_SUBJECT,REVIEWED_UNIQUE,NOT_APPLICABLE,Historical case,NOT_APPLICABLE,NOT_APPLICABLE,NOT_APPLICABLE,RECORDED_IN_CASE_NAME,RECORDED_IN_CASE_NAME,NEEDS_RECHECK,REASON_UNVERIFIED,STATUS_UNCERTAIN,LOW
CNT-DEC-STUDIO-NAME-001-111,SMP-DEC-STUDIO-NAME-001-111,NOT APPLICABLE,Criterion Games,PC/konsol stüdyoları,game/creative market comparator,STATUS_UNCERTAIN,United Kingdom,Avrupa,NOT_APPLICABLE,Official site/portfolio breadth coding; employee count not asserted,Game development/publishing,PC/console/mobile or multi-platform,İki kelime,Games,NOT VERIFIED,NOT VERIFIED,QUALIFYING_EVIDENCE_INCOMPLETE,QUALIFYING_EVIDENCE_INCOMPLETE,SRC-DEC-STUDIO-NAME-001-221;SRC-DEC-STUDIO-NAME-001-222,2026-08-08,ESCALATE,Primary activity and official portfolio aligned to layer; no secondary quota count,LOW — fail-closed source review,quality-assurance-director,NOT APPLICABLE,CAN-DEC-STUDIO-NAME-001-111,criterion games,NOT_APPLICABLE,INDEPENDENT_SAMPLE_UNIT,PC/konsol stüdyoları,HISTORICAL_EVENT_SUBJECT,REVIEWED_UNIQUE,NOT_APPLICABLE,Historical case,NOT_APPLICABLE,NOT_APPLICABLE,NOT_APPLICABLE,RECORDED_IN_CASE_NAME,RECORDED_IN_CASE_NAME,NEEDS_RECHECK,REASON_UNVERIFIED,STATUS_UNCERTAIN,LOW
CNT-DEC-STUDIO-NAME-001-112,SMP-DEC-STUDIO-NAME-001-112,NOT APPLICABLE,Codemasters,PC/konsol stüdyoları,game/creative market comparator,STATUS_UNCERTAIN,United Kingdom,Avrupa,NOT_APPLICABLE,Official site/portfolio breadth coding; employee count not asserted,Game development/publishing,PC/console/mobile or multi-platform,Birleşik kelime,Yok,NOT VERIFIED,NOT VERIFIED,QUALIFYING_EVIDENCE_INCOMPLETE,QUALIFYING_EVIDENCE_INCOMPLETE,SRC-DEC-STUDIO-NAME-001-223;SRC-DEC-STUDIO-NAME-001-224,2026-08-08,ESCALATE,Primary activity and official portfolio aligned to layer; no secondary quota count,LOW — fail-closed source review,quality-assurance-director,NOT APPLICABLE,CAN-DEC-STUDIO-NAME-001-112,codemasters,NOT_APPLICABLE,INDEPENDENT_SAMPLE_UNIT,PC/konsol stüdyoları,HISTORICAL_EVENT_SUBJECT,REVIEWED_UNIQUE,NOT_APPLICABLE,Historical case,NOT_APPLICABLE,NOT_APPLICABLE,NOT_APPLICABLE,RECORDED_IN_CASE_NAME,RECORDED_IN_CASE_NAME,NEEDS_RECHECK,REASON_UNVERIFIED,STATUS_UNCERTAIN,LOW
CNT-DEC-STUDIO-NAME-001-113,SMP-DEC-STUDIO-NAME-001-113,NOT APPLICABLE,Remedy Entertainment,PC/konsol stüdyoları,game/creative market comparator,STATUS_UNCERTAIN,Finland,Avrupa,NOT_APPLICABLE,Official site/portfolio breadth coding; employee count not asserted,Game development/publishing,PC/console/mobile or multi-platform,İki kelime,Entertainment,NOT VERIFIED,NOT VERIFIED,QUALIFYING_EVIDENCE_INCOMPLETE,QUALIFYING_EVIDENCE_INCOMPLETE,SRC-DEC-STUDIO-NAME-001-225;SRC-DEC-STUDIO-NAME-001-226,2026-08-08,ESCALATE,Primary activity and official portfolio aligned to layer; no secondary quota count,LOW — fail-closed source review,quality-assurance-director,NOT APPLICABLE,CAN-DEC-STUDIO-NAME-001-113,remedy entertainment,NOT_APPLICABLE,INDEPENDENT_SAMPLE_UNIT,PC/konsol stüdyoları,HISTORICAL_EVENT_SUBJECT,REVIEWED_UNIQUE,NOT_APPLICABLE,Historical case,NOT_APPLICABLE,NOT_APPLICABLE,NOT_APPLICABLE,RECORDED_IN_CASE_NAME,RECORDED_IN_CASE_NAME,NEEDS_RECHECK,REASON_UNVERIFIED,STATUS_UNCERTAIN,LOW
CNT-DEC-STUDIO-NAME-001-114,SMP-DEC-STUDIO-NAME-001-114,NOT APPLICABLE,CD Projekt Red,PC/konsol stüdyoları,game/creative market comparator,STATUS_UNCERTAIN,Poland,Avrupa,NOT_APPLICABLE,Official site/portfolio breadth coding; employee count not asserted,Game development/publishing,PC/console/mobile or multi-platform,Üç+ kelime,Yok,NOT VERIFIED,NOT VERIFIED,QUALIFYING_EVIDENCE_INCOMPLETE,QUALIFYING_EVIDENCE_INCOMPLETE,SRC-DEC-STUDIO-NAME-001-227;SRC-DEC-STUDIO-NAME-001-228,2026-08-08,ESCALATE,Primary activity and official portfolio aligned to layer; no secondary quota count,LOW — fail-closed source review,quality-assurance-director,NOT APPLICABLE,CAN-DEC-STUDIO-NAME-001-114,cd projekt red,NOT_APPLICABLE,INDEPENDENT_SAMPLE_UNIT,PC/konsol stüdyoları,HISTORICAL_EVENT_SUBJECT,REVIEWED_UNIQUE,NOT_APPLICABLE,Historical case,NOT_APPLICABLE,NOT_APPLICABLE,NOT_APPLICABLE,RECORDED_IN_CASE_NAME,RECORDED_IN_CASE_NAME,NEEDS_RECHECK,REASON_UNVERIFIED,STATUS_UNCERTAIN,LOW
CNT-DEC-STUDIO-NAME-001-115,SMP-DEC-STUDIO-NAME-001-115,NOT APPLICABLE,Techland,PC/konsol stüdyoları,game/creative market comparator,STATUS_UNCERTAIN,Poland,Avrupa,NOT_APPLICABLE,Official site/portfolio breadth coding; employee count not asserted,Game development/publishing,PC/console/mobile or multi-platform,Birleşik kelime,Yok,NOT VERIFIED,NOT VERIFIED,QUALIFYING_EVIDENCE_INCOMPLETE,QUALIFYING_EVIDENCE_INCOMPLETE,SRC-DEC-STUDIO-NAME-001-229;SRC-DEC-STUDIO-NAME-001-230,2026-08-08,ESCALATE,Primary activity and official portfolio aligned to layer; no secondary quota count,LOW — fail-closed source review,quality-assurance-director,NOT APPLICABLE,CAN-DEC-STUDIO-NAME-001-115,techland,NOT_APPLICABLE,INDEPENDENT_SAMPLE_UNIT,PC/konsol stüdyoları,HISTORICAL_EVENT_SUBJECT,REVIEWED_UNIQUE,NOT_APPLICABLE,Historical case,NOT_APPLICABLE,NOT_APPLICABLE,NOT_APPLICABLE,RECORDED_IN_CASE_NAME,RECORDED_IN_CASE_NAME,NEEDS_RECHECK,REASON_UNVERIFIED,STATUS_UNCERTAIN,LOW
CNT-DEC-STUDIO-NAME-001-116,SMP-DEC-STUDIO-NAME-001-116,NOT APPLICABLE,Bloober Team,PC/konsol stüdyoları,game/creative market comparator,STATUS_UNCERTAIN,Poland,Avrupa,NOT_APPLICABLE,Official site/portfolio breadth coding; employee count not asserted,Game development/publishing,PC/console/mobile or multi-platform,İki kelime,Team,NOT VERIFIED,NOT VERIFIED,QUALIFYING_EVIDENCE_INCOMPLETE,QUALIFYING_EVIDENCE_INCOMPLETE,SRC-DEC-STUDIO-NAME-001-231;SRC-DEC-STUDIO-NAME-001-232,2026-08-08,ESCALATE,Primary activity and official portfolio aligned to layer; no secondary quota count,LOW — fail-closed source review,quality-assurance-director,NOT APPLICABLE,CAN-DEC-STUDIO-NAME-001-116,bloober team,NOT_APPLICABLE,INDEPENDENT_SAMPLE_UNIT,PC/konsol stüdyoları,HISTORICAL_EVENT_SUBJECT,REVIEWED_UNIQUE,NOT_APPLICABLE,Historical case,NOT_APPLICABLE,NOT_APPLICABLE,NOT_APPLICABLE,RECORDED_IN_CASE_NAME,RECORDED_IN_CASE_NAME,NEEDS_RECHECK,REASON_UNVERIFIED,STATUS_UNCERTAIN,LOW
CNT-DEC-STUDIO-NAME-001-117,SMP-DEC-STUDIO-NAME-001-117,NOT APPLICABLE,People Can Fly,PC/konsol stüdyoları,game/creative market comparator,STATUS_UNCERTAIN,Poland,Avrupa,NOT_APPLICABLE,Official site/portfolio breadth coding; employee count not asserted,Game development/publishing,PC/console/mobile or multi-platform,Üç+ kelime,Yok,NOT VERIFIED,NOT VERIFIED,QUALIFYING_EVIDENCE_INCOMPLETE,QUALIFYING_EVIDENCE_INCOMPLETE,SRC-DEC-STUDIO-NAME-001-233;SRC-DEC-STUDIO-NAME-001-234,2026-08-08,ESCALATE,Primary activity and official portfolio aligned to layer; no secondary quota count,LOW — fail-closed source review,quality-assurance-director,NOT APPLICABLE,CAN-DEC-STUDIO-NAME-001-117,people can fly,NOT_APPLICABLE,INDEPENDENT_SAMPLE_UNIT,PC/konsol stüdyoları,HISTORICAL_EVENT_SUBJECT,REVIEWED_UNIQUE,NOT_APPLICABLE,Historical case,NOT_APPLICABLE,NOT_APPLICABLE,NOT_APPLICABLE,RECORDED_IN_CASE_NAME,RECORDED_IN_CASE_NAME,NEEDS_RECHECK,REASON_UNVERIFIED,STATUS_UNCERTAIN,LOW
CNT-DEC-STUDIO-NAME-001-118,SMP-DEC-STUDIO-NAME-001-118,NOT APPLICABLE,Asobo Studio,PC/konsol stüdyoları,game/creative market comparator,STATUS_UNCERTAIN,France,Avrupa,NOT_APPLICABLE,Official site/portfolio breadth coding; employee count not asserted,Game development/publishing,PC/console/mobile or multi-platform,İki kelime,Studio,NOT VERIFIED,NOT VERIFIED,QUALIFYING_EVIDENCE_INCOMPLETE,QUALIFYING_EVIDENCE_INCOMPLETE,SRC-DEC-STUDIO-NAME-001-235;SRC-DEC-STUDIO-NAME-001-236,2026-08-08,ESCALATE,Primary activity and official portfolio aligned to layer; no secondary quota count,LOW — fail-closed source review,quality-assurance-director,NOT APPLICABLE,CAN-DEC-STUDIO-NAME-001-118,asobo studio,NOT_APPLICABLE,INDEPENDENT_SAMPLE_UNIT,PC/konsol stüdyoları,HISTORICAL_EVENT_SUBJECT,REVIEWED_UNIQUE,NOT_APPLICABLE,Historical case,NOT_APPLICABLE,NOT_APPLICABLE,NOT_APPLICABLE,RECORDED_IN_CASE_NAME,RECORDED_IN_CASE_NAME,NEEDS_RECHECK,REASON_UNVERIFIED,STATUS_UNCERTAIN,LOW
CNT-DEC-STUDIO-NAME-001-119,SMP-DEC-STUDIO-NAME-001-119,NOT APPLICABLE,Larian Studios,PC/konsol stüdyoları,game/creative market comparator,STATUS_UNCERTAIN,Belgium,Avrupa,NOT_APPLICABLE,Official site/portfolio breadth coding; employee count not asserted,Game development/publishing,PC/console/mobile or multi-platform,İki kelime,Entertainment,NOT VERIFIED,NOT VERIFIED,QUALIFYING_EVIDENCE_INCOMPLETE,QUALIFYING_EVIDENCE_INCOMPLETE,SRC-DEC-STUDIO-NAME-001-237;SRC-DEC-STUDIO-NAME-001-238,2026-08-08,ESCALATE,Primary activity and official portfolio aligned to layer; no secondary quota count,LOW — fail-closed source review,quality-assurance-director,NOT APPLICABLE,CAN-DEC-STUDIO-NAME-001-119,larian studios,NOT_APPLICABLE,INDEPENDENT_SAMPLE_UNIT,PC/konsol stüdyoları,HISTORICAL_EVENT_SUBJECT,REVIEWED_UNIQUE,NOT_APPLICABLE,Historical case,NOT_APPLICABLE,NOT_APPLICABLE,NOT_APPLICABLE,RECORDED_IN_CASE_NAME,RECORDED_IN_CASE_NAME,NEEDS_RECHECK,REASON_UNVERIFIED,STATUS_UNCERTAIN,LOW
CNT-DEC-STUDIO-NAME-001-120,SMP-DEC-STUDIO-NAME-001-120,NOT APPLICABLE,Quantic Dream,PC/konsol stüdyoları,game/creative market comparator,STATUS_UNCERTAIN,France,Avrupa,NOT_APPLICABLE,Official site/portfolio breadth coding; employee count not asserted,Game development/publishing,PC/console/mobile or multi-platform,İki kelime,Yok,NOT VERIFIED,NOT VERIFIED,QUALIFYING_EVIDENCE_INCOMPLETE,QUALIFYING_EVIDENCE_INCOMPLETE,SRC-DEC-STUDIO-NAME-001-239;SRC-DEC-STUDIO-NAME-001-240,2026-08-08,ESCALATE,Primary activity and official portfolio aligned to layer; no secondary quota count,LOW — fail-closed source review,quality-assurance-director,NOT APPLICABLE,CAN-DEC-STUDIO-NAME-001-120,quantic dream,NOT_APPLICABLE,INDEPENDENT_SAMPLE_UNIT,PC/konsol stüdyoları,HISTORICAL_EVENT_SUBJECT,REVIEWED_UNIQUE,NOT_APPLICABLE,Historical case,NOT_APPLICABLE,NOT_APPLICABLE,NOT_APPLICABLE,RECORDED_IN_CASE_NAME,RECORDED_IN_CASE_NAME,NEEDS_RECHECK,REASON_UNVERIFIED,STATUS_UNCERTAIN,LOW
CNT-DEC-STUDIO-NAME-001-121,SMP-DEC-STUDIO-NAME-001-121,NOT APPLICABLE,IO Interactive,PC/konsol stüdyoları,game/creative market comparator,STATUS_UNCERTAIN,Denmark,Avrupa,NOT_APPLICABLE,Official site/portfolio breadth coding; employee count not asserted,Game development/publishing,PC/console/mobile or multi-platform,İki kelime,Interactive,NOT VERIFIED,NOT VERIFIED,QUALIFYING_EVIDENCE_INCOMPLETE,QUALIFYING_EVIDENCE_INCOMPLETE,SRC-DEC-STUDIO-NAME-001-241;SRC-DEC-STUDIO-NAME-001-242,2026-08-08,ESCALATE,Primary activity and official portfolio aligned to layer; no secondary quota count,LOW — fail-closed source review,quality-assurance-director,NOT APPLICABLE,CAN-DEC-STUDIO-NAME-001-121,io interactive,NOT_APPLICABLE,INDEPENDENT_SAMPLE_UNIT,PC/konsol stüdyoları,HISTORICAL_EVENT_SUBJECT,REVIEWED_UNIQUE,NOT_APPLICABLE,Historical case,NOT_APPLICABLE,NOT_APPLICABLE,NOT_APPLICABLE,RECORDED_IN_CASE_NAME,RECORDED_IN_CASE_NAME,NEEDS_RECHECK,REASON_UNVERIFIED,STATUS_UNCERTAIN,LOW
CNT-DEC-STUDIO-NAME-001-122,SMP-DEC-STUDIO-NAME-001-122,NOT APPLICABLE,MercurySteam,PC/konsol stüdyoları,game/creative market comparator,STATUS_UNCERTAIN,Spain,Avrupa,NOT_APPLICABLE,Official site/portfolio breadth coding; employee count not asserted,Game development/publishing,PC/console/mobile or multi-platform,Birleşik kelime,Yok,NOT VERIFIED,NOT VERIFIED,QUALIFYING_EVIDENCE_INCOMPLETE,QUALIFYING_EVIDENCE_INCOMPLETE,SRC-DEC-STUDIO-NAME-001-243;SRC-DEC-STUDIO-NAME-001-244,2026-08-08,ESCALATE,Primary activity and official portfolio aligned to layer; no secondary quota count,LOW — fail-closed source review,quality-assurance-director,NOT APPLICABLE,CAN-DEC-STUDIO-NAME-001-122,mercurysteam,NOT_APPLICABLE,INDEPENDENT_SAMPLE_UNIT,PC/konsol stüdyoları,HISTORICAL_EVENT_SUBJECT,REVIEWED_UNIQUE,NOT_APPLICABLE,Historical case,NOT_APPLICABLE,NOT_APPLICABLE,NOT_APPLICABLE,RECORDED_IN_CASE_NAME,RECORDED_IN_CASE_NAME,NEEDS_RECHECK,REASON_UNVERIFIED,STATUS_UNCERTAIN,LOW
CNT-DEC-STUDIO-NAME-001-123,SMP-DEC-STUDIO-NAME-001-123,NOT APPLICABLE,TaleWorlds Entertainment,PC/konsol stüdyoları,game/creative market comparator,STATUS_UNCERTAIN,Türkiye,Türkiye ve yakın bölge,NOT_APPLICABLE,Official site/portfolio breadth coding; employee count not asserted,Game development/publishing,PC/console/mobile or multi-platform,İki kelime,Entertainment,NOT VERIFIED,NOT VERIFIED,QUALIFYING_EVIDENCE_INCOMPLETE,QUALIFYING_EVIDENCE_INCOMPLETE,SRC-DEC-STUDIO-NAME-001-245;SRC-DEC-STUDIO-NAME-001-246,2026-08-08,ESCALATE,Primary activity and official portfolio aligned to layer; no secondary quota count,LOW — fail-closed source review,quality-assurance-director,NOT APPLICABLE,CAN-DEC-STUDIO-NAME-001-123,taleworlds entertainment,NOT_APPLICABLE,INDEPENDENT_SAMPLE_UNIT,PC/konsol stüdyoları,HISTORICAL_EVENT_SUBJECT,REVIEWED_UNIQUE,NOT_APPLICABLE,Historical case,NOT_APPLICABLE,NOT_APPLICABLE,NOT_APPLICABLE,RECORDED_IN_CASE_NAME,RECORDED_IN_CASE_NAME,NEEDS_RECHECK,REASON_UNVERIFIED,STATUS_UNCERTAIN,LOW
CNT-DEC-STUDIO-NAME-001-124,SMP-DEC-STUDIO-NAME-001-124,NOT APPLICABLE,Game Science,PC/konsol stüdyoları,game/creative market comparator,STATUS_UNCERTAIN,China,Doğu Asya,NOT_APPLICABLE,Official site/portfolio breadth coding; employee count not asserted,Game development/publishing,PC/console/mobile or multi-platform,İki kelime,Yok,NOT VERIFIED,NOT VERIFIED,QUALIFYING_EVIDENCE_INCOMPLETE,QUALIFYING_EVIDENCE_INCOMPLETE,SRC-DEC-STUDIO-NAME-001-247;SRC-DEC-STUDIO-NAME-001-248,2026-08-08,ESCALATE,Primary activity and official portfolio aligned to layer; no secondary quota count,LOW — fail-closed source review,quality-assurance-director,NOT APPLICABLE,CAN-DEC-STUDIO-NAME-001-124,game science,NOT_APPLICABLE,INDEPENDENT_SAMPLE_UNIT,PC/konsol stüdyoları,HISTORICAL_EVENT_SUBJECT,REVIEWED_UNIQUE,NOT_APPLICABLE,Historical case,NOT_APPLICABLE,NOT_APPLICABLE,NOT_APPLICABLE,RECORDED_IN_CASE_NAME,RECORDED_IN_CASE_NAME,NEEDS_RECHECK,REASON_UNVERIFIED,STATUS_UNCERTAIN,LOW
CNT-DEC-STUDIO-NAME-001-125,SMP-DEC-STUDIO-NAME-001-125,NOT APPLICABLE,Neowiz,PC/konsol stüdyoları,game/creative market comparator,STATUS_UNCERTAIN,South Korea,Doğu Asya,NOT_APPLICABLE,Official site/portfolio breadth coding; employee count not asserted,Game development/publishing,PC/console/mobile or multi-platform,Uydurma kelime,Yok,NOT VERIFIED,NOT VERIFIED,QUALIFYING_EVIDENCE_INCOMPLETE,QUALIFYING_EVIDENCE_INCOMPLETE,SRC-DEC-STUDIO-NAME-001-249;SRC-DEC-STUDIO-NAME-001-250,2026-08-08,ESCALATE,Primary activity and official portfolio aligned to layer; no secondary quota count,LOW — fail-closed source review,quality-assurance-director,NOT APPLICABLE,CAN-DEC-STUDIO-NAME-001-125,neowiz,NOT_APPLICABLE,INDEPENDENT_SAMPLE_UNIT,PC/konsol stüdyoları,HISTORICAL_EVENT_SUBJECT,REVIEWED_UNIQUE,NOT_APPLICABLE,Historical case,NOT_APPLICABLE,NOT_APPLICABLE,NOT_APPLICABLE,RECORDED_IN_CASE_NAME,RECORDED_IN_CASE_NAME,NEEDS_RECHECK,REASON_UNVERIFIED,STATUS_UNCERTAIN,LOW
CNT-DEC-STUDIO-NAME-001-126,SMP-DEC-STUDIO-NAME-001-126,NOT APPLICABLE,Creative Assembly,Strateji/MMO üreticileri,game/creative market comparator,STATUS_UNCERTAIN,United Kingdom,Avrupa,NOT_APPLICABLE,Official site/portfolio breadth coding; employee count not asserted,Game development/publishing,PC/console/mobile or multi-platform,İki kelime,Yok,NOT VERIFIED,NOT VERIFIED,QUALIFYING_EVIDENCE_INCOMPLETE,QUALIFYING_EVIDENCE_INCOMPLETE,SRC-DEC-STUDIO-NAME-001-251;SRC-DEC-STUDIO-NAME-001-252,2026-08-08,ESCALATE,Primary activity and official portfolio aligned to layer; no secondary quota count,LOW — fail-closed source review,quality-assurance-director,NOT APPLICABLE,CAN-DEC-STUDIO-NAME-001-126,creative assembly,NOT_APPLICABLE,INDEPENDENT_SAMPLE_UNIT,Strateji/MMO üreticileri,HISTORICAL_EVENT_SUBJECT,REVIEWED_UNIQUE,NOT_APPLICABLE,Historical case,NOT_APPLICABLE,NOT_APPLICABLE,NOT_APPLICABLE,RECORDED_IN_CASE_NAME,RECORDED_IN_CASE_NAME,NEEDS_RECHECK,REASON_UNVERIFIED,STATUS_UNCERTAIN,LOW
CNT-DEC-STUDIO-NAME-001-127,SMP-DEC-STUDIO-NAME-001-127,NOT APPLICABLE,Relic Entertainment,Strateji/MMO üreticileri,game/creative market comparator,STATUS_UNCERTAIN,Canada,Kuzey Amerika,NOT_APPLICABLE,Official site/portfolio breadth coding; employee count not asserted,Game development/publishing,PC/console/mobile or multi-platform,İki kelime,Entertainment,NOT VERIFIED,NOT VERIFIED,QUALIFYING_EVIDENCE_INCOMPLETE,QUALIFYING_EVIDENCE_INCOMPLETE,SRC-DEC-STUDIO-NAME-001-253;SRC-DEC-STUDIO-NAME-001-254,2026-08-08,ESCALATE,Primary activity and official portfolio aligned to layer; no secondary quota count,LOW — fail-closed source review,quality-assurance-director,NOT APPLICABLE,CAN-DEC-STUDIO-NAME-001-127,relic entertainment,NOT_APPLICABLE,INDEPENDENT_SAMPLE_UNIT,Strateji/MMO üreticileri,HISTORICAL_EVENT_SUBJECT,REVIEWED_UNIQUE,NOT_APPLICABLE,Historical case,NOT_APPLICABLE,NOT_APPLICABLE,NOT_APPLICABLE,RECORDED_IN_CASE_NAME,RECORDED_IN_CASE_NAME,NEEDS_RECHECK,REASON_UNVERIFIED,STATUS_UNCERTAIN,LOW
CNT-DEC-STUDIO-NAME-001-128,SMP-DEC-STUDIO-NAME-001-128,NOT APPLICABLE,Firaxis Games,Strateji/MMO üreticileri,game/creative market comparator,STATUS_UNCERTAIN,United States,Kuzey Amerika,NOT_APPLICABLE,Official site/portfolio breadth coding; employee count not asserted,Game development/publishing,PC/console/mobile or multi-platform,İki kelime,Games,NOT VERIFIED,NOT VERIFIED,QUALIFYING_EVIDENCE_INCOMPLETE,QUALIFYING_EVIDENCE_INCOMPLETE,SRC-DEC-STUDIO-NAME-001-255;SRC-DEC-STUDIO-NAME-001-256,2026-08-08,ESCALATE,Primary activity and official portfolio aligned to layer; no secondary quota count,LOW — fail-closed source review,quality-assurance-director,NOT APPLICABLE,CAN-DEC-STUDIO-NAME-001-128,firaxis games,NOT_APPLICABLE,INDEPENDENT_SAMPLE_UNIT,Strateji/MMO üreticileri,HISTORICAL_EVENT_SUBJECT,REVIEWED_UNIQUE,NOT_APPLICABLE,Historical case,NOT_APPLICABLE,NOT_APPLICABLE,NOT_APPLICABLE,RECORDED_IN_CASE_NAME,RECORDED_IN_CASE_NAME,NEEDS_RECHECK,REASON_UNVERIFIED,STATUS_UNCERTAIN,LOW
CNT-DEC-STUDIO-NAME-001-129,SMP-DEC-STUDIO-NAME-001-129,NOT APPLICABLE,Amplitude Studios,Strateji/MMO üreticileri,game/creative market comparator,STATUS_UNCERTAIN,France,Avrupa,NOT_APPLICABLE,Official site/portfolio breadth coding; employee count not asserted,Game development/publishing,PC/console/mobile or multi-platform,İki kelime,Studios,NOT VERIFIED,NOT VERIFIED,QUALIFYING_EVIDENCE_INCOMPLETE,QUALIFYING_EVIDENCE_INCOMPLETE,SRC-DEC-STUDIO-NAME-001-257;SRC-DEC-STUDIO-NAME-001-258,2026-08-08,ESCALATE,Primary activity and official portfolio aligned to layer; no secondary quota count,LOW — fail-closed source review,quality-assurance-director,NOT APPLICABLE,CAN-DEC-STUDIO-NAME-001-129,amplitude studios,NOT_APPLICABLE,INDEPENDENT_SAMPLE_UNIT,Strateji/MMO üreticileri,HISTORICAL_EVENT_SUBJECT,REVIEWED_UNIQUE,NOT_APPLICABLE,Historical case,NOT_APPLICABLE,NOT_APPLICABLE,NOT_APPLICABLE,RECORDED_IN_CASE_NAME,RECORDED_IN_CASE_NAME,NEEDS_RECHECK,REASON_UNVERIFIED,STATUS_UNCERTAIN,LOW
CNT-DEC-STUDIO-NAME-001-130,SMP-DEC-STUDIO-NAME-001-130,NOT APPLICABLE,Slitherine,Strateji/MMO üreticileri,game/creative market comparator,STATUS_UNCERTAIN,United Kingdom,Avrupa,NOT_APPLICABLE,Official site/portfolio breadth coding; employee count not asserted,Game development/publishing,PC/console/mobile or multi-platform,Tek kelime,Yok,NOT VERIFIED,NOT VERIFIED,QUALIFYING_EVIDENCE_INCOMPLETE,QUALIFYING_EVIDENCE_INCOMPLETE,SRC-DEC-STUDIO-NAME-001-259;SRC-DEC-STUDIO-NAME-001-260,2026-08-08,ESCALATE,Primary activity and official portfolio aligned to layer; no secondary quota count,LOW — fail-closed source review,quality-assurance-director,NOT APPLICABLE,CAN-DEC-STUDIO-NAME-001-130,slitherine,NOT_APPLICABLE,INDEPENDENT_SAMPLE_UNIT,Strateji/MMO üreticileri,HISTORICAL_EVENT_SUBJECT,REVIEWED_UNIQUE,NOT_APPLICABLE,Historical case,NOT_APPLICABLE,NOT_APPLICABLE,NOT_APPLICABLE,RECORDED_IN_CASE_NAME,RECORDED_IN_CASE_NAME,NEEDS_RECHECK,REASON_UNVERIFIED,STATUS_UNCERTAIN,LOW
CNT-DEC-STUDIO-NAME-001-131,SMP-DEC-STUDIO-NAME-001-131,NOT APPLICABLE,Matrix Games,Strateji/MMO üreticileri,game/creative market comparator,STATUS_UNCERTAIN,United Kingdom,Avrupa,NOT_APPLICABLE,Official site/portfolio breadth coding; employee count not asserted,Game development/publishing,PC/console/mobile or multi-platform,İki kelime,Games,NOT VERIFIED,NOT VERIFIED,QUALIFYING_EVIDENCE_INCOMPLETE,QUALIFYING_EVIDENCE_INCOMPLETE,SRC-DEC-STUDIO-NAME-001-261;SRC-DEC-STUDIO-NAME-001-262,2026-08-08,ESCALATE,Primary activity and official portfolio aligned to layer; no secondary quota count,LOW — fail-closed source review,quality-assurance-director,NOT APPLICABLE,CAN-DEC-STUDIO-NAME-001-131,matrix games,NOT_APPLICABLE,INDEPENDENT_SAMPLE_UNIT,Strateji/MMO üreticileri,HISTORICAL_EVENT_SUBJECT,REVIEWED_UNIQUE,NOT_APPLICABLE,Historical case,NOT_APPLICABLE,NOT_APPLICABLE,NOT_APPLICABLE,RECORDED_IN_CASE_NAME,RECORDED_IN_CASE_NAME,NEEDS_RECHECK,REASON_UNVERIFIED,STATUS_UNCERTAIN,LOW
CNT-DEC-STUDIO-NAME-001-132,SMP-DEC-STUDIO-NAME-001-132,NOT APPLICABLE,Bohemia Interactive,Strateji/MMO üreticileri,game/creative market comparator,STATUS_UNCERTAIN,Czechia,Avrupa,NOT_APPLICABLE,Official site/portfolio breadth coding; employee count not asserted,Game development/publishing,PC/console/mobile or multi-platform,İki kelime,Interactive,NOT VERIFIED,NOT VERIFIED,QUALIFYING_EVIDENCE_INCOMPLETE,QUALIFYING_EVIDENCE_INCOMPLETE,SRC-DEC-STUDIO-NAME-001-263;SRC-DEC-STUDIO-NAME-001-264,2026-08-08,ESCALATE,Primary activity and official portfolio aligned to layer; no secondary quota count,LOW — fail-closed source review,quality-assurance-director,NOT APPLICABLE,CAN-DEC-STUDIO-NAME-001-132,bohemia interactive,NOT_APPLICABLE,INDEPENDENT_SAMPLE_UNIT,Strateji/MMO üreticileri,HISTORICAL_EVENT_SUBJECT,REVIEWED_UNIQUE,NOT_APPLICABLE,Historical case,NOT_APPLICABLE,NOT_APPLICABLE,NOT_APPLICABLE,RECORDED_IN_CASE_NAME,RECORDED_IN_CASE_NAME,NEEDS_RECHECK,REASON_UNVERIFIED,STATUS_UNCERTAIN,LOW
CNT-DEC-STUDIO-NAME-001-133,SMP-DEC-STUDIO-NAME-001-133,NOT APPLICABLE,Egosoft,Strateji/MMO üreticileri,game/creative market comparator,STATUS_UNCERTAIN,Germany,Avrupa,NOT_APPLICABLE,Official site/portfolio breadth coding; employee count not asserted,Game development/publishing,PC/console/mobile or multi-platform,Tek kelime,Yok,NOT VERIFIED,NOT VERIFIED,QUALIFYING_EVIDENCE_INCOMPLETE,QUALIFYING_EVIDENCE_INCOMPLETE,SRC-DEC-STUDIO-NAME-001-265;SRC-DEC-STUDIO-NAME-001-266,2026-08-08,ESCALATE,Primary activity and official portfolio aligned to layer; no secondary quota count,LOW — fail-closed source review,quality-assurance-director,NOT APPLICABLE,CAN-DEC-STUDIO-NAME-001-133,egosoft,NOT_APPLICABLE,INDEPENDENT_SAMPLE_UNIT,Strateji/MMO üreticileri,HISTORICAL_EVENT_SUBJECT,REVIEWED_UNIQUE,NOT_APPLICABLE,Historical case,NOT_APPLICABLE,NOT_APPLICABLE,NOT_APPLICABLE,RECORDED_IN_CASE_NAME,RECORDED_IN_CASE_NAME,NEEDS_RECHECK,REASON_UNVERIFIED,STATUS_UNCERTAIN,LOW
CNT-DEC-STUDIO-NAME-001-134,SMP-DEC-STUDIO-NAME-001-134,NOT APPLICABLE,Wargaming,Strateji/MMO üreticileri,game/creative market comparator,STATUS_UNCERTAIN,Cyprus,Avrupa,NOT_APPLICABLE,Official site/portfolio breadth coding; employee count not asserted,Game development/publishing,PC/console/mobile or multi-platform,Birleşik kelime,Yok,NOT VERIFIED,NOT VERIFIED,QUALIFYING_EVIDENCE_INCOMPLETE,QUALIFYING_EVIDENCE_INCOMPLETE,SRC-DEC-STUDIO-NAME-001-267;SRC-DEC-STUDIO-NAME-001-268,2026-08-08,ESCALATE,Primary activity and official portfolio aligned to layer; no secondary quota count,LOW — fail-closed source review,quality-assurance-director,NOT APPLICABLE,CAN-DEC-STUDIO-NAME-001-134,wargaming,NOT_APPLICABLE,INDEPENDENT_SAMPLE_UNIT,Strateji/MMO üreticileri,HISTORICAL_EVENT_SUBJECT,REVIEWED_UNIQUE,NOT_APPLICABLE,Historical case,NOT_APPLICABLE,NOT_APPLICABLE,NOT_APPLICABLE,RECORDED_IN_CASE_NAME,RECORDED_IN_CASE_NAME,NEEDS_RECHECK,REASON_UNVERIFIED,STATUS_UNCERTAIN,LOW
CNT-DEC-STUDIO-NAME-001-135,SMP-DEC-STUDIO-NAME-001-135,NOT APPLICABLE,Gaijin Entertainment,Strateji/MMO üreticileri,game/creative market comparator,STATUS_UNCERTAIN,Hungary,Avrupa,NOT_APPLICABLE,Official site/portfolio breadth coding; employee count not asserted,Game development/publishing,PC/console/mobile or multi-platform,İki kelime,Entertainment,NOT VERIFIED,NOT VERIFIED,QUALIFYING_EVIDENCE_INCOMPLETE,QUALIFYING_EVIDENCE_INCOMPLETE,SRC-DEC-STUDIO-NAME-001-269;SRC-DEC-STUDIO-NAME-001-270,2026-08-08,ESCALATE,Primary activity and official portfolio aligned to layer; no secondary quota count,LOW — fail-closed source review,quality-assurance-director,NOT APPLICABLE,CAN-DEC-STUDIO-NAME-001-135,gaijin entertainment,NOT_APPLICABLE,INDEPENDENT_SAMPLE_UNIT,Strateji/MMO üreticileri,HISTORICAL_EVENT_SUBJECT,REVIEWED_UNIQUE,NOT_APPLICABLE,Historical case,NOT_APPLICABLE,NOT_APPLICABLE,NOT_APPLICABLE,RECORDED_IN_CASE_NAME,RECORDED_IN_CASE_NAME,NEEDS_RECHECK,REASON_UNVERIFIED,STATUS_UNCERTAIN,LOW
CNT-DEC-STUDIO-NAME-001-136,SMP-DEC-STUDIO-NAME-001-136,NOT APPLICABLE,CCP Games,Strateji/MMO üreticileri,game/creative market comparator,STATUS_UNCERTAIN,Iceland,Avrupa,NOT_APPLICABLE,Official site/portfolio breadth coding; employee count not asserted,Game development/publishing,PC/console/mobile or multi-platform,İki kelime,Games,NOT VERIFIED,NOT VERIFIED,QUALIFYING_EVIDENCE_INCOMPLETE,QUALIFYING_EVIDENCE_INCOMPLETE,SRC-DEC-STUDIO-NAME-001-271;SRC-DEC-STUDIO-NAME-001-272,2026-08-08,ESCALATE,Primary activity and official portfolio aligned to layer; no secondary quota count,LOW — fail-closed source review,quality-assurance-director,NOT APPLICABLE,CAN-DEC-STUDIO-NAME-001-136,ccp games,NOT_APPLICABLE,INDEPENDENT_SAMPLE_UNIT,Strateji/MMO üreticileri,HISTORICAL_EVENT_SUBJECT,REVIEWED_UNIQUE,NOT_APPLICABLE,Historical case,NOT_APPLICABLE,NOT_APPLICABLE,NOT_APPLICABLE,RECORDED_IN_CASE_NAME,RECORDED_IN_CASE_NAME,NEEDS_RECHECK,REASON_UNVERIFIED,STATUS_UNCERTAIN,LOW
CNT-DEC-STUDIO-NAME-001-137,SMP-DEC-STUDIO-NAME-001-137,NOT APPLICABLE,Jagex,Strateji/MMO üreticileri,game/creative market comparator,STATUS_UNCERTAIN,United Kingdom,Avrupa,NOT_APPLICABLE,Official site/portfolio breadth coding; employee count not asserted,Game development/publishing,PC/console/mobile or multi-platform,Uydurma kelime,Yok,NOT VERIFIED,NOT VERIFIED,QUALIFYING_EVIDENCE_INCOMPLETE,QUALIFYING_EVIDENCE_INCOMPLETE,SRC-DEC-STUDIO-NAME-001-273;SRC-DEC-STUDIO-NAME-001-274,2026-08-08,ESCALATE,Primary activity and official portfolio aligned to layer; no secondary quota count,LOW — fail-closed source review,quality-assurance-director,NOT APPLICABLE,CAN-DEC-STUDIO-NAME-001-137,jagex,NOT_APPLICABLE,INDEPENDENT_SAMPLE_UNIT,Strateji/MMO üreticileri,HISTORICAL_EVENT_SUBJECT,REVIEWED_UNIQUE,NOT_APPLICABLE,Historical case,NOT_APPLICABLE,NOT_APPLICABLE,NOT_APPLICABLE,RECORDED_IN_CASE_NAME,RECORDED_IN_CASE_NAME,NEEDS_RECHECK,REASON_UNVERIFIED,STATUS_UNCERTAIN,LOW
CNT-DEC-STUDIO-NAME-001-138,SMP-DEC-STUDIO-NAME-001-138,NOT APPLICABLE,Frontier Developments,Strateji/MMO üreticileri,game/creative market comparator,STATUS_UNCERTAIN,United Kingdom,Avrupa,NOT_APPLICABLE,Official site/portfolio breadth coding; employee count not asserted,Game development/publishing,PC/console/mobile or multi-platform,İki kelime,Developments,NOT VERIFIED,NOT VERIFIED,QUALIFYING_EVIDENCE_INCOMPLETE,QUALIFYING_EVIDENCE_INCOMPLETE,SRC-DEC-STUDIO-NAME-001-275;SRC-DEC-STUDIO-NAME-001-276,2026-08-08,ESCALATE,Primary activity and official portfolio aligned to layer; no secondary quota count,LOW — fail-closed source review,quality-assurance-director,NOT APPLICABLE,CAN-DEC-STUDIO-NAME-001-138,frontier developments,NOT_APPLICABLE,INDEPENDENT_SAMPLE_UNIT,Strateji/MMO üreticileri,HISTORICAL_EVENT_SUBJECT,REVIEWED_UNIQUE,NOT_APPLICABLE,Historical case,NOT_APPLICABLE,NOT_APPLICABLE,NOT_APPLICABLE,RECORDED_IN_CASE_NAME,RECORDED_IN_CASE_NAME,NEEDS_RECHECK,REASON_UNVERIFIED,STATUS_UNCERTAIN,LOW
CNT-DEC-STUDIO-NAME-001-139,SMP-DEC-STUDIO-NAME-001-139,NOT APPLICABLE,Funcom,Strateji/MMO üreticileri,game/creative market comparator,STATUS_UNCERTAIN,Norway,Avrupa,NOT_APPLICABLE,Official site/portfolio breadth coding; employee count not asserted,Game development/publishing,PC/console/mobile or multi-platform,Birleşik kelime,Yok,NOT VERIFIED,NOT VERIFIED,QUALIFYING_EVIDENCE_INCOMPLETE,QUALIFYING_EVIDENCE_INCOMPLETE,SRC-DEC-STUDIO-NAME-001-277;SRC-DEC-STUDIO-NAME-001-278,2026-08-08,ESCALATE,Primary activity and official portfolio aligned to layer; no secondary quota count,LOW — fail-closed source review,quality-assurance-director,NOT APPLICABLE,CAN-DEC-STUDIO-NAME-001-139,funcom,NOT_APPLICABLE,INDEPENDENT_SAMPLE_UNIT,Strateji/MMO üreticileri,HISTORICAL_EVENT_SUBJECT,REVIEWED_UNIQUE,NOT_APPLICABLE,Historical case,NOT_APPLICABLE,NOT_APPLICABLE,NOT_APPLICABLE,RECORDED_IN_CASE_NAME,RECORDED_IN_CASE_NAME,NEEDS_RECHECK,REASON_UNVERIFIED,STATUS_UNCERTAIN,LOW
CNT-DEC-STUDIO-NAME-001-140,SMP-DEC-STUDIO-NAME-001-140,NOT APPLICABLE,Standing Stone Games,Strateji/MMO üreticileri,game/creative market comparator,STATUS_UNCERTAIN,United States,Kuzey Amerika,NOT_APPLICABLE,Official site/portfolio breadth coding; employee count not asserted,Game development/publishing,PC/console/mobile or multi-platform,Üç+ kelime,Games,NOT VERIFIED,NOT VERIFIED,QUALIFYING_EVIDENCE_INCOMPLETE,QUALIFYING_EVIDENCE_INCOMPLETE,SRC-DEC-STUDIO-NAME-001-279;SRC-DEC-STUDIO-NAME-001-280,2026-08-08,ESCALATE,Primary activity and official portfolio aligned to layer; no secondary quota count,LOW — fail-closed source review,quality-assurance-director,NOT APPLICABLE,CAN-DEC-STUDIO-NAME-001-140,standing stone games,NOT_APPLICABLE,INDEPENDENT_SAMPLE_UNIT,Strateji/MMO üreticileri,HISTORICAL_EVENT_SUBJECT,REVIEWED_UNIQUE,NOT_APPLICABLE,Historical case,NOT_APPLICABLE,NOT_APPLICABLE,NOT_APPLICABLE,RECORDED_IN_CASE_NAME,RECORDED_IN_CASE_NAME,NEEDS_RECHECK,REASON_UNVERIFIED,STATUS_UNCERTAIN,LOW
CNT-DEC-STUDIO-NAME-001-141,SMP-DEC-STUDIO-NAME-001-141,NOT APPLICABLE,ArenaNet,Strateji/MMO üreticileri,game/creative market comparator,STATUS_UNCERTAIN,United States,Kuzey Amerika,NOT_APPLICABLE,Official site/portfolio breadth coding; employee count not asserted,Game development/publishing,PC/console/mobile or multi-platform,Birleşik kelime,Yok,NOT VERIFIED,NOT VERIFIED,QUALIFYING_EVIDENCE_INCOMPLETE,QUALIFYING_EVIDENCE_INCOMPLETE,SRC-DEC-STUDIO-NAME-001-281;SRC-DEC-STUDIO-NAME-001-282,2026-08-08,ESCALATE,Primary activity and official portfolio aligned to layer; no secondary quota count,LOW — fail-closed source review,quality-assurance-director,NOT APPLICABLE,CAN-DEC-STUDIO-NAME-001-141,arenanet,NOT_APPLICABLE,INDEPENDENT_SAMPLE_UNIT,Strateji/MMO üreticileri,HISTORICAL_EVENT_SUBJECT,REVIEWED_UNIQUE,NOT_APPLICABLE,Historical case,NOT_APPLICABLE,NOT_APPLICABLE,NOT_APPLICABLE,RECORDED_IN_CASE_NAME,RECORDED_IN_CASE_NAME,NEEDS_RECHECK,REASON_UNVERIFIED,STATUS_UNCERTAIN,LOW
CNT-DEC-STUDIO-NAME-001-142,SMP-DEC-STUDIO-NAME-001-142,NOT APPLICABLE,Digital Extremes,Strateji/MMO üreticileri,game/creative market comparator,STATUS_UNCERTAIN,Canada,Kuzey Amerika,NOT_APPLICABLE,Official site/portfolio breadth coding; employee count not asserted,Game development/publishing,PC/console/mobile or multi-platform,İki kelime,Digital,NOT VERIFIED,NOT VERIFIED,QUALIFYING_EVIDENCE_INCOMPLETE,QUALIFYING_EVIDENCE_INCOMPLETE,SRC-DEC-STUDIO-NAME-001-283;SRC-DEC-STUDIO-NAME-001-284,2026-08-08,ESCALATE,Primary activity and official portfolio aligned to layer; no secondary quota count,LOW — fail-closed source review,quality-assurance-director,NOT APPLICABLE,CAN-DEC-STUDIO-NAME-001-142,digital extremes,NOT_APPLICABLE,INDEPENDENT_SAMPLE_UNIT,Strateji/MMO üreticileri,HISTORICAL_EVENT_SUBJECT,REVIEWED_UNIQUE,NOT_APPLICABLE,Historical case,NOT_APPLICABLE,NOT_APPLICABLE,NOT_APPLICABLE,RECORDED_IN_CASE_NAME,RECORDED_IN_CASE_NAME,NEEDS_RECHECK,REASON_UNVERIFIED,STATUS_UNCERTAIN,LOW
CNT-DEC-STUDIO-NAME-001-143,SMP-DEC-STUDIO-NAME-001-143,NOT APPLICABLE,Grinding Gear Games,Strateji/MMO üreticileri,game/creative market comparator,STATUS_UNCERTAIN,New Zealand,Diğer bölgeler,NOT_APPLICABLE,Official site/portfolio breadth coding; employee count not asserted,Game development/publishing,PC/console/mobile or multi-platform,Üç+ kelime,Games,NOT VERIFIED,NOT VERIFIED,QUALIFYING_EVIDENCE_INCOMPLETE,QUALIFYING_EVIDENCE_INCOMPLETE,SRC-DEC-STUDIO-NAME-001-285;SRC-DEC-STUDIO-NAME-001-286,2026-08-08,ESCALATE,Primary activity and official portfolio aligned to layer; no secondary quota count,LOW — fail-closed source review,quality-assurance-director,NOT APPLICABLE,CAN-DEC-STUDIO-NAME-001-143,grinding gear games,NOT_APPLICABLE,INDEPENDENT_SAMPLE_UNIT,Strateji/MMO üreticileri,HISTORICAL_EVENT_SUBJECT,REVIEWED_UNIQUE,NOT_APPLICABLE,Historical case,NOT_APPLICABLE,NOT_APPLICABLE,NOT_APPLICABLE,RECORDED_IN_CASE_NAME,RECORDED_IN_CASE_NAME,NEEDS_RECHECK,REASON_UNVERIFIED,STATUS_UNCERTAIN,LOW
CNT-DEC-STUDIO-NAME-001-144,SMP-DEC-STUDIO-NAME-001-144,NOT APPLICABLE,Smilegate RPG,Strateji/MMO üreticileri,game/creative market comparator,STATUS_UNCERTAIN,South Korea,Doğu Asya,NOT_APPLICABLE,Official site/portfolio breadth coding; employee count not asserted,Game development/publishing,PC/console/mobile or multi-platform,İki kelime,RPG,NOT VERIFIED,NOT VERIFIED,QUALIFYING_EVIDENCE_INCOMPLETE,QUALIFYING_EVIDENCE_INCOMPLETE,SRC-DEC-STUDIO-NAME-001-287;SRC-DEC-STUDIO-NAME-001-288,2026-08-08,ESCALATE,Primary activity and official portfolio aligned to layer; no secondary quota count,LOW — fail-closed source review,quality-assurance-director,NOT APPLICABLE,CAN-DEC-STUDIO-NAME-001-144,smilegate rpg,NOT_APPLICABLE,INDEPENDENT_SAMPLE_UNIT,Strateji/MMO üreticileri,HISTORICAL_EVENT_SUBJECT,REVIEWED_UNIQUE,NOT_APPLICABLE,Historical case,NOT_APPLICABLE,NOT_APPLICABLE,NOT_APPLICABLE,RECORDED_IN_CASE_NAME,RECORDED_IN_CASE_NAME,NEEDS_RECHECK,REASON_UNVERIFIED,STATUS_UNCERTAIN,LOW
CNT-DEC-STUDIO-NAME-001-145,SMP-DEC-STUDIO-NAME-001-145,NOT APPLICABLE,Webzen,Strateji/MMO üreticileri,game/creative market comparator,STATUS_UNCERTAIN,South Korea,Doğu Asya,NOT_APPLICABLE,Official site/portfolio breadth coding; employee count not asserted,Game development/publishing,PC/console/mobile or multi-platform,Uydurma kelime,Yok,NOT VERIFIED,NOT VERIFIED,QUALIFYING_EVIDENCE_INCOMPLETE,QUALIFYING_EVIDENCE_INCOMPLETE,SRC-DEC-STUDIO-NAME-001-289;SRC-DEC-STUDIO-NAME-001-290,2026-08-08,ESCALATE,Primary activity and official portfolio aligned to layer; no secondary quota count,LOW — fail-closed source review,quality-assurance-director,NOT APPLICABLE,CAN-DEC-STUDIO-NAME-001-145,webzen,NOT_APPLICABLE,INDEPENDENT_SAMPLE_UNIT,Strateji/MMO üreticileri,HISTORICAL_EVENT_SUBJECT,REVIEWED_UNIQUE,NOT_APPLICABLE,Historical case,NOT_APPLICABLE,NOT_APPLICABLE,NOT_APPLICABLE,RECORDED_IN_CASE_NAME,RECORDED_IN_CASE_NAME,NEEDS_RECHECK,REASON_UNVERIFIED,STATUS_UNCERTAIN,LOW
CNT-DEC-STUDIO-NAME-001-146,SMP-DEC-STUDIO-NAME-001-146,NOT APPLICABLE,IMC Games,Strateji/MMO üreticileri,game/creative market comparator,STATUS_UNCERTAIN,South Korea,Doğu Asya,NOT_APPLICABLE,Official site/portfolio breadth coding; employee count not asserted,Game development/publishing,PC/console/mobile or multi-platform,İki kelime,Games,NOT VERIFIED,NOT VERIFIED,QUALIFYING_EVIDENCE_INCOMPLETE,QUALIFYING_EVIDENCE_INCOMPLETE,SRC-DEC-STUDIO-NAME-001-291;SRC-DEC-STUDIO-NAME-001-292,2026-08-08,ESCALATE,Primary activity and official portfolio aligned to layer; no secondary quota count,LOW — fail-closed source review,quality-assurance-director,NOT APPLICABLE,CAN-DEC-STUDIO-NAME-001-146,imc games,NOT_APPLICABLE,INDEPENDENT_SAMPLE_UNIT,Strateji/MMO üreticileri,HISTORICAL_EVENT_SUBJECT,REVIEWED_UNIQUE,NOT_APPLICABLE,Historical case,NOT_APPLICABLE,NOT_APPLICABLE,NOT_APPLICABLE,RECORDED_IN_CASE_NAME,RECORDED_IN_CASE_NAME,NEEDS_RECHECK,REASON_UNVERIFIED,STATUS_UNCERTAIN,LOW
CNT-DEC-STUDIO-NAME-001-147,SMP-DEC-STUDIO-NAME-001-147,NOT APPLICABLE,Kakao Games,Strateji/MMO üreticileri,game/creative market comparator,STATUS_UNCERTAIN,South Korea,Doğu Asya,NOT_APPLICABLE,Official site/portfolio breadth coding; employee count not asserted,Game development/publishing,PC/console/mobile or multi-platform,İki kelime,Games,NOT VERIFIED,NOT VERIFIED,QUALIFYING_EVIDENCE_INCOMPLETE,QUALIFYING_EVIDENCE_INCOMPLETE,SRC-DEC-STUDIO-NAME-001-293;SRC-DEC-STUDIO-NAME-001-294,2026-08-08,ESCALATE,Primary activity and official portfolio aligned to layer; no secondary quota count,LOW — fail-closed source review,quality-assurance-director,NOT APPLICABLE,CAN-DEC-STUDIO-NAME-001-147,kakao games,NOT_APPLICABLE,INDEPENDENT_SAMPLE_UNIT,Strateji/MMO üreticileri,HISTORICAL_EVENT_SUBJECT,REVIEWED_UNIQUE,NOT_APPLICABLE,Historical case,NOT_APPLICABLE,NOT_APPLICABLE,NOT_APPLICABLE,RECORDED_IN_CASE_NAME,RECORDED_IN_CASE_NAME,NEEDS_RECHECK,REASON_UNVERIFIED,STATUS_UNCERTAIN,LOW
CNT-DEC-STUDIO-NAME-001-148,SMP-DEC-STUDIO-NAME-001-148,NOT APPLICABLE,Gravity,Strateji/MMO üreticileri,game/creative market comparator,STATUS_UNCERTAIN,South Korea,Doğu Asya,NOT_APPLICABLE,Official site/portfolio breadth coding; employee count not asserted,Game development/publishing,PC/console/mobile or multi-platform,Tek kelime,Yok,NOT VERIFIED,NOT VERIFIED,QUALIFYING_EVIDENCE_INCOMPLETE,QUALIFYING_EVIDENCE_INCOMPLETE,SRC-DEC-STUDIO-NAME-001-295;SRC-DEC-STUDIO-NAME-001-296,2026-08-08,ESCALATE,Primary activity and official portfolio aligned to layer; no secondary quota count,LOW — fail-closed source review,quality-assurance-director,NOT APPLICABLE,CAN-DEC-STUDIO-NAME-001-148,gravity,NOT_APPLICABLE,INDEPENDENT_SAMPLE_UNIT,Strateji/MMO üreticileri,HISTORICAL_EVENT_SUBJECT,REVIEWED_UNIQUE,NOT_APPLICABLE,Historical case,NOT_APPLICABLE,NOT_APPLICABLE,NOT_APPLICABLE,RECORDED_IN_CASE_NAME,RECORDED_IN_CASE_NAME,NEEDS_RECHECK,REASON_UNVERIFIED,STATUS_UNCERTAIN,LOW
CNT-DEC-STUDIO-NAME-001-149,SMP-DEC-STUDIO-NAME-001-149,NOT APPLICABLE,Riot Games,Strateji/MMO üreticileri,game/creative market comparator,STATUS_UNCERTAIN,United States,Kuzey Amerika,NOT_APPLICABLE,Official site/portfolio breadth coding; employee count not asserted,Game development/publishing,PC/console/mobile or multi-platform,İki kelime,Games,NOT VERIFIED,NOT VERIFIED,QUALIFYING_EVIDENCE_INCOMPLETE,QUALIFYING_EVIDENCE_INCOMPLETE,SRC-DEC-STUDIO-NAME-001-297;SRC-DEC-STUDIO-NAME-001-298,2026-08-08,ESCALATE,Primary activity and official portfolio aligned to layer; no secondary quota count,LOW — fail-closed source review,quality-assurance-director,NOT APPLICABLE,CAN-DEC-STUDIO-NAME-001-149,riot games,NOT_APPLICABLE,INDEPENDENT_SAMPLE_UNIT,Strateji/MMO üreticileri,HISTORICAL_EVENT_SUBJECT,REVIEWED_UNIQUE,NOT_APPLICABLE,Historical case,NOT_APPLICABLE,NOT_APPLICABLE,NOT_APPLICABLE,RECORDED_IN_CASE_NAME,RECORDED_IN_CASE_NAME,NEEDS_RECHECK,REASON_UNVERIFIED,STATUS_UNCERTAIN,LOW
CNT-DEC-STUDIO-NAME-001-150,SMP-DEC-STUDIO-NAME-001-150,NOT APPLICABLE,Sandbox Interactive,Strateji/MMO üreticileri,game/creative market comparator,STATUS_UNCERTAIN,Germany,Avrupa,NOT_APPLICABLE,Official site/portfolio breadth coding; employee count not asserted,Game development/publishing,PC/console/mobile or multi-platform,İki kelime,Interactive,NOT VERIFIED,NOT VERIFIED,QUALIFYING_EVIDENCE_INCOMPLETE,QUALIFYING_EVIDENCE_INCOMPLETE,SRC-DEC-STUDIO-NAME-001-299;SRC-DEC-STUDIO-NAME-001-300,2026-08-08,ESCALATE,Primary activity and official portfolio aligned to layer; no secondary quota count,LOW — fail-closed source review,quality-assurance-director,NOT APPLICABLE,CAN-DEC-STUDIO-NAME-001-150,sandbox interactive,NOT_APPLICABLE,INDEPENDENT_SAMPLE_UNIT,Strateji/MMO üreticileri,HISTORICAL_EVENT_SUBJECT,REVIEWED_UNIQUE,NOT_APPLICABLE,Historical case,NOT_APPLICABLE,NOT_APPLICABLE,NOT_APPLICABLE,RECORDED_IN_CASE_NAME,RECORDED_IN_CASE_NAME,NEEDS_RECHECK,REASON_UNVERIFIED,STATUS_UNCERTAIN,LOW
CNT-DEC-STUDIO-NAME-001-151,SMP-DEC-STUDIO-NAME-001-151,NOT APPLICABLE,Adobe,Teknoloji/yaratıcı üretim markaları,game/creative market comparator,STATUS_UNCERTAIN,United States,Kuzey Amerika,NOT_APPLICABLE,Official site/portfolio breadth coding; employee count not asserted,Technology or creative production,PC/console/mobile or multi-platform,Tek kelime,Yok,NOT VERIFIED,NOT VERIFIED,QUALIFYING_EVIDENCE_INCOMPLETE,QUALIFYING_EVIDENCE_INCOMPLETE,SRC-DEC-STUDIO-NAME-001-301;SRC-DEC-STUDIO-NAME-001-302,2026-08-08,ESCALATE,Primary activity and official portfolio aligned to layer; no secondary quota count,LOW — fail-closed source review,quality-assurance-director,NOT APPLICABLE,CAN-DEC-STUDIO-NAME-001-151,adobe,NOT_APPLICABLE,INDEPENDENT_SAMPLE_UNIT,Teknoloji/yaratıcı üretim markaları,HISTORICAL_EVENT_SUBJECT,REVIEWED_UNIQUE,NOT_APPLICABLE,Historical case,NOT_APPLICABLE,NOT_APPLICABLE,NOT_APPLICABLE,RECORDED_IN_CASE_NAME,RECORDED_IN_CASE_NAME,NEEDS_RECHECK,REASON_UNVERIFIED,STATUS_UNCERTAIN,LOW
CNT-DEC-STUDIO-NAME-001-152,SMP-DEC-STUDIO-NAME-001-152,NOT APPLICABLE,Autodesk,Teknoloji/yaratıcı üretim markaları,game/creative market comparator,STATUS_UNCERTAIN,United States,Kuzey Amerika,NOT_APPLICABLE,Official site/portfolio breadth coding; employee count not asserted,Technology or creative production,PC/console/mobile or multi-platform,Birleşik kelime,Yok,NOT VERIFIED,NOT VERIFIED,QUALIFYING_EVIDENCE_INCOMPLETE,QUALIFYING_EVIDENCE_INCOMPLETE,SRC-DEC-STUDIO-NAME-001-303;SRC-DEC-STUDIO-NAME-001-304,2026-08-08,ESCALATE,Primary activity and official portfolio aligned to layer; no secondary quota count,LOW — fail-closed source review,quality-assurance-director,NOT APPLICABLE,CAN-DEC-STUDIO-NAME-001-152,autodesk,NOT_APPLICABLE,INDEPENDENT_SAMPLE_UNIT,Teknoloji/yaratıcı üretim markaları,HISTORICAL_EVENT_SUBJECT,REVIEWED_UNIQUE,NOT_APPLICABLE,Historical case,NOT_APPLICABLE,NOT_APPLICABLE,NOT_APPLICABLE,RECORDED_IN_CASE_NAME,RECORDED_IN_CASE_NAME,NEEDS_RECHECK,REASON_UNVERIFIED,STATUS_UNCERTAIN,LOW
CNT-DEC-STUDIO-NAME-001-153,SMP-DEC-STUDIO-NAME-001-153,NOT APPLICABLE,Unity Technologies,Teknoloji/yaratıcı üretim markaları,game/creative market comparator,STATUS_UNCERTAIN,United States,Kuzey Amerika,NOT_APPLICABLE,Official site/portfolio breadth coding; employee count not asserted,Technology or creative production,PC/console/mobile or multi-platform,İki kelime,Technologies,NOT VERIFIED,NOT VERIFIED,QUALIFYING_EVIDENCE_INCOMPLETE,QUALIFYING_EVIDENCE_INCOMPLETE,SRC-DEC-STUDIO-NAME-001-305;SRC-DEC-STUDIO-NAME-001-306,2026-08-08,ESCALATE,Primary activity and official portfolio aligned to layer; no secondary quota count,LOW — fail-closed source review,quality-assurance-director,NOT APPLICABLE,CAN-DEC-STUDIO-NAME-001-153,unity technologies,NOT_APPLICABLE,INDEPENDENT_SAMPLE_UNIT,Teknoloji/yaratıcı üretim markaları,HISTORICAL_EVENT_SUBJECT,REVIEWED_UNIQUE,NOT_APPLICABLE,Historical case,NOT_APPLICABLE,NOT_APPLICABLE,NOT_APPLICABLE,RECORDED_IN_CASE_NAME,RECORDED_IN_CASE_NAME,NEEDS_RECHECK,REASON_UNVERIFIED,STATUS_UNCERTAIN,LOW
CNT-DEC-STUDIO-NAME-001-154,SMP-DEC-STUDIO-NAME-001-154,NOT APPLICABLE,Epic Games,Teknoloji/yaratıcı üretim markaları,game/creative market comparator,STATUS_UNCERTAIN,United States,Kuzey Amerika,NOT_APPLICABLE,Official site/portfolio breadth coding; employee count not asserted,Technology or creative production,PC/console/mobile or multi-platform,İki kelime,Games,NOT VERIFIED,NOT VERIFIED,QUALIFYING_EVIDENCE_INCOMPLETE,QUALIFYING_EVIDENCE_INCOMPLETE,SRC-DEC-STUDIO-NAME-001-307;SRC-DEC-STUDIO-NAME-001-308,2026-08-08,ESCALATE,Primary activity and official portfolio aligned to layer; no secondary quota count,LOW — fail-closed source review,quality-assurance-director,NOT APPLICABLE,CAN-DEC-STUDIO-NAME-001-154,epic games,NOT_APPLICABLE,INDEPENDENT_SAMPLE_UNIT,Teknoloji/yaratıcı üretim markaları,HISTORICAL_EVENT_SUBJECT,REVIEWED_UNIQUE,NOT_APPLICABLE,Historical case,NOT_APPLICABLE,NOT_APPLICABLE,NOT_APPLICABLE,RECORDED_IN_CASE_NAME,RECORDED_IN_CASE_NAME,NEEDS_RECHECK,REASON_UNVERIFIED,STATUS_UNCERTAIN,LOW
CNT-DEC-STUDIO-NAME-001-155,SMP-DEC-STUDIO-NAME-001-155,NOT APPLICABLE,Nvidia,Teknoloji/yaratıcı üretim markaları,game/creative market comparator,STATUS_UNCERTAIN,United States,Kuzey Amerika,NOT_APPLICABLE,Official site/portfolio breadth coding; employee count not asserted,Technology or creative production,PC/console/mobile or multi-platform,Uydurma kelime,Yok,NOT VERIFIED,NOT VERIFIED,QUALIFYING_EVIDENCE_INCOMPLETE,QUALIFYING_EVIDENCE_INCOMPLETE,SRC-DEC-STUDIO-NAME-001-309;SRC-DEC-STUDIO-NAME-001-310,2026-08-08,ESCALATE,Primary activity and official portfolio aligned to layer; no secondary quota count,LOW — fail-closed source review,quality-assurance-director,NOT APPLICABLE,CAN-DEC-STUDIO-NAME-001-155,nvidia,NOT_APPLICABLE,INDEPENDENT_SAMPLE_UNIT,Teknoloji/yaratıcı üretim markaları,HISTORICAL_EVENT_SUBJECT,REVIEWED_UNIQUE,NOT_APPLICABLE,Historical case,NOT_APPLICABLE,NOT_APPLICABLE,NOT_APPLICABLE,RECORDED_IN_CASE_NAME,RECORDED_IN_CASE_NAME,NEEDS_RECHECK,REASON_UNVERIFIED,STATUS_UNCERTAIN,LOW
CNT-DEC-STUDIO-NAME-001-156,SMP-DEC-STUDIO-NAME-001-156,NOT APPLICABLE,AMD,Teknoloji/yaratıcı üretim markaları,game/creative market comparator,STATUS_UNCERTAIN,United States,Kuzey Amerika,NOT_APPLICABLE,Official site/portfolio breadth coding; employee count not asserted,Technology or creative production,PC/console/mobile or multi-platform,Kısaltma,Yok,NOT VERIFIED,NOT VERIFIED,QUALIFYING_EVIDENCE_INCOMPLETE,QUALIFYING_EVIDENCE_INCOMPLETE,SRC-DEC-STUDIO-NAME-001-311;SRC-DEC-STUDIO-NAME-001-312,2026-08-08,ESCALATE,Primary activity and official portfolio aligned to layer; no secondary quota count,LOW — fail-closed source review,quality-assurance-director,NOT APPLICABLE,CAN-DEC-STUDIO-NAME-001-156,amd,NOT_APPLICABLE,INDEPENDENT_SAMPLE_UNIT,Teknoloji/yaratıcı üretim markaları,HISTORICAL_EVENT_SUBJECT,REVIEWED_UNIQUE,NOT_APPLICABLE,Historical case,NOT_APPLICABLE,NOT_APPLICABLE,NOT_APPLICABLE,RECORDED_IN_CASE_NAME,RECORDED_IN_CASE_NAME,NEEDS_RECHECK,REASON_UNVERIFIED,STATUS_UNCERTAIN,LOW
CNT-DEC-STUDIO-NAME-001-157,SMP-DEC-STUDIO-NAME-001-157,NOT APPLICABLE,Intel,Teknoloji/yaratıcı üretim markaları,game/creative market comparator,STATUS_UNCERTAIN,United States,Kuzey Amerika,NOT_APPLICABLE,Official site/portfolio breadth coding; employee count not asserted,Technology or creative production,PC/console/mobile or multi-platform,Birleşik kelime,Yok,NOT VERIFIED,NOT VERIFIED,QUALIFYING_EVIDENCE_INCOMPLETE,QUALIFYING_EVIDENCE_INCOMPLETE,SRC-DEC-STUDIO-NAME-001-313;SRC-DEC-STUDIO-NAME-001-314,2026-08-08,ESCALATE,Primary activity and official portfolio aligned to layer; no secondary quota count,LOW — fail-closed source review,quality-assurance-director,NOT APPLICABLE,CAN-DEC-STUDIO-NAME-001-157,intel,NOT_APPLICABLE,INDEPENDENT_SAMPLE_UNIT,Teknoloji/yaratıcı üretim markaları,HISTORICAL_EVENT_SUBJECT,REVIEWED_UNIQUE,NOT_APPLICABLE,Historical case,NOT_APPLICABLE,NOT_APPLICABLE,NOT_APPLICABLE,RECORDED_IN_CASE_NAME,RECORDED_IN_CASE_NAME,NEEDS_RECHECK,REASON_UNVERIFIED,STATUS_UNCERTAIN,LOW
CNT-DEC-STUDIO-NAME-001-158,SMP-DEC-STUDIO-NAME-001-158,NOT APPLICABLE,Qualcomm,Teknoloji/yaratıcı üretim markaları,game/creative market comparator,STATUS_UNCERTAIN,United States,Kuzey Amerika,NOT_APPLICABLE,Official site/portfolio breadth coding; employee count not asserted,Technology or creative production,PC/console/mobile or multi-platform,Birleşik kelime,Yok,NOT VERIFIED,NOT VERIFIED,QUALIFYING_EVIDENCE_INCOMPLETE,QUALIFYING_EVIDENCE_INCOMPLETE,SRC-DEC-STUDIO-NAME-001-315;SRC-DEC-STUDIO-NAME-001-316,2026-08-08,ESCALATE,Primary activity and official portfolio aligned to layer; no secondary quota count,LOW — fail-closed source review,quality-assurance-director,NOT APPLICABLE,CAN-DEC-STUDIO-NAME-001-158,qualcomm,NOT_APPLICABLE,INDEPENDENT_SAMPLE_UNIT,Teknoloji/yaratıcı üretim markaları,HISTORICAL_EVENT_SUBJECT,REVIEWED_UNIQUE,NOT_APPLICABLE,Historical case,NOT_APPLICABLE,NOT_APPLICABLE,NOT_APPLICABLE,RECORDED_IN_CASE_NAME,RECORDED_IN_CASE_NAME,NEEDS_RECHECK,REASON_UNVERIFIED,STATUS_UNCERTAIN,LOW
CNT-DEC-STUDIO-NAME-001-159,SMP-DEC-STUDIO-NAME-001-159,NOT APPLICABLE,OpenAI,Teknoloji/yaratıcı üretim markaları,game/creative market comparator,STATUS_UNCERTAIN,United States,Kuzey Amerika,NOT_APPLICABLE,Official site/portfolio breadth coding; employee count not asserted,Technology or creative production,PC/console/mobile or multi-platform,Birleşik kelime,Yok,NOT VERIFIED,NOT VERIFIED,QUALIFYING_EVIDENCE_INCOMPLETE,QUALIFYING_EVIDENCE_INCOMPLETE,SRC-DEC-STUDIO-NAME-001-317;SRC-DEC-STUDIO-NAME-001-318,2026-08-08,ESCALATE,Primary activity and official portfolio aligned to layer; no secondary quota count,LOW — fail-closed source review,quality-assurance-director,NOT APPLICABLE,CAN-DEC-STUDIO-NAME-001-159,openai,NOT_APPLICABLE,INDEPENDENT_SAMPLE_UNIT,Teknoloji/yaratıcı üretim markaları,HISTORICAL_EVENT_SUBJECT,REVIEWED_UNIQUE,NOT_APPLICABLE,Historical case,NOT_APPLICABLE,NOT_APPLICABLE,NOT_APPLICABLE,RECORDED_IN_CASE_NAME,RECORDED_IN_CASE_NAME,NEEDS_RECHECK,REASON_UNVERIFIED,STATUS_UNCERTAIN,LOW
CNT-DEC-STUDIO-NAME-001-160,SMP-DEC-STUDIO-NAME-001-160,NOT APPLICABLE,Anthropic,Teknoloji/yaratıcı üretim markaları,game/creative market comparator,STATUS_UNCERTAIN,United States,Kuzey Amerika,NOT_APPLICABLE,Official site/portfolio breadth coding; employee count not asserted,Technology or creative production,PC/console/mobile or multi-platform,Tek kelime,Yok,NOT VERIFIED,NOT VERIFIED,QUALIFYING_EVIDENCE_INCOMPLETE,QUALIFYING_EVIDENCE_INCOMPLETE,SRC-DEC-STUDIO-NAME-001-319;SRC-DEC-STUDIO-NAME-001-320,2026-08-08,ESCALATE,Primary activity and official portfolio aligned to layer; no secondary quota count,LOW — fail-closed source review,quality-assurance-director,NOT APPLICABLE,CAN-DEC-STUDIO-NAME-001-160,anthropic,NOT_APPLICABLE,INDEPENDENT_SAMPLE_UNIT,Teknoloji/yaratıcı üretim markaları,HISTORICAL_EVENT_SUBJECT,REVIEWED_UNIQUE,NOT_APPLICABLE,Historical case,NOT_APPLICABLE,NOT_APPLICABLE,NOT_APPLICABLE,RECORDED_IN_CASE_NAME,RECORDED_IN_CASE_NAME,NEEDS_RECHECK,REASON_UNVERIFIED,STATUS_UNCERTAIN,LOW
CNT-DEC-STUDIO-NAME-001-161,SMP-DEC-STUDIO-NAME-001-161,NOT APPLICABLE,Midjourney,Teknoloji/yaratıcı üretim markaları,game/creative market comparator,STATUS_UNCERTAIN,United States,Kuzey Amerika,NOT_APPLICABLE,Official site/portfolio breadth coding; employee count not asserted,Technology or creative production,PC/console/mobile or multi-platform,Birleşik kelime,Yok,NOT VERIFIED,NOT VERIFIED,QUALIFYING_EVIDENCE_INCOMPLETE,QUALIFYING_EVIDENCE_INCOMPLETE,SRC-DEC-STUDIO-NAME-001-321;SRC-DEC-STUDIO-NAME-001-322,2026-08-08,ESCALATE,Primary activity and official portfolio aligned to layer; no secondary quota count,LOW — fail-closed source review,quality-assurance-director,NOT APPLICABLE,CAN-DEC-STUDIO-NAME-001-161,midjourney,NOT_APPLICABLE,INDEPENDENT_SAMPLE_UNIT,Teknoloji/yaratıcı üretim markaları,HISTORICAL_EVENT_SUBJECT,REVIEWED_UNIQUE,NOT_APPLICABLE,Historical case,NOT_APPLICABLE,NOT_APPLICABLE,NOT_APPLICABLE,RECORDED_IN_CASE_NAME,RECORDED_IN_CASE_NAME,NEEDS_RECHECK,REASON_UNVERIFIED,STATUS_UNCERTAIN,LOW
CNT-DEC-STUDIO-NAME-001-162,SMP-DEC-STUDIO-NAME-001-162,NOT APPLICABLE,Runway,Teknoloji/yaratıcı üretim markaları,game/creative market comparator,STATUS_UNCERTAIN,United States,Kuzey Amerika,NOT_APPLICABLE,Official site/portfolio breadth coding; employee count not asserted,Technology or creative production,PC/console/mobile or multi-platform,Tek kelime,Yok,NOT VERIFIED,NOT VERIFIED,QUALIFYING_EVIDENCE_INCOMPLETE,QUALIFYING_EVIDENCE_INCOMPLETE,SRC-DEC-STUDIO-NAME-001-323;SRC-DEC-STUDIO-NAME-001-324,2026-08-08,ESCALATE,Primary activity and official portfolio aligned to layer; no secondary quota count,LOW — fail-closed source review,quality-assurance-director,NOT APPLICABLE,CAN-DEC-STUDIO-NAME-001-162,runway,NOT_APPLICABLE,INDEPENDENT_SAMPLE_UNIT,Teknoloji/yaratıcı üretim markaları,HISTORICAL_EVENT_SUBJECT,REVIEWED_UNIQUE,NOT_APPLICABLE,Historical case,NOT_APPLICABLE,NOT_APPLICABLE,NOT_APPLICABLE,RECORDED_IN_CASE_NAME,RECORDED_IN_CASE_NAME,NEEDS_RECHECK,REASON_UNVERIFIED,STATUS_UNCERTAIN,LOW
CNT-DEC-STUDIO-NAME-001-163,SMP-DEC-STUDIO-NAME-001-163,NOT APPLICABLE,Stability AI,Teknoloji/yaratıcı üretim markaları,game/creative market comparator,STATUS_UNCERTAIN,United Kingdom,Avrupa,NOT_APPLICABLE,Official site/portfolio breadth coding; employee count not asserted,Technology or creative production,PC/console/mobile or multi-platform,İki kelime,AI,NOT VERIFIED,NOT VERIFIED,QUALIFYING_EVIDENCE_INCOMPLETE,QUALIFYING_EVIDENCE_INCOMPLETE,SRC-DEC-STUDIO-NAME-001-325;SRC-DEC-STUDIO-NAME-001-326,2026-08-08,ESCALATE,Primary activity and official portfolio aligned to layer; no secondary quota count,LOW — fail-closed source review,quality-assurance-director,NOT APPLICABLE,CAN-DEC-STUDIO-NAME-001-163,stability ai,NOT_APPLICABLE,INDEPENDENT_SAMPLE_UNIT,Teknoloji/yaratıcı üretim markaları,HISTORICAL_EVENT_SUBJECT,REVIEWED_UNIQUE,NOT_APPLICABLE,Historical case,NOT_APPLICABLE,NOT_APPLICABLE,NOT_APPLICABLE,RECORDED_IN_CASE_NAME,RECORDED_IN_CASE_NAME,NEEDS_RECHECK,REASON_UNVERIFIED,STATUS_UNCERTAIN,LOW
CNT-DEC-STUDIO-NAME-001-164,SMP-DEC-STUDIO-NAME-001-164,NOT APPLICABLE,Canva,Teknoloji/yaratıcı üretim markaları,game/creative market comparator,STATUS_UNCERTAIN,Australia,Diğer bölgeler,NOT_APPLICABLE,Official site/portfolio breadth coding; employee count not asserted,Technology or creative production,PC/console/mobile or multi-platform,Uydurma kelime,Yok,NOT VERIFIED,NOT VERIFIED,QUALIFYING_EVIDENCE_INCOMPLETE,QUALIFYING_EVIDENCE_INCOMPLETE,SRC-DEC-STUDIO-NAME-001-327;SRC-DEC-STUDIO-NAME-001-328,2026-08-08,ESCALATE,Primary activity and official portfolio aligned to layer; no secondary quota count,LOW — fail-closed source review,quality-assurance-director,NOT APPLICABLE,CAN-DEC-STUDIO-NAME-001-164,canva,NOT_APPLICABLE,INDEPENDENT_SAMPLE_UNIT,Teknoloji/yaratıcı üretim markaları,HISTORICAL_EVENT_SUBJECT,REVIEWED_UNIQUE,NOT_APPLICABLE,Historical case,NOT_APPLICABLE,NOT_APPLICABLE,NOT_APPLICABLE,RECORDED_IN_CASE_NAME,RECORDED_IN_CASE_NAME,NEEDS_RECHECK,REASON_UNVERIFIED,STATUS_UNCERTAIN,LOW
CNT-DEC-STUDIO-NAME-001-165,SMP-DEC-STUDIO-NAME-001-165,NOT APPLICABLE,Figma,Teknoloji/yaratıcı üretim markaları,game/creative market comparator,STATUS_UNCERTAIN,United States,Kuzey Amerika,NOT_APPLICABLE,Official site/portfolio breadth coding; employee count not asserted,Technology or creative production,PC/console/mobile or multi-platform,Uydurma kelime,Yok,NOT VERIFIED,NOT VERIFIED,QUALIFYING_EVIDENCE_INCOMPLETE,QUALIFYING_EVIDENCE_INCOMPLETE,SRC-DEC-STUDIO-NAME-001-329;SRC-DEC-STUDIO-NAME-001-330,2026-08-08,ESCALATE,Primary activity and official portfolio aligned to layer; no secondary quota count,LOW — fail-closed source review,quality-assurance-director,NOT APPLICABLE,CAN-DEC-STUDIO-NAME-001-165,figma,NOT_APPLICABLE,INDEPENDENT_SAMPLE_UNIT,Teknoloji/yaratıcı üretim markaları,HISTORICAL_EVENT_SUBJECT,REVIEWED_UNIQUE,NOT_APPLICABLE,Historical case,NOT_APPLICABLE,NOT_APPLICABLE,NOT_APPLICABLE,RECORDED_IN_CASE_NAME,RECORDED_IN_CASE_NAME,NEEDS_RECHECK,REASON_UNVERIFIED,STATUS_UNCERTAIN,LOW
CNT-DEC-STUDIO-NAME-001-166,SMP-DEC-STUDIO-NAME-001-166,NOT APPLICABLE,Blender Foundation,Teknoloji/yaratıcı üretim markaları,game/creative market comparator,STATUS_UNCERTAIN,Netherlands,Avrupa,NOT_APPLICABLE,Official site/portfolio breadth coding; employee count not asserted,Technology or creative production,PC/console/mobile or multi-platform,İki kelime,Foundation,NOT VERIFIED,NOT VERIFIED,QUALIFYING_EVIDENCE_INCOMPLETE,QUALIFYING_EVIDENCE_INCOMPLETE,SRC-DEC-STUDIO-NAME-001-331;SRC-DEC-STUDIO-NAME-001-332,2026-08-08,ESCALATE,Primary activity and official portfolio aligned to layer; no secondary quota count,LOW — fail-closed source review,quality-assurance-director,NOT APPLICABLE,CAN-DEC-STUDIO-NAME-001-166,blender foundation,NOT_APPLICABLE,INDEPENDENT_SAMPLE_UNIT,Teknoloji/yaratıcı üretim markaları,HISTORICAL_EVENT_SUBJECT,REVIEWED_UNIQUE,NOT_APPLICABLE,Historical case,NOT_APPLICABLE,NOT_APPLICABLE,NOT_APPLICABLE,RECORDED_IN_CASE_NAME,RECORDED_IN_CASE_NAME,NEEDS_RECHECK,REASON_UNVERIFIED,STATUS_UNCERTAIN,LOW
CNT-DEC-STUDIO-NAME-001-167,SMP-DEC-STUDIO-NAME-001-167,NOT APPLICABLE,SideFX,Teknoloji/yaratıcı üretim markaları,game/creative market comparator,STATUS_UNCERTAIN,Canada,Kuzey Amerika,NOT_APPLICABLE,Official site/portfolio breadth coding; employee count not asserted,Technology or creative production,PC/console/mobile or multi-platform,Birleşik kelime,FX,NOT VERIFIED,NOT VERIFIED,QUALIFYING_EVIDENCE_INCOMPLETE,QUALIFYING_EVIDENCE_INCOMPLETE,SRC-DEC-STUDIO-NAME-001-333;SRC-DEC-STUDIO-NAME-001-334,2026-08-08,ESCALATE,Primary activity and official portfolio aligned to layer; no secondary quota count,LOW — fail-closed source review,quality-assurance-director,NOT APPLICABLE,CAN-DEC-STUDIO-NAME-001-167,sidefx,NOT_APPLICABLE,INDEPENDENT_SAMPLE_UNIT,Teknoloji/yaratıcı üretim markaları,HISTORICAL_EVENT_SUBJECT,REVIEWED_UNIQUE,NOT_APPLICABLE,Historical case,NOT_APPLICABLE,NOT_APPLICABLE,NOT_APPLICABLE,RECORDED_IN_CASE_NAME,RECORDED_IN_CASE_NAME,NEEDS_RECHECK,REASON_UNVERIFIED,STATUS_UNCERTAIN,LOW
CNT-DEC-STUDIO-NAME-001-168,SMP-DEC-STUDIO-NAME-001-168,NOT APPLICABLE,Foundry,Teknoloji/yaratıcı üretim markaları,game/creative market comparator,STATUS_UNCERTAIN,United Kingdom,Avrupa,NOT_APPLICABLE,Official site/portfolio breadth coding; employee count not asserted,Technology or creative production,PC/console/mobile or multi-platform,Tek kelime,Yok,NOT VERIFIED,NOT VERIFIED,QUALIFYING_EVIDENCE_INCOMPLETE,QUALIFYING_EVIDENCE_INCOMPLETE,SRC-DEC-STUDIO-NAME-001-335;SRC-DEC-STUDIO-NAME-001-336,2026-08-08,ESCALATE,Primary activity and official portfolio aligned to layer; no secondary quota count,LOW — fail-closed source review,quality-assurance-director,NOT APPLICABLE,CAN-DEC-STUDIO-NAME-001-168,foundry,NOT_APPLICABLE,INDEPENDENT_SAMPLE_UNIT,Teknoloji/yaratıcı üretim markaları,HISTORICAL_EVENT_SUBJECT,REVIEWED_UNIQUE,NOT_APPLICABLE,Historical case,NOT_APPLICABLE,NOT_APPLICABLE,NOT_APPLICABLE,RECORDED_IN_CASE_NAME,RECORDED_IN_CASE_NAME,NEEDS_RECHECK,REASON_UNVERIFIED,STATUS_UNCERTAIN,LOW
CNT-DEC-STUDIO-NAME-001-169,SMP-DEC-STUDIO-NAME-001-169,NOT APPLICABLE,Blackmagic Design,Teknoloji/yaratıcı üretim markaları,game/creative market comparator,STATUS_UNCERTAIN,Australia,Diğer bölgeler,NOT_APPLICABLE,Official site/portfolio breadth coding; employee count not asserted,Technology or creative production,PC/console/mobile or multi-platform,İki kelime,Design,NOT VERIFIED,NOT VERIFIED,QUALIFYING_EVIDENCE_INCOMPLETE,QUALIFYING_EVIDENCE_INCOMPLETE,SRC-DEC-STUDIO-NAME-001-337;SRC-DEC-STUDIO-NAME-001-338,2026-08-08,ESCALATE,Primary activity and official portfolio aligned to layer; no secondary quota count,LOW — fail-closed source review,quality-assurance-director,NOT APPLICABLE,CAN-DEC-STUDIO-NAME-001-169,blackmagic design,NOT_APPLICABLE,INDEPENDENT_SAMPLE_UNIT,Teknoloji/yaratıcı üretim markaları,HISTORICAL_EVENT_SUBJECT,REVIEWED_UNIQUE,NOT_APPLICABLE,Historical case,NOT_APPLICABLE,NOT_APPLICABLE,NOT_APPLICABLE,RECORDED_IN_CASE_NAME,RECORDED_IN_CASE_NAME,NEEDS_RECHECK,REASON_UNVERIFIED,STATUS_UNCERTAIN,LOW
CNT-DEC-STUDIO-NAME-001-170,SMP-DEC-STUDIO-NAME-001-170,NOT APPLICABLE,Wacom,Teknoloji/yaratıcı üretim markaları,game/creative market comparator,STATUS_UNCERTAIN,Japan,Doğu Asya,NOT_APPLICABLE,Official site/portfolio breadth coding; employee count not asserted,Technology or creative production,PC/console/mobile or multi-platform,Uydurma kelime,Yok,NOT VERIFIED,NOT VERIFIED,QUALIFYING_EVIDENCE_INCOMPLETE,QUALIFYING_EVIDENCE_INCOMPLETE,SRC-DEC-STUDIO-NAME-001-339;SRC-DEC-STUDIO-NAME-001-340,2026-08-08,ESCALATE,Primary activity and official portfolio aligned to layer; no secondary quota count,LOW — fail-closed source review,quality-assurance-director,NOT APPLICABLE,CAN-DEC-STUDIO-NAME-001-170,wacom,NOT_APPLICABLE,INDEPENDENT_SAMPLE_UNIT,Teknoloji/yaratıcı üretim markaları,HISTORICAL_EVENT_SUBJECT,REVIEWED_UNIQUE,NOT_APPLICABLE,Historical case,NOT_APPLICABLE,NOT_APPLICABLE,NOT_APPLICABLE,RECORDED_IN_CASE_NAME,RECORDED_IN_CASE_NAME,NEEDS_RECHECK,REASON_UNVERIFIED,STATUS_UNCERTAIN,LOW
CNT-DEC-STUDIO-NAME-001-171,SMP-DEC-STUDIO-NAME-001-171,NOT APPLICABLE,Huion,Teknoloji/yaratıcı üretim markaları,game/creative market comparator,STATUS_UNCERTAIN,China,Doğu Asya,NOT_APPLICABLE,Official site/portfolio breadth coding; employee count not asserted,Technology or creative production,PC/console/mobile or multi-platform,Uydurma kelime,Yok,NOT VERIFIED,NOT VERIFIED,QUALIFYING_EVIDENCE_INCOMPLETE,QUALIFYING_EVIDENCE_INCOMPLETE,SRC-DEC-STUDIO-NAME-001-341;SRC-DEC-STUDIO-NAME-001-342,2026-08-08,ESCALATE,Primary activity and official portfolio aligned to layer; no secondary quota count,LOW — fail-closed source review,quality-assurance-director,NOT APPLICABLE,CAN-DEC-STUDIO-NAME-001-171,huion,NOT_APPLICABLE,INDEPENDENT_SAMPLE_UNIT,Teknoloji/yaratıcı üretim markaları,HISTORICAL_EVENT_SUBJECT,REVIEWED_UNIQUE,NOT_APPLICABLE,Historical case,NOT_APPLICABLE,NOT_APPLICABLE,NOT_APPLICABLE,RECORDED_IN_CASE_NAME,RECORDED_IN_CASE_NAME,NEEDS_RECHECK,REASON_UNVERIFIED,STATUS_UNCERTAIN,LOW
CNT-DEC-STUDIO-NAME-001-172,SMP-DEC-STUDIO-NAME-001-172,NOT APPLICABLE,Maxon,Teknoloji/yaratıcı üretim markaları,game/creative market comparator,STATUS_UNCERTAIN,Germany,Avrupa,NOT_APPLICABLE,Official site/portfolio breadth coding; employee count not asserted,Technology or creative production,PC/console/mobile or multi-platform,Kurucu/soyadı temelli,Yok,NOT VERIFIED,NOT VERIFIED,QUALIFYING_EVIDENCE_INCOMPLETE,QUALIFYING_EVIDENCE_INCOMPLETE,SRC-DEC-STUDIO-NAME-001-343;SRC-DEC-STUDIO-NAME-001-344,2026-08-08,ESCALATE,Primary activity and official portfolio aligned to layer; no secondary quota count,LOW — fail-closed source review,quality-assurance-director,NOT APPLICABLE,CAN-DEC-STUDIO-NAME-001-172,maxon,NOT_APPLICABLE,INDEPENDENT_SAMPLE_UNIT,Teknoloji/yaratıcı üretim markaları,HISTORICAL_EVENT_SUBJECT,REVIEWED_UNIQUE,NOT_APPLICABLE,Historical case,NOT_APPLICABLE,NOT_APPLICABLE,NOT_APPLICABLE,RECORDED_IN_CASE_NAME,RECORDED_IN_CASE_NAME,NEEDS_RECHECK,REASON_UNVERIFIED,STATUS_UNCERTAIN,LOW
CNT-DEC-STUDIO-NAME-001-173,SMP-DEC-STUDIO-NAME-001-173,NOT APPLICABLE,Ableton,Teknoloji/yaratıcı üretim markaları,game/creative market comparator,STATUS_UNCERTAIN,Germany,Avrupa,NOT_APPLICABLE,Official site/portfolio breadth coding; employee count not asserted,Technology or creative production,PC/console/mobile or multi-platform,Uydurma kelime,Yok,NOT VERIFIED,NOT VERIFIED,QUALIFYING_EVIDENCE_INCOMPLETE,QUALIFYING_EVIDENCE_INCOMPLETE,SRC-DEC-STUDIO-NAME-001-345;SRC-DEC-STUDIO-NAME-001-346,2026-08-08,ESCALATE,Primary activity and official portfolio aligned to layer; no secondary quota count,LOW — fail-closed source review,quality-assurance-director,NOT APPLICABLE,CAN-DEC-STUDIO-NAME-001-173,ableton,NOT_APPLICABLE,INDEPENDENT_SAMPLE_UNIT,Teknoloji/yaratıcı üretim markaları,HISTORICAL_EVENT_SUBJECT,REVIEWED_UNIQUE,NOT_APPLICABLE,Historical case,NOT_APPLICABLE,NOT_APPLICABLE,NOT_APPLICABLE,RECORDED_IN_CASE_NAME,RECORDED_IN_CASE_NAME,NEEDS_RECHECK,REASON_UNVERIFIED,STATUS_UNCERTAIN,LOW
CNT-DEC-STUDIO-NAME-001-174,SMP-DEC-STUDIO-NAME-001-174,NOT APPLICABLE,Native Instruments,Teknoloji/yaratıcı üretim markaları,game/creative market comparator,STATUS_UNCERTAIN,Germany,Avrupa,NOT_APPLICABLE,Official site/portfolio breadth coding; employee count not asserted,Technology or creative production,PC/console/mobile or multi-platform,İki kelime,Yok,NOT VERIFIED,NOT VERIFIED,QUALIFYING_EVIDENCE_INCOMPLETE,QUALIFYING_EVIDENCE_INCOMPLETE,SRC-DEC-STUDIO-NAME-001-347;SRC-DEC-STUDIO-NAME-001-348,2026-08-08,ESCALATE,Primary activity and official portfolio aligned to layer; no secondary quota count,LOW — fail-closed source review,quality-assurance-director,NOT APPLICABLE,CAN-DEC-STUDIO-NAME-001-174,native instruments,NOT_APPLICABLE,INDEPENDENT_SAMPLE_UNIT,Teknoloji/yaratıcı üretim markaları,HISTORICAL_EVENT_SUBJECT,REVIEWED_UNIQUE,NOT_APPLICABLE,Historical case,NOT_APPLICABLE,NOT_APPLICABLE,NOT_APPLICABLE,RECORDED_IN_CASE_NAME,RECORDED_IN_CASE_NAME,NEEDS_RECHECK,REASON_UNVERIFIED,STATUS_UNCERTAIN,LOW
CNT-DEC-STUDIO-NAME-001-175,SMP-DEC-STUDIO-NAME-001-175,NOT APPLICABLE,Akai Professional,Teknoloji/yaratıcı üretim markaları,game/creative market comparator,STATUS_UNCERTAIN,Japan,Doğu Asya,NOT_APPLICABLE,Official site/portfolio breadth coding; employee count not asserted,Technology or creative production,PC/console/mobile or multi-platform,İki kelime,Professional,NOT VERIFIED,NOT VERIFIED,QUALIFYING_EVIDENCE_INCOMPLETE,QUALIFYING_EVIDENCE_INCOMPLETE,SRC-DEC-STUDIO-NAME-001-349;SRC-DEC-STUDIO-NAME-001-350,2026-08-08,ESCALATE,Primary activity and official portfolio aligned to layer; no secondary quota count,LOW — fail-closed source review,quality-assurance-director,NOT APPLICABLE,CAN-DEC-STUDIO-NAME-001-175,akai professional,NOT_APPLICABLE,INDEPENDENT_SAMPLE_UNIT,Teknoloji/yaratıcı üretim markaları,HISTORICAL_EVENT_SUBJECT,REVIEWED_UNIQUE,NOT_APPLICABLE,Historical case,NOT_APPLICABLE,NOT_APPLICABLE,NOT_APPLICABLE,RECORDED_IN_CASE_NAME,RECORDED_IN_CASE_NAME,NEEDS_RECHECK,REASON_UNVERIFIED,STATUS_UNCERTAIN,LOW
CNT-DEC-STUDIO-NAME-001-176,SMP-DEC-STUDIO-NAME-001-176,NOT APPLICABLE,Samsung,Teknoloji/yaratıcı üretim markaları,game/creative market comparator,STATUS_UNCERTAIN,South Korea,Doğu Asya,NOT_APPLICABLE,Official site/portfolio breadth coding; employee count not asserted,Technology or creative production,PC/console/mobile or multi-platform,Tek kelime,Yok,NOT VERIFIED,NOT VERIFIED,QUALIFYING_EVIDENCE_INCOMPLETE,QUALIFYING_EVIDENCE_INCOMPLETE,SRC-DEC-STUDIO-NAME-001-351;SRC-DEC-STUDIO-NAME-001-352,2026-08-08,ESCALATE,Primary activity and official portfolio aligned to layer; no secondary quota count,LOW — fail-closed source review,quality-assurance-director,NOT APPLICABLE,CAN-DEC-STUDIO-NAME-001-176,samsung,NOT_APPLICABLE,INDEPENDENT_SAMPLE_UNIT,Teknoloji/yaratıcı üretim markaları,HISTORICAL_EVENT_SUBJECT,REVIEWED_UNIQUE,NOT_APPLICABLE,Historical case,NOT_APPLICABLE,NOT_APPLICABLE,NOT_APPLICABLE,RECORDED_IN_CASE_NAME,RECORDED_IN_CASE_NAME,NEEDS_RECHECK,REASON_UNVERIFIED,STATUS_UNCERTAIN,LOW
CNT-DEC-STUDIO-NAME-001-177,SMP-DEC-STUDIO-NAME-001-177,NOT APPLICABLE,Huawei,Teknoloji/yaratıcı üretim markaları,game/creative market comparator,STATUS_UNCERTAIN,China,Doğu Asya,NOT_APPLICABLE,Official site/portfolio breadth coding; employee count not asserted,Technology or creative production,PC/console/mobile or multi-platform,Tek kelime,Yok,NOT VERIFIED,NOT VERIFIED,QUALIFYING_EVIDENCE_INCOMPLETE,QUALIFYING_EVIDENCE_INCOMPLETE,SRC-DEC-STUDIO-NAME-001-353;SRC-DEC-STUDIO-NAME-001-354,2026-08-08,ESCALATE,Primary activity and official portfolio aligned to layer; no secondary quota count,LOW — fail-closed source review,quality-assurance-director,NOT APPLICABLE,CAN-DEC-STUDIO-NAME-001-177,huawei,NOT_APPLICABLE,INDEPENDENT_SAMPLE_UNIT,Teknoloji/yaratıcı üretim markaları,HISTORICAL_EVENT_SUBJECT,REVIEWED_UNIQUE,NOT_APPLICABLE,Historical case,NOT_APPLICABLE,NOT_APPLICABLE,NOT_APPLICABLE,RECORDED_IN_CASE_NAME,RECORDED_IN_CASE_NAME,NEEDS_RECHECK,REASON_UNVERIFIED,STATUS_UNCERTAIN,LOW
CNT-DEC-STUDIO-NAME-001-178,SMP-DEC-STUDIO-NAME-001-178,NOT APPLICABLE,Arçelik,Teknoloji/yaratıcı üretim markaları,game/creative market comparator,STATUS_UNCERTAIN,Türkiye,Türkiye ve yakın bölge,NOT_APPLICABLE,Official site/portfolio breadth coding; employee count not asserted,Technology or creative production,PC/console/mobile or multi-platform,Tek kelime,Yok,NOT VERIFIED,NOT VERIFIED,QUALIFYING_EVIDENCE_INCOMPLETE,QUALIFYING_EVIDENCE_INCOMPLETE,SRC-DEC-STUDIO-NAME-001-355;SRC-DEC-STUDIO-NAME-001-356,2026-08-08,ESCALATE,Primary activity and official portfolio aligned to layer; no secondary quota count,LOW — fail-closed source review,quality-assurance-director,NOT APPLICABLE,CAN-DEC-STUDIO-NAME-001-178,ar elik,NOT_APPLICABLE,INDEPENDENT_SAMPLE_UNIT,Teknoloji/yaratıcı üretim markaları,HISTORICAL_EVENT_SUBJECT,REVIEWED_UNIQUE,NOT_APPLICABLE,Historical case,NOT_APPLICABLE,NOT_APPLICABLE,NOT_APPLICABLE,RECORDED_IN_CASE_NAME,RECORDED_IN_CASE_NAME,NEEDS_RECHECK,REASON_UNVERIFIED,STATUS_UNCERTAIN,LOW
CNT-DEC-STUDIO-NAME-001-179,SMP-DEC-STUDIO-NAME-001-179,NOT APPLICABLE,Trendyol,Teknoloji/yaratıcı üretim markaları,game/creative market comparator,STATUS_UNCERTAIN,Türkiye,Türkiye ve yakın bölge,NOT_APPLICABLE,Official site/portfolio breadth coding; employee count not asserted,Technology or creative production,PC/console/mobile or multi-platform,Birleşik kelime,Yok,NOT VERIFIED,NOT VERIFIED,QUALIFYING_EVIDENCE_INCOMPLETE,QUALIFYING_EVIDENCE_INCOMPLETE,SRC-DEC-STUDIO-NAME-001-357;SRC-DEC-STUDIO-NAME-001-358,2026-08-08,ESCALATE,Primary activity and official portfolio aligned to layer; no secondary quota count,LOW — fail-closed source review,quality-assurance-director,NOT APPLICABLE,CAN-DEC-STUDIO-NAME-001-179,trendyol,NOT_APPLICABLE,INDEPENDENT_SAMPLE_UNIT,Teknoloji/yaratıcı üretim markaları,HISTORICAL_EVENT_SUBJECT,REVIEWED_UNIQUE,NOT_APPLICABLE,Historical case,NOT_APPLICABLE,NOT_APPLICABLE,NOT_APPLICABLE,RECORDED_IN_CASE_NAME,RECORDED_IN_CASE_NAME,NEEDS_RECHECK,REASON_UNVERIFIED,STATUS_UNCERTAIN,LOW
CNT-DEC-STUDIO-NAME-001-180,SMP-DEC-STUDIO-NAME-001-180,NOT APPLICABLE,Insider,Teknoloji/yaratıcı üretim markaları,game/creative market comparator,STATUS_UNCERTAIN,Türkiye,Türkiye ve yakın bölge,NOT_APPLICABLE,Official site/portfolio breadth coding; employee count not asserted,Technology or creative production,PC/console/mobile or multi-platform,Tek kelime,Yok,NOT VERIFIED,NOT VERIFIED,QUALIFYING_EVIDENCE_INCOMPLETE,QUALIFYING_EVIDENCE_INCOMPLETE,SRC-DEC-STUDIO-NAME-001-359;SRC-DEC-STUDIO-NAME-001-360,2026-08-08,ESCALATE,Primary activity and official portfolio aligned to layer; no secondary quota count,LOW — fail-closed source review,quality-assurance-director,NOT APPLICABLE,CAN-DEC-STUDIO-NAME-001-180,insider,NOT_APPLICABLE,INDEPENDENT_SAMPLE_UNIT,Teknoloji/yaratıcı üretim markaları,HISTORICAL_EVENT_SUBJECT,REVIEWED_UNIQUE,NOT_APPLICABLE,Historical case,NOT_APPLICABLE,NOT_APPLICABLE,NOT_APPLICABLE,RECORDED_IN_CASE_NAME,RECORDED_IN_CASE_NAME,NEEDS_RECHECK,REASON_UNVERIFIED,STATUS_UNCERTAIN,LOW
CNT-DEC-STUDIO-NAME-001-181,NOT APPLICABLE,EVT-DEC-STUDIO-NAME-001-181,Meta Platforms rebrand,Başarılı rebrand örnekleri,historical event,HISTORICAL_REBRAND_CASE,United States,Kuzey Amerika,NOT_APPLICABLE,NOT APPLICABLE — historical event,Historical brand/name event,NOT APPLICABLE,Açıklayıcı ad,Yok,EVENT SUBJECT,NOT VERIFIED,Official/organisation-controlled event or corporate page captured,Separate corporate/platform context captured,SRC-DEC-STUDIO-NAME-001-361;SRC-DEC-STUDIO-NAME-001-362,2026-08-08,INCLUDE,Historical event quota,MEDIUM — direct URLs captured; independent content audit pending,quality-assurance-director,NOT APPLICABLE,CAN-DEC-STUDIO-NAME-001-181,meta platforms rebrand,NOT_APPLICABLE,INDEPENDENT_SAMPLE_UNIT,Başarılı rebrand örnekleri,HISTORICAL_EVENT_SUBJECT,REVIEWED_UNIQUE,NOT_APPLICABLE,Historical case,NOT_APPLICABLE,NOT_APPLICABLE,NOT_APPLICABLE,RECORDED_IN_CASE_NAME,RECORDED_IN_CASE_NAME,NEEDS_RECHECK,REASON_UNVERIFIED,HISTORICAL_REBRAND_CASE,LOW
CNT-DEC-STUDIO-NAME-001-182,NOT APPLICABLE,EVT-DEC-STUDIO-NAME-001-182,Alphabet corporate restructuring,Başarılı rebrand örnekleri,historical event,HISTORICAL_REBRAND_CASE,United States,Kuzey Amerika,NOT_APPLICABLE,NOT APPLICABLE — historical event,Historical brand/name event,NOT APPLICABLE,Tek kelime,Yok,EVENT SUBJECT,NOT VERIFIED,Official/organisation-controlled event or corporate page captured,Separate corporate/platform context captured,SRC-DEC-STUDIO-NAME-001-363;SRC-DEC-STUDIO-NAME-001-364,2026-08-08,INCLUDE,Historical event quota,MEDIUM — direct URLs captured; independent content audit pending,quality-assurance-director,NOT APPLICABLE,CAN-DEC-STUDIO-NAME-001-182,alphabet corporate restructuring,NOT_APPLICABLE,INDEPENDENT_SAMPLE_UNIT,Başarılı rebrand örnekleri,HISTORICAL_EVENT_SUBJECT,REVIEWED_UNIQUE,NOT_APPLICABLE,Historical case,NOT_APPLICABLE,NOT_APPLICABLE,NOT_APPLICABLE,RECORDED_IN_CASE_NAME,RECORDED_IN_CASE_NAME,NEEDS_RECHECK,REASON_UNVERIFIED,HISTORICAL_REBRAND_CASE,LOW
CNT-DEC-STUDIO-NAME-001-183,NOT APPLICABLE,EVT-DEC-STUDIO-NAME-001-183,Block corporate rebrand,Başarılı rebrand örnekleri,historical event,HISTORICAL_REBRAND_CASE,United States,Kuzey Amerika,NOT_APPLICABLE,NOT APPLICABLE — historical event,Historical brand/name event,NOT APPLICABLE,Tek kelime,Yok,EVENT SUBJECT,NOT VERIFIED,Official/organisation-controlled event or corporate page captured,Separate corporate/platform context captured,SRC-DEC-STUDIO-NAME-001-365;SRC-DEC-STUDIO-NAME-001-366,2026-08-08,INCLUDE,Historical event quota,MEDIUM — direct URLs captured; independent content audit pending,quality-assurance-director,NOT APPLICABLE,CAN-DEC-STUDIO-NAME-001-183,block corporate rebrand,NOT_APPLICABLE,INDEPENDENT_SAMPLE_UNIT,Başarılı rebrand örnekleri,HISTORICAL_EVENT_SUBJECT,REVIEWED_UNIQUE,NOT_APPLICABLE,Historical case,NOT_APPLICABLE,NOT_APPLICABLE,NOT_APPLICABLE,RECORDED_IN_CASE_NAME,RECORDED_IN_CASE_NAME,NEEDS_RECHECK,REASON_UNVERIFIED,HISTORICAL_REBRAND_CASE,LOW
CNT-DEC-STUDIO-NAME-001-184,NOT APPLICABLE,EVT-DEC-STUDIO-NAME-001-184,Plaion rebrand from Koch Media,Başarılı rebrand örnekleri,historical event,HISTORICAL_REBRAND_CASE,Austria,Avrupa,NOT_APPLICABLE,NOT APPLICABLE — historical event,Historical brand/name event,NOT APPLICABLE,Uydurma kelime,Yok,EVENT SUBJECT,NOT VERIFIED,Official/organisation-controlled event or corporate page captured,Separate corporate/platform context captured,SRC-DEC-STUDIO-NAME-001-367;SRC-DEC-STUDIO-NAME-001-368,2026-08-08,INCLUDE,Historical event quota,MEDIUM — direct URLs captured; independent content audit pending,quality-assurance-director,NOT APPLICABLE,CAN-DEC-STUDIO-NAME-001-184,plaion rebrand from koch media,NOT_APPLICABLE,INDEPENDENT_SAMPLE_UNIT,Başarılı rebrand örnekleri,HISTORICAL_EVENT_SUBJECT,REVIEWED_UNIQUE,NOT_APPLICABLE,Historical case,NOT_APPLICABLE,NOT_APPLICABLE,NOT_APPLICABLE,RECORDED_IN_CASE_NAME,RECORDED_IN_CASE_NAME,NEEDS_RECHECK,REASON_UNVERIFIED,HISTORICAL_REBRAND_CASE,LOW
CNT-DEC-STUDIO-NAME-001-185,NOT APPLICABLE,EVT-DEC-STUDIO-NAME-001-185,Behaviour Interactive spelling rebrand,Başarılı rebrand örnekleri,historical event,HISTORICAL_REBRAND_CASE,Canada,Kuzey Amerika,NOT_APPLICABLE,NOT APPLICABLE — historical event,Historical brand/name event,NOT APPLICABLE,İki kelime,Yok,EVENT SUBJECT,NOT VERIFIED,Official/organisation-controlled event or corporate page captured,Separate corporate/platform context captured,SRC-DEC-STUDIO-NAME-001-369;SRC-DEC-STUDIO-NAME-001-370,2026-08-08,INCLUDE,Historical event quota,MEDIUM — direct URLs captured; independent content audit pending,quality-assurance-director,NOT APPLICABLE,CAN-DEC-STUDIO-NAME-001-185,behaviour interactive spelling rebrand,NOT_APPLICABLE,INDEPENDENT_SAMPLE_UNIT,Başarılı rebrand örnekleri,HISTORICAL_EVENT_SUBJECT,REVIEWED_UNIQUE,NOT_APPLICABLE,Historical case,NOT_APPLICABLE,NOT_APPLICABLE,NOT_APPLICABLE,RECORDED_IN_CASE_NAME,RECORDED_IN_CASE_NAME,NEEDS_RECHECK,REASON_UNVERIFIED,HISTORICAL_REBRAND_CASE,LOW
CNT-DEC-STUDIO-NAME-001-186,NOT APPLICABLE,EVT-DEC-STUDIO-NAME-001-186,Dontnod to Don't Nod rebrand,Başarılı rebrand örnekleri,historical event,HISTORICAL_REBRAND_CASE,France,Avrupa,NOT_APPLICABLE,NOT APPLICABLE — historical event,Historical brand/name event,NOT APPLICABLE,İki kelime,Yok,EVENT SUBJECT,NOT VERIFIED,Official/organisation-controlled event or corporate page captured,Separate corporate/platform context captured,SRC-DEC-STUDIO-NAME-001-371;SRC-DEC-STUDIO-NAME-001-372,2026-08-08,INCLUDE,Historical event quota,MEDIUM — direct URLs captured; independent content audit pending,quality-assurance-director,NOT APPLICABLE,CAN-DEC-STUDIO-NAME-001-186,dontnod to don t nod rebrand,NOT_APPLICABLE,INDEPENDENT_SAMPLE_UNIT,Başarılı rebrand örnekleri,HISTORICAL_EVENT_SUBJECT,REVIEWED_UNIQUE,NOT_APPLICABLE,Historical case,NOT_APPLICABLE,NOT_APPLICABLE,NOT_APPLICABLE,RECORDED_IN_CASE_NAME,RECORDED_IN_CASE_NAME,NEEDS_RECHECK,REASON_UNVERIFIED,HISTORICAL_REBRAND_CASE,LOW
CNT-DEC-STUDIO-NAME-001-187,NOT APPLICABLE,EVT-DEC-STUDIO-NAME-001-187,Daybreak Game Company rebrand,Başarılı rebrand örnekleri,historical event,HISTORICAL_REBRAND_CASE,United States,Kuzey Amerika,NOT_APPLICABLE,NOT APPLICABLE — historical event,Historical brand/name event,NOT APPLICABLE,Üç+ kelime,Yok,EVENT SUBJECT,NOT VERIFIED,Official/organisation-controlled event or corporate page captured,Separate corporate/platform context captured,SRC-DEC-STUDIO-NAME-001-373;SRC-DEC-STUDIO-NAME-001-374,2026-08-08,INCLUDE,Historical event quota,MEDIUM — direct URLs captured; independent content audit pending,quality-assurance-director,NOT APPLICABLE,CAN-DEC-STUDIO-NAME-001-187,daybreak game company rebrand,NOT_APPLICABLE,INDEPENDENT_SAMPLE_UNIT,Başarılı rebrand örnekleri,HISTORICAL_EVENT_SUBJECT,REVIEWED_UNIQUE,NOT_APPLICABLE,Historical case,NOT_APPLICABLE,NOT_APPLICABLE,NOT_APPLICABLE,RECORDED_IN_CASE_NAME,RECORDED_IN_CASE_NAME,NEEDS_RECHECK,REASON_UNVERIFIED,HISTORICAL_REBRAND_CASE,LOW
CNT-DEC-STUDIO-NAME-001-188,NOT APPLICABLE,EVT-DEC-STUDIO-NAME-001-188,X Corp Twitter rebrand,Başarılı rebrand örnekleri,historical event,HISTORICAL_REBRAND_CASE,United States,Kuzey Amerika,NOT_APPLICABLE,NOT APPLICABLE — historical event,Historical brand/name event,NOT APPLICABLE,Tek kelime,Yok,EVENT SUBJECT,NOT VERIFIED,Official/organisation-controlled event or corporate page captured,Separate corporate/platform context captured,SRC-DEC-STUDIO-NAME-001-375;SRC-DEC-STUDIO-NAME-001-376,2026-08-08,INCLUDE,Historical event quota,MEDIUM — direct URLs captured; independent content audit pending,quality-assurance-director,NOT APPLICABLE,CAN-DEC-STUDIO-NAME-001-188,x corp twitter rebrand,NOT_APPLICABLE,INDEPENDENT_SAMPLE_UNIT,Başarılı rebrand örnekleri,HISTORICAL_EVENT_SUBJECT,REVIEWED_UNIQUE,NOT_APPLICABLE,Historical case,NOT_APPLICABLE,NOT_APPLICABLE,NOT_APPLICABLE,RECORDED_IN_CASE_NAME,RECORDED_IN_CASE_NAME,NEEDS_RECHECK,REASON_UNVERIFIED,HISTORICAL_REBRAND_CASE,LOW
CNT-DEC-STUDIO-NAME-001-189,NOT APPLICABLE,EVT-DEC-STUDIO-NAME-001-189,Ziff Davis rebrand from J2 Global,Başarılı rebrand örnekleri,historical event,HISTORICAL_REBRAND_CASE,United States,Kuzey Amerika,NOT_APPLICABLE,NOT APPLICABLE — historical event,Historical brand/name event,NOT APPLICABLE,İki kelime,Yok,EVENT SUBJECT,NOT VERIFIED,Official/organisation-controlled event or corporate page captured,Separate corporate/platform context captured,SRC-DEC-STUDIO-NAME-001-377;SRC-DEC-STUDIO-NAME-001-378,2026-08-08,INCLUDE,Historical event quota,MEDIUM — direct URLs captured; independent content audit pending,quality-assurance-director,NOT APPLICABLE,CAN-DEC-STUDIO-NAME-001-189,ziff davis rebrand from j2 global,NOT_APPLICABLE,INDEPENDENT_SAMPLE_UNIT,Başarılı rebrand örnekleri,HISTORICAL_EVENT_SUBJECT,REVIEWED_UNIQUE,NOT_APPLICABLE,Historical case,NOT_APPLICABLE,NOT_APPLICABLE,NOT_APPLICABLE,RECORDED_IN_CASE_NAME,RECORDED_IN_CASE_NAME,NEEDS_RECHECK,REASON_UNVERIFIED,HISTORICAL_REBRAND_CASE,LOW
CNT-DEC-STUDIO-NAME-001-190,NOT APPLICABLE,EVT-DEC-STUDIO-NAME-001-190,Paramount Global rebrand,Başarılı rebrand örnekleri,historical event,HISTORICAL_REBRAND_CASE,United States,Kuzey Amerika,NOT_APPLICABLE,NOT APPLICABLE — historical event,Historical brand/name event,NOT APPLICABLE,İki kelime,Yok,EVENT SUBJECT,NOT VERIFIED,Official/organisation-controlled event or corporate page captured,Separate corporate/platform context captured,SRC-DEC-STUDIO-NAME-001-379;SRC-DEC-STUDIO-NAME-001-380,2026-08-08,INCLUDE,Historical event quota,MEDIUM — direct URLs captured; independent content audit pending,quality-assurance-director,NOT APPLICABLE,CAN-DEC-STUDIO-NAME-001-190,paramount global rebrand,NOT_APPLICABLE,INDEPENDENT_SAMPLE_UNIT,Başarılı rebrand örnekleri,HISTORICAL_EVENT_SUBJECT,REVIEWED_UNIQUE,NOT_APPLICABLE,Historical case,NOT_APPLICABLE,NOT_APPLICABLE,NOT_APPLICABLE,RECORDED_IN_CASE_NAME,RECORDED_IN_CASE_NAME,NEEDS_RECHECK,REASON_UNVERIFIED,HISTORICAL_REBRAND_CASE,LOW
CNT-DEC-STUDIO-NAME-001-191,NOT APPLICABLE,EVT-DEC-STUDIO-NAME-001-191,ZeniMax Scrolls trademark dispute,Marka sorunu örnekleri,historical event,HISTORICAL_NAMING_PROBLEM_CASE,United States,Kuzey Amerika,NOT_APPLICABLE,NOT APPLICABLE — historical event,Historical brand/name event,NOT APPLICABLE,Tek kelime,Yok,NOT VERIFIED,EVENT SUBJECT,Official/organisation-controlled event or corporate page captured,Separate corporate/platform context captured,SRC-DEC-STUDIO-NAME-001-381;SRC-DEC-STUDIO-NAME-001-382,2026-08-08,INCLUDE,Historical event quota,MEDIUM — direct URLs captured; independent content audit pending,quality-assurance-director,NOT APPLICABLE,CAN-DEC-STUDIO-NAME-001-191,zenimax scrolls trademark dispute,NOT_APPLICABLE,INDEPENDENT_SAMPLE_UNIT,Marka sorunu örnekleri,HISTORICAL_EVENT_SUBJECT,REVIEWED_UNIQUE,NOT_APPLICABLE,Historical case,NOT_APPLICABLE,NOT_APPLICABLE,NOT_APPLICABLE,RECORDED_IN_CASE_NAME,RECORDED_IN_CASE_NAME,NEEDS_RECHECK,REASON_UNVERIFIED,HISTORICAL_NAMING_PROBLEM_CASE,LOW
CNT-DEC-STUDIO-NAME-001-192,NOT APPLICABLE,EVT-DEC-STUDIO-NAME-001-192,King Candy trademark controversy,Marka sorunu örnekleri,historical event,HISTORICAL_NAMING_PROBLEM_CASE,United Kingdom,Avrupa,NOT_APPLICABLE,NOT APPLICABLE — historical event,Historical brand/name event,NOT APPLICABLE,Tek kelime,Yok,NOT VERIFIED,EVENT SUBJECT,Official/organisation-controlled event or corporate page captured,Separate corporate/platform context captured,SRC-DEC-STUDIO-NAME-001-383;SRC-DEC-STUDIO-NAME-001-384,2026-08-08,INCLUDE,Historical event quota,MEDIUM — direct URLs captured; independent content audit pending,quality-assurance-director,NOT APPLICABLE,CAN-DEC-STUDIO-NAME-001-192,king candy trademark controversy,NOT_APPLICABLE,INDEPENDENT_SAMPLE_UNIT,Marka sorunu örnekleri,HISTORICAL_EVENT_SUBJECT,REVIEWED_UNIQUE,NOT_APPLICABLE,Historical case,NOT_APPLICABLE,NOT_APPLICABLE,NOT_APPLICABLE,RECORDED_IN_CASE_NAME,RECORDED_IN_CASE_NAME,NEEDS_RECHECK,REASON_UNVERIFIED,HISTORICAL_NAMING_PROBLEM_CASE,LOW
CNT-DEC-STUDIO-NAME-001-193,NOT APPLICABLE,EVT-DEC-STUDIO-NAME-001-193,The Indie Stone Project Zomboid impersonation warning,Marka sorunu örnekleri,historical event,HISTORICAL_NAMING_PROBLEM_CASE,United Kingdom,Avrupa,NOT_APPLICABLE,NOT APPLICABLE — historical event,Historical brand/name event,NOT APPLICABLE,Üç+ kelime,Yok,NOT VERIFIED,EVENT SUBJECT,Official/organisation-controlled event or corporate page captured,Separate corporate/platform context captured,SRC-DEC-STUDIO-NAME-001-385;SRC-DEC-STUDIO-NAME-001-386,2026-08-08,INCLUDE,Historical event quota,MEDIUM — direct URLs captured; independent content audit pending,quality-assurance-director,NOT APPLICABLE,CAN-DEC-STUDIO-NAME-001-193,the indie stone project zomboid impersonation warning,NOT_APPLICABLE,INDEPENDENT_SAMPLE_UNIT,Marka sorunu örnekleri,HISTORICAL_EVENT_SUBJECT,REVIEWED_UNIQUE,NOT_APPLICABLE,Historical case,NOT_APPLICABLE,NOT_APPLICABLE,NOT_APPLICABLE,RECORDED_IN_CASE_NAME,RECORDED_IN_CASE_NAME,NEEDS_RECHECK,REASON_UNVERIFIED,HISTORICAL_NAMING_PROBLEM_CASE,LOW
CNT-DEC-STUDIO-NAME-001-194,NOT APPLICABLE,EVT-DEC-STUDIO-NAME-001-194,Mojang Scrolls renamed Caller's Bane,Marka sorunu örnekleri,historical event,HISTORICAL_NAMING_PROBLEM_CASE,Sweden,Avrupa,NOT_APPLICABLE,NOT APPLICABLE — historical event,Historical brand/name event,NOT APPLICABLE,İki kelime,Yok,NOT VERIFIED,EVENT SUBJECT,Official/organisation-controlled event or corporate page captured,Separate corporate/platform context captured,SRC-DEC-STUDIO-NAME-001-387;SRC-DEC-STUDIO-NAME-001-388,2026-08-08,INCLUDE,Historical event quota,MEDIUM — direct URLs captured; independent content audit pending,quality-assurance-director,NOT APPLICABLE,CAN-DEC-STUDIO-NAME-001-194,mojang scrolls renamed caller s bane,NOT_APPLICABLE,INDEPENDENT_SAMPLE_UNIT,Marka sorunu örnekleri,HISTORICAL_EVENT_SUBJECT,REVIEWED_UNIQUE,NOT_APPLICABLE,Historical case,NOT_APPLICABLE,NOT_APPLICABLE,NOT_APPLICABLE,RECORDED_IN_CASE_NAME,RECORDED_IN_CASE_NAME,NEEDS_RECHECK,REASON_UNVERIFIED,HISTORICAL_NAMING_PROBLEM_CASE,LOW
CNT-DEC-STUDIO-NAME-001-195,NOT APPLICABLE,EVT-DEC-STUDIO-NAME-001-195,Ion Fury title change,Marka sorunu örnekleri,historical event,HISTORICAL_NAMING_PROBLEM_CASE,United States,Kuzey Amerika,NOT_APPLICABLE,NOT APPLICABLE — historical event,Historical brand/name event,NOT APPLICABLE,İki kelime,Yok,NOT VERIFIED,EVENT SUBJECT,Official/organisation-controlled event or corporate page captured,Separate corporate/platform context captured,SRC-DEC-STUDIO-NAME-001-389;SRC-DEC-STUDIO-NAME-001-390,2026-08-08,INCLUDE,Historical event quota,MEDIUM — direct URLs captured; independent content audit pending,quality-assurance-director,NOT APPLICABLE,CAN-DEC-STUDIO-NAME-001-195,ion fury title change,NOT_APPLICABLE,INDEPENDENT_SAMPLE_UNIT,Marka sorunu örnekleri,HISTORICAL_EVENT_SUBJECT,REVIEWED_UNIQUE,NOT_APPLICABLE,Historical case,NOT_APPLICABLE,NOT_APPLICABLE,NOT_APPLICABLE,RECORDED_IN_CASE_NAME,RECORDED_IN_CASE_NAME,NEEDS_RECHECK,REASON_UNVERIFIED,HISTORICAL_NAMING_PROBLEM_CASE,LOW
CNT-DEC-STUDIO-NAME-001-196,NOT APPLICABLE,EVT-DEC-STUDIO-NAME-001-196,FIFA and EA Sports naming separation,Marka sorunu örnekleri,historical event,HISTORICAL_NAMING_PROBLEM_CASE,Switzerland,Avrupa,NOT_APPLICABLE,NOT APPLICABLE — historical event,Historical brand/name event,NOT APPLICABLE,Kısaltma,Yok,NOT VERIFIED,EVENT SUBJECT,Official/organisation-controlled event or corporate page captured,Separate corporate/platform context captured,SRC-DEC-STUDIO-NAME-001-391;SRC-DEC-STUDIO-NAME-001-392,2026-08-08,INCLUDE,Historical event quota,MEDIUM — direct URLs captured; independent content audit pending,quality-assurance-director,NOT APPLICABLE,CAN-DEC-STUDIO-NAME-001-196,fifa and ea sports naming separation,NOT_APPLICABLE,INDEPENDENT_SAMPLE_UNIT,Marka sorunu örnekleri,HISTORICAL_EVENT_SUBJECT,REVIEWED_UNIQUE,NOT_APPLICABLE,Historical case,NOT_APPLICABLE,NOT_APPLICABLE,NOT_APPLICABLE,RECORDED_IN_CASE_NAME,RECORDED_IN_CASE_NAME,NEEDS_RECHECK,REASON_UNVERIFIED,HISTORICAL_NAMING_PROBLEM_CASE,LOW
CNT-DEC-STUDIO-NAME-001-197,NOT APPLICABLE,EVT-DEC-STUDIO-NAME-001-197,McCree renamed Cole Cassidy,Marka sorunu örnekleri,historical event,HISTORICAL_NAMING_PROBLEM_CASE,United States,Kuzey Amerika,NOT_APPLICABLE,NOT APPLICABLE — historical event,Historical brand/name event,NOT APPLICABLE,Kurucu/soyadı temelli,Yok,NOT VERIFIED,EVENT SUBJECT,Official/organisation-controlled event or corporate page captured,Separate corporate/platform context captured,SRC-DEC-STUDIO-NAME-001-393;SRC-DEC-STUDIO-NAME-001-394,2026-08-08,INCLUDE,Historical event quota,MEDIUM — direct URLs captured; independent content audit pending,quality-assurance-director,NOT APPLICABLE,CAN-DEC-STUDIO-NAME-001-197,mccree renamed cole cassidy,NOT_APPLICABLE,INDEPENDENT_SAMPLE_UNIT,Marka sorunu örnekleri,HISTORICAL_EVENT_SUBJECT,REVIEWED_UNIQUE,NOT_APPLICABLE,Historical case,NOT_APPLICABLE,NOT_APPLICABLE,NOT_APPLICABLE,RECORDED_IN_CASE_NAME,RECORDED_IN_CASE_NAME,NEEDS_RECHECK,REASON_UNVERIFIED,HISTORICAL_NAMING_PROBLEM_CASE,LOW
CNT-DEC-STUDIO-NAME-001-198,NOT APPLICABLE,EVT-DEC-STUDIO-NAME-001-198,Gods and Monsters renamed Immortals Fenyx Rising,Marka sorunu örnekleri,historical event,HISTORICAL_NAMING_PROBLEM_CASE,France,Avrupa,NOT_APPLICABLE,NOT APPLICABLE — historical event,Historical brand/name event,NOT APPLICABLE,Üç+ kelime,Yok,NOT VERIFIED,EVENT SUBJECT,Official/organisation-controlled event or corporate page captured,Separate corporate/platform context captured,SRC-DEC-STUDIO-NAME-001-395;SRC-DEC-STUDIO-NAME-001-396,2026-08-08,INCLUDE,Historical event quota,MEDIUM — direct URLs captured; independent content audit pending,quality-assurance-director,NOT APPLICABLE,CAN-DEC-STUDIO-NAME-001-198,gods and monsters renamed immortals fenyx rising,NOT_APPLICABLE,INDEPENDENT_SAMPLE_UNIT,Marka sorunu örnekleri,HISTORICAL_EVENT_SUBJECT,REVIEWED_UNIQUE,NOT_APPLICABLE,Historical case,NOT_APPLICABLE,NOT_APPLICABLE,NOT_APPLICABLE,RECORDED_IN_CASE_NAME,RECORDED_IN_CASE_NAME,NEEDS_RECHECK,REASON_UNVERIFIED,HISTORICAL_NAMING_PROBLEM_CASE,LOW
CNT-DEC-STUDIO-NAME-001-199,NOT APPLICABLE,EVT-DEC-STUDIO-NAME-001-199,Prey for the Gods renamed Praey for the Gods,Marka sorunu örnekleri,historical event,HISTORICAL_NAMING_PROBLEM_CASE,United States,Kuzey Amerika,NOT_APPLICABLE,NOT APPLICABLE — historical event,Historical brand/name event,NOT APPLICABLE,Üç+ kelime,Yok,NOT VERIFIED,EVENT SUBJECT,Official/organisation-controlled event or corporate page captured,Separate corporate/platform context captured,SRC-DEC-STUDIO-NAME-001-397;SRC-DEC-STUDIO-NAME-001-398,2026-08-08,INCLUDE,Historical event quota,MEDIUM — direct URLs captured; independent content audit pending,quality-assurance-director,NOT APPLICABLE,CAN-DEC-STUDIO-NAME-001-199,prey for the gods renamed praey for the gods,NOT_APPLICABLE,INDEPENDENT_SAMPLE_UNIT,Marka sorunu örnekleri,HISTORICAL_EVENT_SUBJECT,REVIEWED_UNIQUE,NOT_APPLICABLE,Historical case,NOT_APPLICABLE,NOT_APPLICABLE,NOT_APPLICABLE,RECORDED_IN_CASE_NAME,RECORDED_IN_CASE_NAME,NEEDS_RECHECK,REASON_UNVERIFIED,HISTORICAL_NAMING_PROBLEM_CASE,LOW
CNT-DEC-STUDIO-NAME-001-200,NOT APPLICABLE,EVT-DEC-STUDIO-NAME-001-200,Facebook Paper app naming dispute,Marka sorunu örnekleri,historical event,HISTORICAL_NAMING_PROBLEM_CASE,United States,Kuzey Amerika,NOT_APPLICABLE,NOT APPLICABLE — historical event,Historical brand/name event,NOT APPLICABLE,Tek kelime,Yok,NOT VERIFIED,EVENT SUBJECT,Official/organisation-controlled event or corporate page captured,Separate corporate/platform context captured,SRC-DEC-STUDIO-NAME-001-399;SRC-DEC-STUDIO-NAME-001-400,2026-08-08,INCLUDE,Historical event quota,MEDIUM — direct URLs captured; independent content audit pending,quality-assurance-director,NOT APPLICABLE,CAN-DEC-STUDIO-NAME-001-200,facebook paper app naming dispute,NOT_APPLICABLE,INDEPENDENT_SAMPLE_UNIT,Marka sorunu örnekleri,HISTORICAL_EVENT_SUBJECT,REVIEWED_UNIQUE,NOT_APPLICABLE,Historical case,NOT_APPLICABLE,NOT_APPLICABLE,NOT_APPLICABLE,RECORDED_IN_CASE_NAME,RECORDED_IN_CASE_NAME,NEEDS_RECHECK,REASON_UNVERIFIED,HISTORICAL_NAMING_PROBLEM_CASE,LOW
