Source ID,Decision ID,Research Workstream,Agent ID,Source Name,Source Type,URL or Official Record Identifier,Publisher/Institution,Access Date,Access Time,Data Date,Country/Jurisdiction,Supported Claim,Primary/Secondary Classification,Confidence Level,Conflict of Interest Declaration,Volatility/Changeability Status,Recheck Date,Evidence Allocation,Notes,Limitations,Review Status,Reviewer Agent ID,Source Origin Group,Independence Classification,Independence Pair ID,Qualifies as Activity Signal,Qualifies as Primary Source,Accessibility Status,Claim Review Status,Final URL,Redirect Chain
SRC-DEC-STUDIO-NAME-001-001,DEC-STUDIO-NAME-001,Pazar örneklemi,market-research-director,Koei Tecmo — official source,Official organisation source,https://www.koeitecmo.co.jp/e/,Koei Tecmo,2026-08-08,20:30:00+03:00,2026-08-08,United States,Koei Tecmo official identity and current public presence,PRIMARY,MEDIUM,NONE KNOWN,HIGHLY_CHANGEABLE,2026-08-15,CNT-DEC-STUDIO-NAME-001-001:primary,"Direct URL captured for reproducible access; organisation-controlled source or direct platform record. INFERENCE: scale/form classifications are analytical coding, not source wording.","Availability and page contents can change; source is not legal, market-share, reputation, or ownership proof; publication date was not consistently exposed.",NEEDS_RECHECK,quality-assurance-director,ORG:www.koeitecmo.co.jp,INDEPENDENT_PAIR_MEMBER,PAIR-001,NO,YES,RECHECK_REQUIRED,FAIL,https://www.koeitecmo.co.jp/e/,SSLError
SRC-DEC-STUDIO-NAME-001-002,DEC-STUDIO-NAME-001,Pazar örneklemi,market-research-director,Electronic Arts — corroborating evidence,Resmî şirket/kurum sayfası veya doğrudan resmî platform kaydı,https://www.ea.com/games,UNRESOLVED,2026-08-08,20:30:00+03:00,NOT FOUND,United States,Electronic Arts markasının erişilebilir kurumsal veya ürün faaliyeti sinyalini destekler,PRIMARY,MEDIUM,NONE KNOWN,HIGHLY_CHANGEABLE,2026-08-15,CNT-DEC-STUDIO-NAME-001-001:corroborating,"Direct URL captured for reproducible access; organisation-controlled source or direct platform record. INFERENCE: scale/form classifications are analytical coding, not source wording.","Availability and page contents can change; source is not legal, market-share, reputation, or ownership proof; publication date was not consistently exposed.",NEEDS_RECHECK,NOT ASSIGNED,UNRESOLVED,UNRESOLVED,PAIR-001,NO,NO,VERIFIED_ACCESSIBLE,FAIL,https://www.ea.com/games,NONE
SRC-DEC-STUDIO-NAME-001-003,DEC-STUDIO-NAME-001,Pazar örneklemi,market-research-director,Take-Two Interactive — official source,Official organisation source,https://www.take2games.com/,Take-Two Interactive,2026-08-08,20:30:00+03:00,2026-08-08,United States,Take-Two Interactive official identity and current public presence,PRIMARY,MEDIUM,NONE KNOWN,HIGHLY_CHANGEABLE,2026-08-15,CNT-DEC-STUDIO-NAME-001-002:primary,"Direct URL captured for reproducible access; organisation-controlled source or direct platform record. INFERENCE: scale/form classifications are analytical coding, not source wording.","Availability and page contents can change; source is not legal, market-share, reputation, or ownership proof; publication date was not consistently exposed.",NEEDS_RECHECK,quality-assurance-director,ORG:www.take2games.com,INDEPENDENT_PAIR_MEMBER,PAIR-002,NO,YES,RECHECK_REQUIRED,FAIL,https://www.take2games.com/,SSLError
SRC-DEC-STUDIO-NAME-001-004,DEC-STUDIO-NAME-001,Pazar örneklemi,market-research-director,Take-Two Interactive — corroborating evidence,Resmî şirket/kurum sayfası veya doğrudan resmî platform kaydı,https://www.take2games.com/ir,UNRESOLVED,2026-08-08,20:30:00+03:00,NOT FOUND,United States,Take-Two Interactive markasının erişilebilir kurumsal veya ürün faaliyeti sinyalini destekler,PRIMARY,MEDIUM,NONE KNOWN,HIGHLY_CHANGEABLE,2026-08-15,CNT-DEC-STUDIO-NAME-001-002:corroborating,"Direct URL captured for reproducible access; organisation-controlled source or direct platform record. INFERENCE: scale/form classifications are analytical coding, not source wording.","Availability and page contents can change; source is not legal, market-share, reputation, or ownership proof; publication date was not consistently exposed.",NEEDS_RECHECK,NOT ASSIGNED,UNRESOLVED,UNRESOLVED,PAIR-002,NO,NO,VERIFIED_ACCESSIBLE,FAIL,https://www.take2games.com/ir,NONE
SRC-DEC-STUDIO-NAME-001-005,DEC-STUDIO-NAME-001,Pazar örneklemi,market-research-director,THQ Nordic — official source,Official organisation source,https://www.thqnordic.com/,THQ Nordic,2026-08-08,20:30:00+03:00,2026-08-08,France,THQ Nordic official identity and current public presence,PRIMARY,MEDIUM,NONE KNOWN,HIGHLY_CHANGEABLE,2026-08-15,CNT-DEC-STUDIO-NAME-001-003:primary,"Direct URL captured for reproducible access; organisation-controlled source or direct platform record. INFERENCE: scale/form classifications are analytical coding, not source wording.","Availability and page contents can change; source is not legal, market-share, reputation, or ownership proof; publication date was not consistently exposed.",REVIEWED,quality-assurance-director,ORG:www.thqnordic.com,INDEPENDENT_PAIR_MEMBER,PAIR-003,YES,YES,VERIFIED_WITH_REDIRECT,PASS,https://thqnordic.com/,301:https://www.thqnordic.com/
SRC-DEC-STUDIO-NAME-001-006,DEC-STUDIO-NAME-001,Pazar örneklemi,market-research-director,Ubisoft — corroborating evidence,Resmî şirket/kurum sayfası veya doğrudan resmî platform kaydı,https://www.ubisoft.com/en-us/games,UNRESOLVED,2026-08-08,20:30:00+03:00,NOT FOUND,France,Ubisoft markasının erişilebilir kurumsal veya ürün faaliyeti sinyalini destekler,PRIMARY,MEDIUM,NONE KNOWN,HIGHLY_CHANGEABLE,2026-08-15,CNT-DEC-STUDIO-NAME-001-003:corroborating,"Direct URL captured for reproducible access; organisation-controlled source or direct platform record. INFERENCE: scale/form classifications are analytical coding, not source wording.","Availability and page contents can change; source is not legal, market-share, reputation, or ownership proof; publication date was not consistently exposed.",NEEDS_RECHECK,NOT ASSIGNED,UNRESOLVED,UNRESOLVED,PAIR-003,NO,NO,RECHECK_REQUIRED,FAIL,https://www.ubisoft.com/en-us/games,SSLError
SRC-DEC-STUDIO-NAME-001-007,DEC-STUDIO-NAME-001,Pazar örneklemi,market-research-director,Bandai Namco Entertainment — official source,Official organisation source,https://www.bandainamcoent.com/,Bandai Namco Entertainment,2026-08-08,20:30:00+03:00,2026-08-08,Japan,Bandai Namco Entertainment official identity and current public presence,PRIMARY,MEDIUM,NONE KNOWN,HIGHLY_CHANGEABLE,2026-08-15,CNT-DEC-STUDIO-NAME-001-004:primary,"Direct URL captured for reproducible access; organisation-controlled source or direct platform record. INFERENCE: scale/form classifications are analytical coding, not source wording.","Availability and page contents can change; source is not legal, market-share, reputation, or ownership proof; publication date was not consistently exposed.",REVIEWED,quality-assurance-director,ORG:www.bandainamcoent.com,INDEPENDENT_PAIR_MEMBER,PAIR-004,YES,YES,VERIFIED_ACCESSIBLE,PASS,https://www.bandainamcoent.com/,NONE
SRC-DEC-STUDIO-NAME-001-008,DEC-STUDIO-NAME-001,Pazar örneklemi,market-research-director,Bandai Namco Entertainment — corroborating evidence,Resmî şirket/kurum sayfası veya doğrudan resmî platform kaydı,https://www.bandainamcoent.com/games,UNRESOLVED,2026-08-08,20:30:00+03:00,NOT FOUND,Japan,Bandai Namco Entertainment markasının erişilebilir kurumsal veya ürün faaliyeti sinyalini destekler,PRIMARY,MEDIUM,NONE KNOWN,HIGHLY_CHANGEABLE,2026-08-15,CNT-DEC-STUDIO-NAME-001-004:corroborating,"Direct URL captured for reproducible access; organisation-controlled source or direct platform record. INFERENCE: scale/form classifications are analytical coding, not source wording.","Availability and page contents can change; source is not legal, market-share, reputation, or ownership proof; publication date was not consistently exposed.",NEEDS_RECHECK,NOT ASSIGNED,UNRESOLVED,UNRESOLVED,PAIR-004,NO,NO,VERIFIED_ACCESSIBLE,FAIL,https://www.bandainamcoent.com/games,NONE
SRC-DEC-STUDIO-NAME-001-009,DEC-STUDIO-NAME-001,Pazar örneklemi,market-research-director,Capcom — official source,Official organisation source,https://www.capcom.com/,Capcom,2026-08-08,20:30:00+03:00,2026-08-08,Japan,Capcom official identity and current public presence,PRIMARY,MEDIUM,NONE KNOWN,HIGHLY_CHANGEABLE,2026-08-15,CNT-DEC-STUDIO-NAME-001-005:primary,"Direct URL captured for reproducible access; organisation-controlled source or direct platform record. INFERENCE: scale/form classifications are analytical coding, not source wording.","Availability and page contents can change; source is not legal, market-share, reputation, or ownership proof; publication date was not consistently exposed.",REVIEWED,quality-assurance-director,ORG:www.capcom.com,INDEPENDENT_PAIR_MEMBER,PAIR-005,YES,YES,VERIFIED_ACCESSIBLE,PASS,https://www.capcom.com/,NONE
SRC-DEC-STUDIO-NAME-001-010,DEC-STUDIO-NAME-001,Pazar örneklemi,market-research-director,Capcom — corroborating evidence,Resmî şirket/kurum sayfası veya doğrudan resmî platform kaydı,https://www.capcom-games.com/,UNRESOLVED,2026-08-08,20:30:00+03:00,NOT FOUND,Japan,Capcom markasının erişilebilir kurumsal veya ürün faaliyeti sinyalini destekler,PRIMARY,MEDIUM,NONE KNOWN,HIGHLY_CHANGEABLE,2026-08-15,CNT-DEC-STUDIO-NAME-001-005:corroborating,"Direct URL captured for reproducible access; organisation-controlled source or direct platform record. INFERENCE: scale/form classifications are analytical coding, not source wording.","Availability and page contents can change; source is not legal, market-share, reputation, or ownership proof; publication date was not consistently exposed.",NEEDS_RECHECK,NOT ASSIGNED,UNRESOLVED,UNRESOLVED,PAIR-005,NO,NO,RECHECK_REQUIRED,FAIL,https://www.capcom-games.com/,ConnectionError
SRC-DEC-STUDIO-NAME-001-011,DEC-STUDIO-NAME-001,Pazar örneklemi,market-research-director,Sega — official source,Official organisation source,https://www.sega.com/,Sega,2026-08-08,20:30:00+03:00,2026-08-08,Japan,Sega official identity and current public presence,PRIMARY,MEDIUM,NONE KNOWN,HIGHLY_CHANGEABLE,2026-08-15,CNT-DEC-STUDIO-NAME-001-006:primary,"Direct URL captured for reproducible access; organisation-controlled source or direct platform record. INFERENCE: scale/form classifications are analytical coding, not source wording.","Availability and page contents can change; source is not legal, market-share, reputation, or ownership proof; publication date was not consistently exposed.",REJECTED,quality-assurance-director,ORG:www.sega.com,INDEPENDENT_PAIR_MEMBER,PAIR-006,NO,YES,ACCESS_BLOCKED,FAIL,https://www.sega.com/,NONE
SRC-DEC-STUDIO-NAME-001-012,DEC-STUDIO-NAME-001,Pazar örneklemi,market-research-director,Sega — corroborating evidence,Resmî şirket/kurum sayfası veya doğrudan resmî platform kaydı,https://www.sega.com/games,UNRESOLVED,2026-08-08,20:30:00+03:00,NOT FOUND,Japan,Sega markasının erişilebilir kurumsal veya ürün faaliyeti sinyalini destekler,PRIMARY,MEDIUM,NONE KNOWN,HIGHLY_CHANGEABLE,2026-08-15,CNT-DEC-STUDIO-NAME-001-006:corroborating,"Direct URL captured for reproducible access; organisation-controlled source or direct platform record. INFERENCE: scale/form classifications are analytical coding, not source wording.","Availability and page contents can change; source is not legal, market-share, reputation, or ownership proof; publication date was not consistently exposed.",NEEDS_RECHECK,NOT ASSIGNED,UNRESOLVED,UNRESOLVED,PAIR-006,NO,NO,RECHECK_REQUIRED,FAIL,https://www.sega.com/games,SSLError
SRC-DEC-STUDIO-NAME-001-013,DEC-STUDIO-NAME-001,Pazar örneklemi,market-research-director,Square Enix — official source,Official organisation source,https://www.square-enix.com/,Square Enix,2026-08-08,20:30:00+03:00,2026-08-08,Japan,Square Enix official identity and current public presence,PRIMARY,MEDIUM,NONE KNOWN,HIGHLY_CHANGEABLE,2026-08-15,CNT-DEC-STUDIO-NAME-001-007:primary,"Direct URL captured for reproducible access; organisation-controlled source or direct platform record. INFERENCE: scale/form classifications are analytical coding, not source wording.","Availability and page contents can change; source is not legal, market-share, reputation, or ownership proof; publication date was not consistently exposed.",NEEDS_RECHECK,quality-assurance-director,ORG:www.square-enix.com,INDEPENDENT_PAIR_MEMBER,PAIR-007,NO,YES,RECHECK_REQUIRED,FAIL,https://www.square-enix.com/,SSLError
SRC-DEC-STUDIO-NAME-001-014,DEC-STUDIO-NAME-001,Pazar örneklemi,market-research-director,Square Enix — corroborating evidence,Resmî şirket/kurum sayfası veya doğrudan resmî platform kaydı,https://www.square-enix-games.com/,UNRESOLVED,2026-08-08,20:30:00+03:00,NOT FOUND,Japan,Square Enix markasının erişilebilir kurumsal veya ürün faaliyeti sinyalini destekler,PRIMARY,MEDIUM,NONE KNOWN,HIGHLY_CHANGEABLE,2026-08-15,CNT-DEC-STUDIO-NAME-001-007:corroborating,"Direct URL captured for reproducible access; organisation-controlled source or direct platform record. INFERENCE: scale/form classifications are analytical coding, not source wording.","Availability and page contents can change; source is not legal, market-share, reputation, or ownership proof; publication date was not consistently exposed.",NEEDS_RECHECK,NOT ASSIGNED,UNRESOLVED,UNRESOLVED,PAIR-007,NO,NO,RECHECK_REQUIRED,FAIL,https://www.square-enix-games.com/,SSLError
SRC-DEC-STUDIO-NAME-001-015,DEC-STUDIO-NAME-001,Pazar örneklemi,market-research-director,Konami Digital Entertainment — official source,Official organisation source,https://www.konami.com/games/,Konami Digital Entertainment,2026-08-08,20:30:00+03:00,2026-08-08,Japan,Konami Digital Entertainment official identity and current public presence,PRIMARY,MEDIUM,NONE KNOWN,HIGHLY_CHANGEABLE,2026-08-15,CNT-DEC-STUDIO-NAME-001-008:primary,"Direct URL captured for reproducible access; organisation-controlled source or direct platform record. INFERENCE: scale/form classifications are analytical coding, not source wording.","Availability and page contents can change; source is not legal, market-share, reputation, or ownership proof; publication date was not consistently exposed.",NEEDS_RECHECK,quality-assurance-director,ORG:www.konami.com,INDEPENDENT_PAIR_MEMBER,PAIR-008,NO,YES,RECHECK_REQUIRED,FAIL,https://www.konami.com/games/,ConnectionError
SRC-DEC-STUDIO-NAME-001-016,DEC-STUDIO-NAME-001,Pazar örneklemi,market-research-director,Konami Digital Entertainment — corroborating evidence,Resmî şirket/kurum sayfası veya doğrudan resmî platform kaydı,https://www.konami.com/games/eu/en/products/,UNRESOLVED,2026-08-08,20:30:00+03:00,NOT FOUND,Japan,Konami Digital Entertainment markasının erişilebilir kurumsal veya ürün faaliyeti sinyalini destekler,PRIMARY,MEDIUM,NONE KNOWN,HIGHLY_CHANGEABLE,2026-08-15,CNT-DEC-STUDIO-NAME-001-008:corroborating,"Direct URL captured for reproducible access; organisation-controlled source or direct platform record. INFERENCE: scale/form classifications are analytical coding, not source wording.","Availability and page contents can change; source is not legal, market-share, reputation, or ownership proof; publication date was not consistently exposed.",NEEDS_RECHECK,NOT ASSIGNED,UNRESOLVED,UNRESOLVED,PAIR-008,NO,NO,VERIFIED_WITH_REDIRECT,FAIL,https://www.konami.com/games/eu/en/products/list/,302:https://www.konami.com/games/eu/en/products/
SRC-DEC-STUDIO-NAME-001-017,DEC-STUDIO-NAME-001,Pazar örneklemi,market-research-director,Nintendo — official source,Official organisation source,https://www.nintendo.com/,Nintendo,2026-08-08,20:30:00+03:00,2026-08-08,Japan,Nintendo official identity and current public presence,PRIMARY,MEDIUM,NONE KNOWN,HIGHLY_CHANGEABLE,2026-08-15,CNT-DEC-STUDIO-NAME-001-009:primary,"Direct URL captured for reproducible access; organisation-controlled source or direct platform record. INFERENCE: scale/form classifications are analytical coding, not source wording.","Availability and page contents can change; source is not legal, market-share, reputation, or ownership proof; publication date was not consistently exposed.",NEEDS_RECHECK,quality-assurance-director,ORG:www.nintendo.com,INDEPENDENT_PAIR_MEMBER,PAIR-009,NO,YES,RECHECK_REQUIRED,FAIL,https://www.nintendo.com/,ReadTimeout
SRC-DEC-STUDIO-NAME-001-018,DEC-STUDIO-NAME-001,Pazar örneklemi,market-research-director,Nintendo — corroborating evidence,Resmî şirket/kurum sayfası veya doğrudan resmî platform kaydı,https://www.nintendo.com/us/store/games/,UNRESOLVED,2026-08-08,20:30:00+03:00,NOT FOUND,Japan,Nintendo markasının erişilebilir kurumsal veya ürün faaliyeti sinyalini destekler,PRIMARY,MEDIUM,NONE KNOWN,HIGHLY_CHANGEABLE,2026-08-15,CNT-DEC-STUDIO-NAME-001-009:corroborating,"Direct URL captured for reproducible access; organisation-controlled source or direct platform record. INFERENCE: scale/form classifications are analytical coding, not source wording.","Availability and page contents can change; source is not legal, market-share, reputation, or ownership proof; publication date was not consistently exposed.",NEEDS_RECHECK,NOT ASSIGNED,UNRESOLVED,UNRESOLVED,PAIR-009,NO,NO,VERIFIED_ACCESSIBLE,FAIL,https://www.nintendo.com/us/store/games/,NONE
SRC-DEC-STUDIO-NAME-001-019,DEC-STUDIO-NAME-001,Pazar örneklemi,market-research-director,Sony Interactive Entertainment — official source,Official organisation source,https://sonyinteractive.com/,Sony Interactive Entertainment,2026-08-08,20:30:00+03:00,2026-08-08,Japan,Sony Interactive Entertainment official identity and current public presence,PRIMARY,MEDIUM,NONE KNOWN,HIGHLY_CHANGEABLE,2026-08-15,CNT-DEC-STUDIO-NAME-001-010:primary,"Direct URL captured for reproducible access; organisation-controlled source or direct platform record. INFERENCE: scale/form classifications are analytical coding, not source wording.","Availability and page contents can change; source is not legal, market-share, reputation, or ownership proof; publication date was not consistently exposed.",NEEDS_RECHECK,quality-assurance-director,ORG:sonyinteractive.com,INDEPENDENT_PAIR_MEMBER,PAIR-010,NO,YES,RECHECK_REQUIRED,FAIL,https://sonyinteractive.com/,SSLError
SRC-DEC-STUDIO-NAME-001-020,DEC-STUDIO-NAME-001,Pazar örneklemi,market-research-director,Sony Interactive Entertainment — corroborating evidence,Resmî şirket/kurum sayfası veya doğrudan resmî platform kaydı,https://www.playstation.com/en-us/games/,UNRESOLVED,2026-08-08,20:30:00+03:00,NOT FOUND,Japan,Sony Interactive Entertainment markasının erişilebilir kurumsal veya ürün faaliyeti sinyalini destekler,PRIMARY,MEDIUM,NONE KNOWN,HIGHLY_CHANGEABLE,2026-08-15,CNT-DEC-STUDIO-NAME-001-010:corroborating,"Direct URL captured for reproducible access; organisation-controlled source or direct platform record. INFERENCE: scale/form classifications are analytical coding, not source wording.","Availability and page contents can change; source is not legal, market-share, reputation, or ownership proof; publication date was not consistently exposed.",NEEDS_RECHECK,NOT ASSIGNED,UNRESOLVED,UNRESOLVED,PAIR-010,NO,NO,RECHECK_REQUIRED,FAIL,https://www.playstation.com/en-us/games/,ConnectionError
SRC-DEC-STUDIO-NAME-001-021,DEC-STUDIO-NAME-001,Pazar örneklemi,market-research-director,Xbox Game Studios — official source,Official organisation source,https://www.xbox.com/en-US/xbox-game-studios,Xbox Game Studios,2026-08-08,20:30:00+03:00,2026-08-08,United States,Xbox Game Studios official identity and current public presence,PRIMARY,MEDIUM,NONE KNOWN,HIGHLY_CHANGEABLE,2026-08-15,CNT-DEC-STUDIO-NAME-001-011:primary,"Direct URL captured for reproducible access; organisation-controlled source or direct platform record. INFERENCE: scale/form classifications are analytical coding, not source wording.","Availability and page contents can change; source is not legal, market-share, reputation, or ownership proof; publication date was not consistently exposed.",REVIEWED,quality-assurance-director,ORG:www.xbox.com,INDEPENDENT_PAIR_MEMBER,PAIR-011,YES,YES,VERIFIED_ACCESSIBLE,PASS,https://www.xbox.com/en-US/xbox-game-studios,NONE
SRC-DEC-STUDIO-NAME-001-022,DEC-STUDIO-NAME-001,Pazar örneklemi,market-research-director,Xbox Game Studios — corroborating evidence,Resmî şirket/kurum sayfası veya doğrudan resmî platform kaydı,https://www.xbox.com/en-US/games,UNRESOLVED,2026-08-08,20:30:00+03:00,NOT FOUND,United States,Xbox Game Studios markasının erişilebilir kurumsal veya ürün faaliyeti sinyalini destekler,PRIMARY,MEDIUM,NONE KNOWN,HIGHLY_CHANGEABLE,2026-08-15,CNT-DEC-STUDIO-NAME-001-011:corroborating,"Direct URL captured for reproducible access; organisation-controlled source or direct platform record. INFERENCE: scale/form classifications are analytical coding, not source wording.","Availability and page contents can change; source is not legal, market-share, reputation, or ownership proof; publication date was not consistently exposed.",NEEDS_RECHECK,NOT ASSIGNED,UNRESOLVED,UNRESOLVED,PAIR-011,NO,NO,VERIFIED_ACCESSIBLE,FAIL,https://www.xbox.com/en-US/games,NONE
SRC-DEC-STUDIO-NAME-001-023,DEC-STUDIO-NAME-001,Pazar örneklemi,market-research-director,Activision — official source,Official organisation source,https://www.activision.com/,Activision,2026-08-08,20:30:00+03:00,2026-08-08,United States,Activision official identity and current public presence,PRIMARY,MEDIUM,NONE KNOWN,HIGHLY_CHANGEABLE,2026-08-15,CNT-DEC-STUDIO-NAME-001-012:primary,"Direct URL captured for reproducible access; organisation-controlled source or direct platform record. INFERENCE: scale/form classifications are analytical coding, not source wording.","Availability and page contents can change; source is not legal, market-share, reputation, or ownership proof; publication date was not consistently exposed.",REVIEWED,quality-assurance-director,ORG:www.activision.com,INDEPENDENT_PAIR_MEMBER,PAIR-012,YES,YES,VERIFIED_ACCESSIBLE,PASS,https://www.activision.com/,NONE
SRC-DEC-STUDIO-NAME-001-024,DEC-STUDIO-NAME-001,Pazar örneklemi,market-research-director,Activision — independent reference,Independent reference work,https://en.wikipedia.org/wiki/Activision,Wikimedia Foundation / Wikipedia editors,2026-08-08,20:30:00+03:00,2026-08-08,United States,Activision identity and operating history/current activity context,SECONDARY,MEDIUM,NONE KNOWN,HIGHLY_CHANGEABLE,2026-08-15,CNT-DEC-STUDIO-NAME-001-012:corroborating,"Direct URL captured for reproducible access; organisation-controlled source or direct platform record. INFERENCE: scale/form classifications are analytical coding, not source wording.","Availability and page contents can change; source is not legal, market-share, reputation, or ownership proof; publication date was not consistently exposed.",REVIEWED,quality-assurance-director,PLATFORM:WIKIPEDIA,INDEPENDENT_FROM_SUBJECT,PAIR-012,YES,NO,VERIFIED_ACCESSIBLE,PASS,https://en.wikipedia.org/wiki/Activision,NONE
SRC-DEC-STUDIO-NAME-001-025,DEC-STUDIO-NAME-001,Pazar örneklemi,market-research-director,Tripwire Interactive — official source,Official organisation source,https://www.tripwireinteractive.com/,Tripwire Interactive,2026-08-08,20:30:00+03:00,2026-08-08,United States,Tripwire Interactive official identity and current public presence,PRIMARY,MEDIUM,NONE KNOWN,HIGHLY_CHANGEABLE,2026-08-15,CNT-DEC-STUDIO-NAME-001-013:primary,"Direct URL captured for reproducible access; organisation-controlled source or direct platform record. INFERENCE: scale/form classifications are analytical coding, not source wording.","Availability and page contents can change; source is not legal, market-share, reputation, or ownership proof; publication date was not consistently exposed.",NEEDS_RECHECK,quality-assurance-director,ORG:www.tripwireinteractive.com,INDEPENDENT_PAIR_MEMBER,PAIR-013,NO,YES,RECHECK_REQUIRED,FAIL,https://www.tripwireinteractive.com/,SSLError
SRC-DEC-STUDIO-NAME-001-026,DEC-STUDIO-NAME-001,Pazar örneklemi,market-research-director,Tripwire Interactive — independent reference,Independent reference work,https://en.wikipedia.org/wiki/Tripwire_Interactive,Wikimedia Foundation / Wikipedia editors,2026-08-08,20:30:00+03:00,2026-08-08,United States,Tripwire Interactive identity and operating history/current activity context,SECONDARY,MEDIUM,NONE KNOWN,HIGHLY_CHANGEABLE,2026-08-15,CNT-DEC-STUDIO-NAME-001-013:corroborating,"Direct URL captured for reproducible access; organisation-controlled source or direct platform record. INFERENCE: scale/form classifications are analytical coding, not source wording.","Availability and page contents can change; source is not legal, market-share, reputation, or ownership proof; publication date was not consistently exposed.",REVIEWED,quality-assurance-director,PLATFORM:WIKIPEDIA,INDEPENDENT_FROM_SUBJECT,PAIR-013,YES,NO,VERIFIED_ACCESSIBLE,PASS,https://en.wikipedia.org/wiki/Tripwire_Interactive,NONE
SRC-DEC-STUDIO-NAME-001-027,DEC-STUDIO-NAME-001,Pazar örneklemi,market-research-director,CI Games — official source,Official organisation source,https://cigames.com/,CI Games,2026-08-08,20:30:00+03:00,2026-08-08,United States,CI Games official identity and current public presence,PRIMARY,MEDIUM,NONE KNOWN,HIGHLY_CHANGEABLE,2026-08-15,CNT-DEC-STUDIO-NAME-001-014:primary,"Direct URL captured for reproducible access; organisation-controlled source or direct platform record. INFERENCE: scale/form classifications are analytical coding, not source wording.","Availability and page contents can change; source is not legal, market-share, reputation, or ownership proof; publication date was not consistently exposed.",REVIEWED,quality-assurance-director,ORG:cigames.com,INDEPENDENT_PAIR_MEMBER,PAIR-014,YES,YES,VERIFIED_ACCESSIBLE,PASS,https://cigames.com/,NONE
SRC-DEC-STUDIO-NAME-001-028,DEC-STUDIO-NAME-001,Pazar örneklemi,market-research-director,Bethesda Softworks — corroborating evidence,Resmî şirket/kurum sayfası veya doğrudan resmî platform kaydı,https://bethesda.net/en/games,UNRESOLVED,2026-08-08,20:30:00+03:00,NOT FOUND,United States,Bethesda Softworks markasının erişilebilir kurumsal veya ürün faaliyeti sinyalini destekler,PRIMARY,MEDIUM,NONE KNOWN,HIGHLY_CHANGEABLE,2026-08-15,CNT-DEC-STUDIO-NAME-001-014:corroborating,"Direct URL captured for reproducible access; organisation-controlled source or direct platform record. INFERENCE: scale/form classifications are analytical coding, not source wording.","Availability and page contents can change; source is not legal, market-share, reputation, or ownership proof; publication date was not consistently exposed.",NEEDS_RECHECK,NOT ASSIGNED,UNRESOLVED,UNRESOLVED,PAIR-014,NO,NO,RECHECK_REQUIRED,FAIL,https://bethesda.net/en/games,SSLError
SRC-DEC-STUDIO-NAME-001-029,DEC-STUDIO-NAME-001,Pazar örneklemi,market-research-director,Embracer Group — official source,Official organisation source,https://embracer.com/,Embracer Group,2026-08-08,20:30:00+03:00,2026-08-08,Sweden,Embracer Group official identity and current public presence,PRIMARY,MEDIUM,NONE KNOWN,HIGHLY_CHANGEABLE,2026-08-15,CNT-DEC-STUDIO-NAME-001-015:primary,"Direct URL captured for reproducible access; organisation-controlled source or direct platform record. INFERENCE: scale/form classifications are analytical coding, not source wording.","Availability and page contents can change; source is not legal, market-share, reputation, or ownership proof; publication date was not consistently exposed.",NEEDS_RECHECK,quality-assurance-director,ORG:embracer.com,INDEPENDENT_PAIR_MEMBER,PAIR-015,NO,YES,RECHECK_REQUIRED,FAIL,https://embracer.com/,SSLError
SRC-DEC-STUDIO-NAME-001-030,DEC-STUDIO-NAME-001,Pazar örneklemi,market-research-director,Embracer Group — corroborating evidence,Resmî şirket/kurum sayfası veya doğrudan resmî platform kaydı,https://embracer.com/about/operating-groups/,UNRESOLVED,2026-08-08,20:30:00+03:00,NOT FOUND,Sweden,Embracer Group markasının erişilebilir kurumsal veya ürün faaliyeti sinyalini destekler,PRIMARY,MEDIUM,NONE KNOWN,HIGHLY_CHANGEABLE,2026-08-15,CNT-DEC-STUDIO-NAME-001-015:corroborating,"Direct URL captured for reproducible access; organisation-controlled source or direct platform record. INFERENCE: scale/form classifications are analytical coding, not source wording.","Availability and page contents can change; source is not legal, market-share, reputation, or ownership proof; publication date was not consistently exposed.",NEEDS_RECHECK,NOT ASSIGNED,UNRESOLVED,UNRESOLVED,PAIR-015,NO,NO,RECHECK_REQUIRED,FAIL,https://embracer.com/about/operating-groups/,SSLError
SRC-DEC-STUDIO-NAME-001-031,DEC-STUDIO-NAME-001,Pazar örneklemi,market-research-director,Paradox Interactive — official source,Official organisation source,https://www.paradoxinteractive.com/,Paradox Interactive,2026-08-08,20:30:00+03:00,2026-08-08,Sweden,Paradox Interactive official identity and current public presence,PRIMARY,MEDIUM,NONE KNOWN,HIGHLY_CHANGEABLE,2026-08-15,CNT-DEC-STUDIO-NAME-001-016:primary,"Direct URL captured for reproducible access; organisation-controlled source or direct platform record. INFERENCE: scale/form classifications are analytical coding, not source wording.","Availability and page contents can change; source is not legal, market-share, reputation, or ownership proof; publication date was not consistently exposed.",REVIEWED,quality-assurance-director,ORG:www.paradoxinteractive.com,INDEPENDENT_PAIR_MEMBER,PAIR-016,YES,YES,VERIFIED_ACCESSIBLE,PASS,https://www.paradoxinteractive.com/,NONE
SRC-DEC-STUDIO-NAME-001-032,DEC-STUDIO-NAME-001,Pazar örneklemi,market-research-director,Paradox Interactive — independent reference,Independent reference work,https://en.wikipedia.org/wiki/Paradox_Interactive,Wikimedia Foundation / Wikipedia editors,2026-08-08,20:30:00+03:00,2026-08-08,Sweden,Paradox Interactive identity and operating history/current activity context,SECONDARY,MEDIUM,NONE KNOWN,HIGHLY_CHANGEABLE,2026-08-15,CNT-DEC-STUDIO-NAME-001-016:corroborating,"Direct URL captured for reproducible access; organisation-controlled source or direct platform record. INFERENCE: scale/form classifications are analytical coding, not source wording.","Availability and page contents can change; source is not legal, market-share, reputation, or ownership proof; publication date was not consistently exposed.",REVIEWED,quality-assurance-director,PLATFORM:WIKIPEDIA,INDEPENDENT_FROM_SUBJECT,PAIR-016,YES,NO,VERIFIED_ACCESSIBLE,PASS,https://en.wikipedia.org/wiki/Paradox_Interactive,NONE
SRC-DEC-STUDIO-NAME-001-033,DEC-STUDIO-NAME-001,Pazar örneklemi,market-research-director,Focus Entertainment — official source,Official organisation source,https://www.focus-entmt.com/,Focus Entertainment,2026-08-08,20:30:00+03:00,2026-08-08,France,Focus Entertainment official identity and current public presence,PRIMARY,MEDIUM,NONE KNOWN,HIGHLY_CHANGEABLE,2026-08-15,CNT-DEC-STUDIO-NAME-001-017:primary,"Direct URL captured for reproducible access; organisation-controlled source or direct platform record. INFERENCE: scale/form classifications are analytical coding, not source wording.","Availability and page contents can change; source is not legal, market-share, reputation, or ownership proof; publication date was not consistently exposed.",NEEDS_RECHECK,quality-assurance-director,ORG:www.focus-entmt.com,INDEPENDENT_PAIR_MEMBER,PAIR-017,NO,YES,RECHECK_REQUIRED,FAIL,https://www.focus-entmt.com/,SSLError
SRC-DEC-STUDIO-NAME-001-034,DEC-STUDIO-NAME-001,Pazar örneklemi,market-research-director,Focus Entertainment — independent reference,Independent reference work,https://en.wikipedia.org/wiki/Focus_Entertainment,Wikimedia Foundation / Wikipedia editors,2026-08-08,20:30:00+03:00,2026-08-08,France,Focus Entertainment identity and operating history/current activity context,SECONDARY,MEDIUM,NONE KNOWN,HIGHLY_CHANGEABLE,2026-08-15,CNT-DEC-STUDIO-NAME-001-017:corroborating,"Direct URL captured for reproducible access; organisation-controlled source or direct platform record. INFERENCE: scale/form classifications are analytical coding, not source wording.","Availability and page contents can change; source is not legal, market-share, reputation, or ownership proof; publication date was not consistently exposed.",REVIEWED,quality-assurance-director,PLATFORM:WIKIPEDIA,INDEPENDENT_FROM_SUBJECT,PAIR-017,YES,NO,VERIFIED_ACCESSIBLE,PASS,https://en.wikipedia.org/wiki/Focus_Entertainment,NONE
SRC-DEC-STUDIO-NAME-001-035,DEC-STUDIO-NAME-001,Pazar örneklemi,market-research-director,Nacon — official source,Official organisation source,https://www.nacongaming.com/,Nacon,2026-08-08,20:30:00+03:00,2026-08-08,France,Nacon official identity and current public presence,PRIMARY,MEDIUM,NONE KNOWN,HIGHLY_CHANGEABLE,2026-08-15,CNT-DEC-STUDIO-NAME-001-018:primary,"Direct URL captured for reproducible access; organisation-controlled source or direct platform record. INFERENCE: scale/form classifications are analytical coding, not source wording.","Availability and page contents can change; source is not legal, market-share, reputation, or ownership proof; publication date was not consistently exposed.",REVIEWED,quality-assurance-director,ORG:www.nacongaming.com,INDEPENDENT_PAIR_MEMBER,PAIR-018,YES,YES,VERIFIED_ACCESSIBLE,PASS,https://www.nacongaming.com/,NONE
SRC-DEC-STUDIO-NAME-001-036,DEC-STUDIO-NAME-001,Pazar örneklemi,market-research-director,Nacon — corroborating evidence,Resmî şirket/kurum sayfası veya doğrudan resmî platform kaydı,https://www.nacongaming.com/en-US/games,UNRESOLVED,2026-08-08,20:30:00+03:00,NOT FOUND,France,Nacon markasının erişilebilir kurumsal veya ürün faaliyeti sinyalini destekler,PRIMARY,MEDIUM,NONE KNOWN,HIGHLY_CHANGEABLE,2026-08-15,CNT-DEC-STUDIO-NAME-001-018:corroborating,"Direct URL captured for reproducible access; organisation-controlled source or direct platform record. INFERENCE: scale/form classifications are analytical coding, not source wording.","Availability and page contents can change; source is not legal, market-share, reputation, or ownership proof; publication date was not consistently exposed.",REJECTED,NOT ASSIGNED,UNRESOLVED,UNRESOLVED,PAIR-018,NO,NO,BROKEN_LINK,FAIL,https://www.nacongaming.com/en-US/games,NONE
SRC-DEC-STUDIO-NAME-001-037,DEC-STUDIO-NAME-001,Pazar örneklemi,market-research-director,Hooded Horse — official source,Official organisation source,https://hoodedhorse.com/,Hooded Horse,2026-08-08,20:30:00+03:00,2026-08-08,Austria,Hooded Horse official identity and current public presence,PRIMARY,MEDIUM,NONE KNOWN,HIGHLY_CHANGEABLE,2026-08-15,CNT-DEC-STUDIO-NAME-001-019:primary,"Direct URL captured for reproducible access; organisation-controlled source or direct platform record. INFERENCE: scale/form classifications are analytical coding, not source wording.","Availability and page contents can change; source is not legal, market-share, reputation, or ownership proof; publication date was not consistently exposed.",NEEDS_RECHECK,quality-assurance-director,ORG:hoodedhorse.com,INDEPENDENT_PAIR_MEMBER,PAIR-019,NO,YES,RECHECK_REQUIRED,FAIL,https://hoodedhorse.com/,SSLError
SRC-DEC-STUDIO-NAME-001-038,DEC-STUDIO-NAME-001,Pazar örneklemi,market-research-director,Plaion — corroborating evidence,Resmî şirket/kurum sayfası veya doğrudan resmî platform kaydı,https://plaion.com/en/games,UNRESOLVED,2026-08-08,20:30:00+03:00,NOT FOUND,Austria,Plaion markasının erişilebilir kurumsal veya ürün faaliyeti sinyalini destekler,PRIMARY,MEDIUM,NONE KNOWN,HIGHLY_CHANGEABLE,2026-08-15,CNT-DEC-STUDIO-NAME-001-019:corroborating,"Direct URL captured for reproducible access; organisation-controlled source or direct platform record. INFERENCE: scale/form classifications are analytical coding, not source wording.","Availability and page contents can change; source is not legal, market-share, reputation, or ownership proof; publication date was not consistently exposed.",NEEDS_RECHECK,NOT ASSIGNED,UNRESOLVED,UNRESOLVED,PAIR-019,NO,NO,VERIFIED_ACCESSIBLE,FAIL,https://plaion.com/en/games,NONE
SRC-DEC-STUDIO-NAME-001-039,DEC-STUDIO-NAME-001,Pazar örneklemi,market-research-director,NetEase Games — official source,Official organisation source,https://www.neteasegames.com/,NetEase Games,2026-08-08,20:30:00+03:00,2026-08-08,China,NetEase Games official identity and current public presence,PRIMARY,MEDIUM,NONE KNOWN,HIGHLY_CHANGEABLE,2026-08-15,CNT-DEC-STUDIO-NAME-001-020:primary,"Direct URL captured for reproducible access; organisation-controlled source or direct platform record. INFERENCE: scale/form classifications are analytical coding, not source wording.","Availability and page contents can change; source is not legal, market-share, reputation, or ownership proof; publication date was not consistently exposed.",NEEDS_RECHECK,quality-assurance-director,ORG:www.neteasegames.com,INDEPENDENT_PAIR_MEMBER,PAIR-020,NO,YES,RECHECK_REQUIRED,FAIL,https://www.neteasegames.com/,SSLError
SRC-DEC-STUDIO-NAME-001-040,DEC-STUDIO-NAME-001,Pazar örneklemi,market-research-director,NetEase Games — corroborating evidence,Resmî şirket/kurum sayfası veya doğrudan resmî platform kaydı,https://www.neteasegames.com/games/,UNRESOLVED,2026-08-08,20:30:00+03:00,NOT FOUND,China,NetEase Games markasının erişilebilir kurumsal veya ürün faaliyeti sinyalini destekler,PRIMARY,MEDIUM,NONE KNOWN,HIGHLY_CHANGEABLE,2026-08-15,CNT-DEC-STUDIO-NAME-001-020:corroborating,"Direct URL captured for reproducible access; organisation-controlled source or direct platform record. INFERENCE: scale/form classifications are analytical coding, not source wording.","Availability and page contents can change; source is not legal, market-share, reputation, or ownership proof; publication date was not consistently exposed.",NEEDS_RECHECK,NOT ASSIGNED,UNRESOLVED,UNRESOLVED,PAIR-020,NO,NO,RECHECK_REQUIRED,FAIL,https://www.neteasegames.com/games/,SSLError
SRC-DEC-STUDIO-NAME-001-041,DEC-STUDIO-NAME-001,Pazar örneklemi,market-research-director,Tencent Games — official source,Official organisation source,https://game.qq.com/,Tencent Games,2026-08-08,20:30:00+03:00,2026-08-08,China,Tencent Games official identity and current public presence,PRIMARY,MEDIUM,NONE KNOWN,HIGHLY_CHANGEABLE,2026-08-15,CNT-DEC-STUDIO-NAME-001-021:primary,"Direct URL captured for reproducible access; organisation-controlled source or direct platform record. INFERENCE: scale/form classifications are analytical coding, not source wording.","Availability and page contents can change; source is not legal, market-share, reputation, or ownership proof; publication date was not consistently exposed.",NEEDS_RECHECK,quality-assurance-director,ORG:game.qq.com,INDEPENDENT_PAIR_MEMBER,PAIR-021,NO,YES,RECHECK_REQUIRED,FAIL,https://game.qq.com/,SSLError
SRC-DEC-STUDIO-NAME-001-042,DEC-STUDIO-NAME-001,Pazar örneklemi,market-research-director,Tencent Games — corroborating evidence,Resmî şirket/kurum sayfası veya doğrudan resmî platform kaydı,https://www.tencent.com/en-us/business.html,UNRESOLVED,2026-08-08,20:30:00+03:00,NOT FOUND,China,Tencent Games markasının erişilebilir kurumsal veya ürün faaliyeti sinyalini destekler,PRIMARY,MEDIUM,NONE KNOWN,HIGHLY_CHANGEABLE,2026-08-15,CNT-DEC-STUDIO-NAME-001-021:corroborating,"Direct URL captured for reproducible access; organisation-controlled source or direct platform record. INFERENCE: scale/form classifications are analytical coding, not source wording.","Availability and page contents can change; source is not legal, market-share, reputation, or ownership proof; publication date was not consistently exposed.",NEEDS_RECHECK,NOT ASSIGNED,UNRESOLVED,UNRESOLVED,PAIR-021,NO,NO,RECHECK_REQUIRED,FAIL,https://www.tencent.com/en-us/business.html,SSLError
SRC-DEC-STUDIO-NAME-001-043,DEC-STUDIO-NAME-001,Pazar örneklemi,market-research-director,Krafton — official source,Official organisation source,https://www.krafton.com/en/,Krafton,2026-08-08,20:30:00+03:00,2026-08-08,South Korea,Krafton official identity and current public presence,PRIMARY,MEDIUM,NONE KNOWN,HIGHLY_CHANGEABLE,2026-08-15,CNT-DEC-STUDIO-NAME-001-022:primary,"Direct URL captured for reproducible access; organisation-controlled source or direct platform record. INFERENCE: scale/form classifications are analytical coding, not source wording.","Availability and page contents can change; source is not legal, market-share, reputation, or ownership proof; publication date was not consistently exposed.",REJECTED,quality-assurance-director,ORG:www.krafton.com,INDEPENDENT_PAIR_MEMBER,PAIR-022,NO,YES,ACCESS_BLOCKED,FAIL,https://www.krafton.com/en/,NONE
SRC-DEC-STUDIO-NAME-001-044,DEC-STUDIO-NAME-001,Pazar örneklemi,market-research-director,Krafton — corroborating evidence,Resmî şirket/kurum sayfası veya doğrudan resmî platform kaydı,https://www.krafton.com/en/games/,UNRESOLVED,2026-08-08,20:30:00+03:00,NOT FOUND,South Korea,Krafton markasının erişilebilir kurumsal veya ürün faaliyeti sinyalini destekler,PRIMARY,MEDIUM,NONE KNOWN,HIGHLY_CHANGEABLE,2026-08-15,CNT-DEC-STUDIO-NAME-001-022:corroborating,"Direct URL captured for reproducible access; organisation-controlled source or direct platform record. INFERENCE: scale/form classifications are analytical coding, not source wording.","Availability and page contents can change; source is not legal, market-share, reputation, or ownership proof; publication date was not consistently exposed.",NEEDS_RECHECK,NOT ASSIGNED,UNRESOLVED,UNRESOLVED,PAIR-022,NO,NO,RECHECK_REQUIRED,FAIL,https://www.krafton.com/en/games/,SSLError
SRC-DEC-STUDIO-NAME-001-045,DEC-STUDIO-NAME-001,Pazar örneklemi,market-research-director,NCSoft — official source,Official organisation source,https://www.ncsoft.com/en,NCSoft,2026-08-08,20:30:00+03:00,2026-08-08,South Korea,NCSoft official identity and current public presence,PRIMARY,MEDIUM,NONE KNOWN,HIGHLY_CHANGEABLE,2026-08-15,CNT-DEC-STUDIO-NAME-001-023:primary,"Direct URL captured for reproducible access; organisation-controlled source or direct platform record. INFERENCE: scale/form classifications are analytical coding, not source wording.","Availability and page contents can change; source is not legal, market-share, reputation, or ownership proof; publication date was not consistently exposed.",NEEDS_RECHECK,quality-assurance-director,ORG:www.ncsoft.com,INDEPENDENT_PAIR_MEMBER,PAIR-023,NO,YES,RECHECK_REQUIRED,FAIL,https://www.ncsoft.com/en,ReadTimeout
SRC-DEC-STUDIO-NAME-001-046,DEC-STUDIO-NAME-001,Pazar örneklemi,market-research-director,NCSoft — corroborating evidence,Resmî şirket/kurum sayfası veya doğrudan resmî platform kaydı,https://www.ncsoft.com/en/game/index.do,UNRESOLVED,2026-08-08,20:30:00+03:00,NOT FOUND,South Korea,NCSoft markasının erişilebilir kurumsal veya ürün faaliyeti sinyalini destekler,PRIMARY,MEDIUM,NONE KNOWN,HIGHLY_CHANGEABLE,2026-08-15,CNT-DEC-STUDIO-NAME-001-023:corroborating,"Direct URL captured for reproducible access; organisation-controlled source or direct platform record. INFERENCE: scale/form classifications are analytical coding, not source wording.","Availability and page contents can change; source is not legal, market-share, reputation, or ownership proof; publication date was not consistently exposed.",NEEDS_RECHECK,NOT ASSIGNED,UNRESOLVED,UNRESOLVED,PAIR-023,NO,NO,RECHECK_REQUIRED,FAIL,https://www.ncsoft.com/en/game/index.do,ReadTimeout
SRC-DEC-STUDIO-NAME-001-047,DEC-STUDIO-NAME-001,Pazar örneklemi,market-research-director,Nexon — official source,Official organisation source,https://www.nexon.com/,Nexon,2026-08-08,20:30:00+03:00,2026-08-08,South Korea,Nexon official identity and current public presence,PRIMARY,MEDIUM,NONE KNOWN,HIGHLY_CHANGEABLE,2026-08-15,CNT-DEC-STUDIO-NAME-001-024:primary,"Direct URL captured for reproducible access; organisation-controlled source or direct platform record. INFERENCE: scale/form classifications are analytical coding, not source wording.","Availability and page contents can change; source is not legal, market-share, reputation, or ownership proof; publication date was not consistently exposed.",NEEDS_RECHECK,quality-assurance-director,ORG:www.nexon.com,INDEPENDENT_PAIR_MEMBER,PAIR-024,NO,YES,RECHECK_REQUIRED,FAIL,https://www.nexon.com/,SSLError
SRC-DEC-STUDIO-NAME-001-048,DEC-STUDIO-NAME-001,Pazar örneklemi,market-research-director,Nexon — independent reference,Independent reference work,https://en.wikipedia.org/wiki/Nexon,Wikimedia Foundation / Wikipedia editors,2026-08-08,20:30:00+03:00,2026-08-08,South Korea,Nexon identity and operating history/current activity context,SECONDARY,MEDIUM,NONE KNOWN,HIGHLY_CHANGEABLE,2026-08-15,CNT-DEC-STUDIO-NAME-001-024:corroborating,"Direct URL captured for reproducible access; organisation-controlled source or direct platform record. INFERENCE: scale/form classifications are analytical coding, not source wording.","Availability and page contents can change; source is not legal, market-share, reputation, or ownership proof; publication date was not consistently exposed.",REVIEWED,quality-assurance-director,PLATFORM:WIKIPEDIA,INDEPENDENT_FROM_SUBJECT,PAIR-024,YES,NO,VERIFIED_ACCESSIBLE,PASS,https://en.wikipedia.org/wiki/Nexon,NONE
SRC-DEC-STUDIO-NAME-001-049,DEC-STUDIO-NAME-001,Pazar örneklemi,market-research-director,Pearl Abyss — official source,Official organisation source,https://www.pearlabyss.com/en-US,Pearl Abyss,2026-08-08,20:30:00+03:00,2026-08-08,South Korea,Pearl Abyss official identity and current public presence,PRIMARY,MEDIUM,NONE KNOWN,HIGHLY_CHANGEABLE,2026-08-15,CNT-DEC-STUDIO-NAME-001-025:primary,"Direct URL captured for reproducible access; organisation-controlled source or direct platform record. INFERENCE: scale/form classifications are analytical coding, not source wording.","Availability and page contents can change; source is not legal, market-share, reputation, or ownership proof; publication date was not consistently exposed.",REVIEWED,quality-assurance-director,ORG:www.pearlabyss.com,INDEPENDENT_PAIR_MEMBER,PAIR-025,YES,YES,VERIFIED_ACCESSIBLE,PASS,https://www.pearlabyss.com/en-US,NONE
SRC-DEC-STUDIO-NAME-001-050,DEC-STUDIO-NAME-001,Pazar örneklemi,market-research-director,Pearl Abyss — independent reference,Independent reference work,https://en.wikipedia.org/wiki/Pearl_Abyss,Wikimedia Foundation / Wikipedia editors,2026-08-08,20:30:00+03:00,2026-08-08,South Korea,Pearl Abyss identity and operating history/current activity context,SECONDARY,MEDIUM,NONE KNOWN,HIGHLY_CHANGEABLE,2026-08-15,CNT-DEC-STUDIO-NAME-001-025:corroborating,"Direct URL captured for reproducible access; organisation-controlled source or direct platform record. INFERENCE: scale/form classifications are analytical coding, not source wording.","Availability and page contents can change; source is not legal, market-share, reputation, or ownership proof; publication date was not consistently exposed.",REVIEWED,quality-assurance-director,PLATFORM:WIKIPEDIA,INDEPENDENT_FROM_SUBJECT,PAIR-025,YES,NO,VERIFIED_ACCESSIBLE,PASS,https://en.wikipedia.org/wiki/Pearl_Abyss,NONE
SRC-DEC-STUDIO-NAME-001-051,DEC-STUDIO-NAME-001,Pazar örneklemi,market-research-director,Devolver Digital — official source,Official organisation source,https://www.devolverdigital.com/,Devolver Digital,2026-08-08,20:30:00+03:00,2026-08-08,United States,Devolver Digital official identity and current public presence,PRIMARY,MEDIUM,NONE KNOWN,HIGHLY_CHANGEABLE,2026-08-15,CNT-DEC-STUDIO-NAME-001-026:primary,"Direct URL captured for reproducible access; organisation-controlled source or direct platform record. INFERENCE: scale/form classifications are analytical coding, not source wording.","Availability and page contents can change; source is not legal, market-share, reputation, or ownership proof; publication date was not consistently exposed.",REJECTED,quality-assurance-director,ORG:www.devolverdigital.com,INDEPENDENT_PAIR_MEMBER,PAIR-026,NO,YES,ACCESS_BLOCKED,FAIL,https://www.devolverdigital.com/,NONE
SRC-DEC-STUDIO-NAME-001-052,DEC-STUDIO-NAME-001,Pazar örneklemi,market-research-director,Devolver Digital — corroborating evidence,Resmî şirket/kurum sayfası veya doğrudan resmî platform kaydı,https://www.devolverdigital.com/games,UNRESOLVED,2026-08-08,20:30:00+03:00,NOT FOUND,United States,Devolver Digital markasının erişilebilir kurumsal veya ürün faaliyeti sinyalini destekler,PRIMARY,MEDIUM,NONE KNOWN,HIGHLY_CHANGEABLE,2026-08-15,CNT-DEC-STUDIO-NAME-001-026:corroborating,"Direct URL captured for reproducible access; organisation-controlled source or direct platform record. INFERENCE: scale/form classifications are analytical coding, not source wording.","Availability and page contents can change; source is not legal, market-share, reputation, or ownership proof; publication date was not consistently exposed.",REJECTED,NOT ASSIGNED,UNRESOLVED,UNRESOLVED,PAIR-026,NO,NO,ACCESS_BLOCKED,FAIL,https://www.devolverdigital.com/games,NONE
SRC-DEC-STUDIO-NAME-001-053,DEC-STUDIO-NAME-001,Pazar örneklemi,market-research-director,Annapurna Interactive — official source,Official organisation source,https://annapurnainteractive.com/,Annapurna Interactive,2026-08-08,20:30:00+03:00,2026-08-08,United States,Annapurna Interactive official identity and current public presence,PRIMARY,MEDIUM,NONE KNOWN,HIGHLY_CHANGEABLE,2026-08-15,CNT-DEC-STUDIO-NAME-001-027:primary,"Direct URL captured for reproducible access; organisation-controlled source or direct platform record. INFERENCE: scale/form classifications are analytical coding, not source wording.","Availability and page contents can change; source is not legal, market-share, reputation, or ownership proof; publication date was not consistently exposed.",NEEDS_RECHECK,quality-assurance-director,ORG:annapurnainteractive.com,INDEPENDENT_PAIR_MEMBER,PAIR-027,NO,YES,RECHECK_REQUIRED,FAIL,https://annapurnainteractive.com/,SSLError
SRC-DEC-STUDIO-NAME-001-054,DEC-STUDIO-NAME-001,Pazar örneklemi,market-research-director,Annapurna Interactive — independent reference,Independent reference work,https://en.wikipedia.org/wiki/Annapurna_Interactive,Wikimedia Foundation / Wikipedia editors,2026-08-08,20:30:00+03:00,2026-08-08,United States,Annapurna Interactive identity and operating history/current activity context,SECONDARY,MEDIUM,NONE KNOWN,HIGHLY_CHANGEABLE,2026-08-15,CNT-DEC-STUDIO-NAME-001-027:corroborating,"Direct URL captured for reproducible access; organisation-controlled source or direct platform record. INFERENCE: scale/form classifications are analytical coding, not source wording.","Availability and page contents can change; source is not legal, market-share, reputation, or ownership proof; publication date was not consistently exposed.",REVIEWED,quality-assurance-director,PLATFORM:WIKIPEDIA,INDEPENDENT_FROM_SUBJECT,PAIR-027,YES,NO,VERIFIED_ACCESSIBLE,PASS,https://en.wikipedia.org/wiki/Annapurna_Interactive,NONE
SRC-DEC-STUDIO-NAME-001-055,DEC-STUDIO-NAME-001,Pazar örneklemi,market-research-director,Team17 — official source,Official organisation source,https://www.team17.com/,Team17,2026-08-08,20:30:00+03:00,2026-08-08,United Kingdom,Team17 official identity and current public presence,PRIMARY,MEDIUM,NONE KNOWN,HIGHLY_CHANGEABLE,2026-08-15,CNT-DEC-STUDIO-NAME-001-028:primary,"Direct URL captured for reproducible access; organisation-controlled source or direct platform record. INFERENCE: scale/form classifications are analytical coding, not source wording.","Availability and page contents can change; source is not legal, market-share, reputation, or ownership proof; publication date was not consistently exposed.",NEEDS_RECHECK,quality-assurance-director,ORG:www.team17.com,INDEPENDENT_PAIR_MEMBER,PAIR-028,NO,YES,RECHECK_REQUIRED,FAIL,https://www.team17.com/,SSLError
SRC-DEC-STUDIO-NAME-001-056,DEC-STUDIO-NAME-001,Pazar örneklemi,market-research-director,Team17 — corroborating evidence,Resmî şirket/kurum sayfası veya doğrudan resmî platform kaydı,https://www.team17.com/games/,UNRESOLVED,2026-08-08,20:30:00+03:00,NOT FOUND,United Kingdom,Team17 markasının erişilebilir kurumsal veya ürün faaliyeti sinyalini destekler,PRIMARY,MEDIUM,NONE KNOWN,HIGHLY_CHANGEABLE,2026-08-15,CNT-DEC-STUDIO-NAME-001-028:corroborating,"Direct URL captured for reproducible access; organisation-controlled source or direct platform record. INFERENCE: scale/form classifications are analytical coding, not source wording.","Availability and page contents can change; source is not legal, market-share, reputation, or ownership proof; publication date was not consistently exposed.",NEEDS_RECHECK,NOT ASSIGNED,UNRESOLVED,UNRESOLVED,PAIR-028,NO,NO,RECHECK_REQUIRED,FAIL,https://www.team17.com/games/,SSLError
SRC-DEC-STUDIO-NAME-001-057,DEC-STUDIO-NAME-001,Pazar örneklemi,market-research-director,Raw Fury — official source,Official organisation source,https://rawfury.com/,Raw Fury,2026-08-08,20:30:00+03:00,2026-08-08,Sweden,Raw Fury official identity and current public presence,PRIMARY,MEDIUM,NONE KNOWN,HIGHLY_CHANGEABLE,2026-08-15,CNT-DEC-STUDIO-NAME-001-029:primary,"Direct URL captured for reproducible access; organisation-controlled source or direct platform record. INFERENCE: scale/form classifications are analytical coding, not source wording.","Availability and page contents can change; source is not legal, market-share, reputation, or ownership proof; publication date was not consistently exposed.",NEEDS_RECHECK,quality-assurance-director,ORG:rawfury.com,INDEPENDENT_PAIR_MEMBER,PAIR-029,NO,YES,RECHECK_REQUIRED,FAIL,https://rawfury.com/,ConnectionError
SRC-DEC-STUDIO-NAME-001-058,DEC-STUDIO-NAME-001,Pazar örneklemi,market-research-director,Raw Fury — corroborating evidence,Resmî şirket/kurum sayfası veya doğrudan resmî platform kaydı,https://rawfury.com/games/,UNRESOLVED,2026-08-08,20:30:00+03:00,NOT FOUND,Sweden,Raw Fury markasının erişilebilir kurumsal veya ürün faaliyeti sinyalini destekler,PRIMARY,MEDIUM,NONE KNOWN,HIGHLY_CHANGEABLE,2026-08-15,CNT-DEC-STUDIO-NAME-001-029:corroborating,"Direct URL captured for reproducible access; organisation-controlled source or direct platform record. INFERENCE: scale/form classifications are analytical coding, not source wording.","Availability and page contents can change; source is not legal, market-share, reputation, or ownership proof; publication date was not consistently exposed.",NEEDS_RECHECK,NOT ASSIGNED,UNRESOLVED,UNRESOLVED,PAIR-029,NO,NO,RECHECK_REQUIRED,FAIL,https://rawfury.com/games/,ConnectionError
SRC-DEC-STUDIO-NAME-001-059,DEC-STUDIO-NAME-001,Pazar örneklemi,market-research-director,11 bit studios — official source,Official organisation source,https://11bitstudios.com/,11 bit studios,2026-08-08,20:30:00+03:00,2026-08-08,Poland,11 bit studios official identity and current public presence,PRIMARY,MEDIUM,NONE KNOWN,HIGHLY_CHANGEABLE,2026-08-15,CNT-DEC-STUDIO-NAME-001-030:primary,"Direct URL captured for reproducible access; organisation-controlled source or direct platform record. INFERENCE: scale/form classifications are analytical coding, not source wording.","Availability and page contents can change; source is not legal, market-share, reputation, or ownership proof; publication date was not consistently exposed.",REVIEWED,quality-assurance-director,ORG:11bitstudios.com,INDEPENDENT_PAIR_MEMBER,PAIR-030,YES,YES,VERIFIED_ACCESSIBLE,PASS,https://11bitstudios.com/,NONE
SRC-DEC-STUDIO-NAME-001-060,DEC-STUDIO-NAME-001,Pazar örneklemi,market-research-director,11 bit studios — corroborating evidence,Resmî şirket/kurum sayfası veya doğrudan resmî platform kaydı,https://11bitstudios.com/games/,UNRESOLVED,2026-08-08,20:30:00+03:00,NOT FOUND,Poland,11 bit studios markasının erişilebilir kurumsal veya ürün faaliyeti sinyalini destekler,PRIMARY,MEDIUM,NONE KNOWN,HIGHLY_CHANGEABLE,2026-08-15,CNT-DEC-STUDIO-NAME-001-030:corroborating,"Direct URL captured for reproducible access; organisation-controlled source or direct platform record. INFERENCE: scale/form classifications are analytical coding, not source wording.","Availability and page contents can change; source is not legal, market-share, reputation, or ownership proof; publication date was not consistently exposed.",NEEDS_RECHECK,NOT ASSIGNED,UNRESOLVED,UNRESOLVED,PAIR-030,NO,NO,VERIFIED_ACCESSIBLE,FAIL,https://11bitstudios.com/games/,NONE
SRC-DEC-STUDIO-NAME-001-061,DEC-STUDIO-NAME-001,Pazar örneklemi,market-research-director,Supergiant Games — official source,Official organisation source,https://www.supergiantgames.com/,Supergiant Games,2026-08-08,20:30:00+03:00,2026-08-08,United States,Supergiant Games official identity and current public presence,PRIMARY,MEDIUM,NONE KNOWN,HIGHLY_CHANGEABLE,2026-08-15,CNT-DEC-STUDIO-NAME-001-031:primary,"Direct URL captured for reproducible access; organisation-controlled source or direct platform record. INFERENCE: scale/form classifications are analytical coding, not source wording.","Availability and page contents can change; source is not legal, market-share, reputation, or ownership proof; publication date was not consistently exposed.",NEEDS_RECHECK,quality-assurance-director,ORG:www.supergiantgames.com,INDEPENDENT_PAIR_MEMBER,PAIR-031,NO,YES,RECHECK_REQUIRED,FAIL,https://www.supergiantgames.com/,SSLError
SRC-DEC-STUDIO-NAME-001-062,DEC-STUDIO-NAME-001,Pazar örneklemi,market-research-director,Supergiant Games — corroborating evidence,Resmî şirket/kurum sayfası veya doğrudan resmî platform kaydı,https://www.supergiantgames.com/games/,UNRESOLVED,2026-08-08,20:30:00+03:00,NOT FOUND,United States,Supergiant Games markasının erişilebilir kurumsal veya ürün faaliyeti sinyalini destekler,PRIMARY,MEDIUM,NONE KNOWN,HIGHLY_CHANGEABLE,2026-08-15,CNT-DEC-STUDIO-NAME-001-031:corroborating,"Direct URL captured for reproducible access; organisation-controlled source or direct platform record. INFERENCE: scale/form classifications are analytical coding, not source wording.","Availability and page contents can change; source is not legal, market-share, reputation, or ownership proof; publication date was not consistently exposed.",NEEDS_RECHECK,NOT ASSIGNED,UNRESOLVED,UNRESOLVED,PAIR-031,NO,NO,RECHECK_REQUIRED,FAIL,https://www.supergiantgames.com/games/,SSLError
SRC-DEC-STUDIO-NAME-001-063,DEC-STUDIO-NAME-001,Pazar örneklemi,market-research-director,Klei Entertainment — official source,Official organisation source,https://www.klei.com/,Klei Entertainment,2026-08-08,20:30:00+03:00,2026-08-08,Canada,Klei Entertainment official identity and current public presence,PRIMARY,MEDIUM,NONE KNOWN,HIGHLY_CHANGEABLE,2026-08-15,CNT-DEC-STUDIO-NAME-001-032:primary,"Direct URL captured for reproducible access; organisation-controlled source or direct platform record. INFERENCE: scale/form classifications are analytical coding, not source wording.","Availability and page contents can change; source is not legal, market-share, reputation, or ownership proof; publication date was not consistently exposed.",NEEDS_RECHECK,quality-assurance-director,ORG:www.klei.com,INDEPENDENT_PAIR_MEMBER,PAIR-032,NO,YES,RECHECK_REQUIRED,FAIL,https://www.klei.com/,ConnectionError
SRC-DEC-STUDIO-NAME-001-064,DEC-STUDIO-NAME-001,Pazar örneklemi,market-research-director,Klei Entertainment — independent reference,Independent reference work,https://en.wikipedia.org/wiki/Klei_Entertainment,Wikimedia Foundation / Wikipedia editors,2026-08-08,20:30:00+03:00,2026-08-08,Canada,Klei Entertainment identity and operating history/current activity context,SECONDARY,MEDIUM,NONE KNOWN,HIGHLY_CHANGEABLE,2026-08-15,CNT-DEC-STUDIO-NAME-001-032:corroborating,"Direct URL captured for reproducible access; organisation-controlled source or direct platform record. INFERENCE: scale/form classifications are analytical coding, not source wording.","Availability and page contents can change; source is not legal, market-share, reputation, or ownership proof; publication date was not consistently exposed.",REVIEWED,quality-assurance-director,PLATFORM:WIKIPEDIA,INDEPENDENT_FROM_SUBJECT,PAIR-032,YES,NO,VERIFIED_ACCESSIBLE,PASS,https://en.wikipedia.org/wiki/Klei_Entertainment,NONE
SRC-DEC-STUDIO-NAME-001-065,DEC-STUDIO-NAME-001,Pazar örneklemi,market-research-director,Subset Games — official source,Official organisation source,https://subsetgames.com/,Subset Games,2026-08-08,20:30:00+03:00,2026-08-08,United States,Subset Games official identity and current public presence,PRIMARY,MEDIUM,NONE KNOWN,HIGHLY_CHANGEABLE,2026-08-15,CNT-DEC-STUDIO-NAME-001-033:primary,"Direct URL captured for reproducible access; organisation-controlled source or direct platform record. INFERENCE: scale/form classifications are analytical coding, not source wording.","Availability and page contents can change; source is not legal, market-share, reputation, or ownership proof; publication date was not consistently exposed.",NEEDS_RECHECK,quality-assurance-director,ORG:subsetgames.com,INDEPENDENT_PAIR_MEMBER,PAIR-033,NO,YES,RECHECK_REQUIRED,FAIL,https://subsetgames.com/,ReadTimeout
SRC-DEC-STUDIO-NAME-001-066,DEC-STUDIO-NAME-001,Pazar örneklemi,market-research-director,Subset Games — corroborating evidence,Resmî şirket/kurum sayfası veya doğrudan resmî platform kaydı,https://subsetgames.com/games.html,UNRESOLVED,2026-08-08,20:30:00+03:00,NOT FOUND,United States,Subset Games markasının erişilebilir kurumsal veya ürün faaliyeti sinyalini destekler,PRIMARY,MEDIUM,NONE KNOWN,HIGHLY_CHANGEABLE,2026-08-15,CNT-DEC-STUDIO-NAME-001-033:corroborating,"Direct URL captured for reproducible access; organisation-controlled source or direct platform record. INFERENCE: scale/form classifications are analytical coding, not source wording.","Availability and page contents can change; source is not legal, market-share, reputation, or ownership proof; publication date was not consistently exposed.",NEEDS_RECHECK,NOT ASSIGNED,UNRESOLVED,UNRESOLVED,PAIR-033,NO,NO,RECHECK_REQUIRED,FAIL,https://subsetgames.com/games.html,ReadTimeout
SRC-DEC-STUDIO-NAME-001-067,DEC-STUDIO-NAME-001,Pazar örneklemi,market-research-director,Motion Twin — official source,Official organisation source,https://motiontwin.com/,Motion Twin,2026-08-08,20:30:00+03:00,2026-08-08,France,Motion Twin official identity and current public presence,PRIMARY,MEDIUM,NONE KNOWN,HIGHLY_CHANGEABLE,2026-08-15,CNT-DEC-STUDIO-NAME-001-034:primary,"Direct URL captured for reproducible access; organisation-controlled source or direct platform record. INFERENCE: scale/form classifications are analytical coding, not source wording.","Availability and page contents can change; source is not legal, market-share, reputation, or ownership proof; publication date was not consistently exposed.",REVIEWED,quality-assurance-director,ORG:motiontwin.com,INDEPENDENT_PAIR_MEMBER,PAIR-034,YES,YES,VERIFIED_ACCESSIBLE,PASS,https://motiontwin.com/,NONE
SRC-DEC-STUDIO-NAME-001-068,DEC-STUDIO-NAME-001,Pazar örneklemi,market-research-director,Motion Twin — independent reference,Independent reference work,https://en.wikipedia.org/wiki/Motion_Twin,Wikimedia Foundation / Wikipedia editors,2026-08-08,20:30:00+03:00,2026-08-08,France,Motion Twin identity and operating history/current activity context,SECONDARY,MEDIUM,NONE KNOWN,HIGHLY_CHANGEABLE,2026-08-15,CNT-DEC-STUDIO-NAME-001-034:corroborating,"Direct URL captured for reproducible access; organisation-controlled source or direct platform record. INFERENCE: scale/form classifications are analytical coding, not source wording.","Availability and page contents can change; source is not legal, market-share, reputation, or ownership proof; publication date was not consistently exposed.",REVIEWED,quality-assurance-director,PLATFORM:WIKIPEDIA,INDEPENDENT_FROM_SUBJECT,PAIR-034,YES,NO,VERIFIED_ACCESSIBLE,PASS,https://en.wikipedia.org/wiki/Motion_Twin,NONE
SRC-DEC-STUDIO-NAME-001-069,DEC-STUDIO-NAME-001,Pazar örneklemi,market-research-director,Mega Crit — official source,Official organisation source,https://www.megacrit.com/,Mega Crit,2026-08-08,20:30:00+03:00,2026-08-08,United States,Mega Crit official identity and current public presence,PRIMARY,MEDIUM,NONE KNOWN,HIGHLY_CHANGEABLE,2026-08-15,CNT-DEC-STUDIO-NAME-001-035:primary,"Direct URL captured for reproducible access; organisation-controlled source or direct platform record. INFERENCE: scale/form classifications are analytical coding, not source wording.","Availability and page contents can change; source is not legal, market-share, reputation, or ownership proof; publication date was not consistently exposed.",NEEDS_RECHECK,quality-assurance-director,ORG:www.megacrit.com,INDEPENDENT_PAIR_MEMBER,PAIR-035,NO,YES,RECHECK_REQUIRED,FAIL,https://www.megacrit.com/,SSLError
SRC-DEC-STUDIO-NAME-001-070,DEC-STUDIO-NAME-001,Pazar örneklemi,market-research-director,Mega Crit — corroborating evidence,Resmî şirket/kurum sayfası veya doğrudan resmî platform kaydı,https://www.megacrit.com/games/,UNRESOLVED,2026-08-08,20:30:00+03:00,NOT FOUND,United States,Mega Crit markasının erişilebilir kurumsal veya ürün faaliyeti sinyalini destekler,PRIMARY,MEDIUM,NONE KNOWN,HIGHLY_CHANGEABLE,2026-08-15,CNT-DEC-STUDIO-NAME-001-035:corroborating,"Direct URL captured for reproducible access; organisation-controlled source or direct platform record. INFERENCE: scale/form classifications are analytical coding, not source wording.","Availability and page contents can change; source is not legal, market-share, reputation, or ownership proof; publication date was not consistently exposed.",NEEDS_RECHECK,NOT ASSIGNED,UNRESOLVED,UNRESOLVED,PAIR-035,NO,NO,RECHECK_REQUIRED,FAIL,https://www.megacrit.com/games/,SSLError
SRC-DEC-STUDIO-NAME-001-071,DEC-STUDIO-NAME-001,Pazar örneklemi,market-research-director,Innersloth — official source,Official organisation source,https://www.innersloth.com/,Innersloth,2026-08-08,20:30:00+03:00,2026-08-08,United States,Innersloth official identity and current public presence,PRIMARY,MEDIUM,NONE KNOWN,HIGHLY_CHANGEABLE,2026-08-15,CNT-DEC-STUDIO-NAME-001-036:primary,"Direct URL captured for reproducible access; organisation-controlled source or direct platform record. INFERENCE: scale/form classifications are analytical coding, not source wording.","Availability and page contents can change; source is not legal, market-share, reputation, or ownership proof; publication date was not consistently exposed.",NEEDS_RECHECK,quality-assurance-director,ORG:www.innersloth.com,INDEPENDENT_PAIR_MEMBER,PAIR-036,NO,YES,RECHECK_REQUIRED,FAIL,https://www.innersloth.com/,SSLError
SRC-DEC-STUDIO-NAME-001-072,DEC-STUDIO-NAME-001,Pazar örneklemi,market-research-director,Innersloth — corroborating evidence,Resmî şirket/kurum sayfası veya doğrudan resmî platform kaydı,https://www.innersloth.com/games/,UNRESOLVED,2026-08-08,20:30:00+03:00,NOT FOUND,United States,Innersloth markasının erişilebilir kurumsal veya ürün faaliyeti sinyalini destekler,PRIMARY,MEDIUM,NONE KNOWN,HIGHLY_CHANGEABLE,2026-08-15,CNT-DEC-STUDIO-NAME-001-036:corroborating,"Direct URL captured for reproducible access; organisation-controlled source or direct platform record. INFERENCE: scale/form classifications are analytical coding, not source wording.","Availability and page contents can change; source is not legal, market-share, reputation, or ownership proof; publication date was not consistently exposed.",NEEDS_RECHECK,NOT ASSIGNED,UNRESOLVED,UNRESOLVED,PAIR-036,NO,NO,RECHECK_REQUIRED,FAIL,https://www.innersloth.com/games/,ConnectionError
SRC-DEC-STUDIO-NAME-001-073,DEC-STUDIO-NAME-001,Pazar örneklemi,market-research-director,Sabotage Studio — official source,Official organisation source,https://sabotagestudio.com/,Sabotage Studio,2026-08-08,20:30:00+03:00,2026-08-08,Canada,Sabotage Studio official identity and current public presence,PRIMARY,MEDIUM,NONE KNOWN,HIGHLY_CHANGEABLE,2026-08-15,CNT-DEC-STUDIO-NAME-001-037:primary,"Direct URL captured for reproducible access; organisation-controlled source or direct platform record. INFERENCE: scale/form classifications are analytical coding, not source wording.","Availability and page contents can change; source is not legal, market-share, reputation, or ownership proof; publication date was not consistently exposed.",NEEDS_RECHECK,quality-assurance-director,ORG:sabotagestudio.com,INDEPENDENT_PAIR_MEMBER,PAIR-037,NO,YES,RECHECK_REQUIRED,FAIL,https://sabotagestudio.com/,ConnectionError
SRC-DEC-STUDIO-NAME-001-074,DEC-STUDIO-NAME-001,Pazar örneklemi,market-research-director,Sabotage Studio — corroborating evidence,Resmî şirket/kurum sayfası veya doğrudan resmî platform kaydı,https://sabotagestudio.com/games/,UNRESOLVED,2026-08-08,20:30:00+03:00,NOT FOUND,Canada,Sabotage Studio markasının erişilebilir kurumsal veya ürün faaliyeti sinyalini destekler,PRIMARY,MEDIUM,NONE KNOWN,HIGHLY_CHANGEABLE,2026-08-15,CNT-DEC-STUDIO-NAME-001-037:corroborating,"Direct URL captured for reproducible access; organisation-controlled source or direct platform record. INFERENCE: scale/form classifications are analytical coding, not source wording.","Availability and page contents can change; source is not legal, market-share, reputation, or ownership proof; publication date was not consistently exposed.",NEEDS_RECHECK,NOT ASSIGNED,UNRESOLVED,UNRESOLVED,PAIR-037,NO,NO,RECHECK_REQUIRED,FAIL,https://sabotagestudio.com/games/,SSLError
SRC-DEC-STUDIO-NAME-001-075,DEC-STUDIO-NAME-001,Pazar örneklemi,market-research-director,Thunder Lotus Games — official source,Official organisation source,https://thunderlotusgames.com/,Thunder Lotus Games,2026-08-08,20:30:00+03:00,2026-08-08,Canada,Thunder Lotus Games official identity and current public presence,PRIMARY,MEDIUM,NONE KNOWN,HIGHLY_CHANGEABLE,2026-08-15,CNT-DEC-STUDIO-NAME-001-038:primary,"Direct URL captured for reproducible access; organisation-controlled source or direct platform record. INFERENCE: scale/form classifications are analytical coding, not source wording.","Availability and page contents can change; source is not legal, market-share, reputation, or ownership proof; publication date was not consistently exposed.",NEEDS_RECHECK,quality-assurance-director,ORG:thunderlotusgames.com,INDEPENDENT_PAIR_MEMBER,PAIR-038,NO,YES,RECHECK_REQUIRED,FAIL,https://thunderlotusgames.com/,ConnectionError
SRC-DEC-STUDIO-NAME-001-076,DEC-STUDIO-NAME-001,Pazar örneklemi,market-research-director,Thunder Lotus Games — independent reference,Independent reference work,https://en.wikipedia.org/wiki/Thunder_Lotus_Games,Wikimedia Foundation / Wikipedia editors,2026-08-08,20:30:00+03:00,2026-08-08,Canada,Thunder Lotus Games identity and operating history/current activity context,SECONDARY,MEDIUM,NONE KNOWN,HIGHLY_CHANGEABLE,2026-08-15,CNT-DEC-STUDIO-NAME-001-038:corroborating,"Direct URL captured for reproducible access; organisation-controlled source or direct platform record. INFERENCE: scale/form classifications are analytical coding, not source wording.","Availability and page contents can change; source is not legal, market-share, reputation, or ownership proof; publication date was not consistently exposed.",NEEDS_RECHECK,quality-assurance-director,PLATFORM:WIKIPEDIA,INDEPENDENT_FROM_SUBJECT,PAIR-038,NO,NO,RECHECK_REQUIRED,FAIL,https://en.wikipedia.org/wiki/Thunder_Lotus_Games,ReadTimeout
SRC-DEC-STUDIO-NAME-001-077,DEC-STUDIO-NAME-001,Pazar örneklemi,market-research-director,Finji — official source,Official organisation source,https://finji.co/,Finji,2026-08-08,20:30:00+03:00,2026-08-08,United States,Finji official identity and current public presence,PRIMARY,MEDIUM,NONE KNOWN,HIGHLY_CHANGEABLE,2026-08-15,CNT-DEC-STUDIO-NAME-001-039:primary,"Direct URL captured for reproducible access; organisation-controlled source or direct platform record. INFERENCE: scale/form classifications are analytical coding, not source wording.","Availability and page contents can change; source is not legal, market-share, reputation, or ownership proof; publication date was not consistently exposed.",NEEDS_RECHECK,quality-assurance-director,ORG:finji.co,INDEPENDENT_PAIR_MEMBER,PAIR-039,NO,YES,RECHECK_REQUIRED,FAIL,https://finji.co/,SSLError
SRC-DEC-STUDIO-NAME-001-078,DEC-STUDIO-NAME-001,Pazar örneklemi,market-research-director,Finji — corroborating evidence,Resmî şirket/kurum sayfası veya doğrudan resmî platform kaydı,https://finji.co/games,UNRESOLVED,2026-08-08,20:30:00+03:00,NOT FOUND,United States,Finji markasının erişilebilir kurumsal veya ürün faaliyeti sinyalini destekler,PRIMARY,MEDIUM,NONE KNOWN,HIGHLY_CHANGEABLE,2026-08-15,CNT-DEC-STUDIO-NAME-001-039:corroborating,"Direct URL captured for reproducible access; organisation-controlled source or direct platform record. INFERENCE: scale/form classifications are analytical coding, not source wording.","Availability and page contents can change; source is not legal, market-share, reputation, or ownership proof; publication date was not consistently exposed.",NEEDS_RECHECK,NOT ASSIGNED,UNRESOLVED,UNRESOLVED,PAIR-039,NO,NO,RECHECK_REQUIRED,FAIL,https://finji.co/games,ReadTimeout
SRC-DEC-STUDIO-NAME-001-079,DEC-STUDIO-NAME-001,Pazar örneklemi,market-research-director,The Game Bakers — official source,Official organisation source,https://www.thegamebakers.com/,The Game Bakers,2026-08-08,20:30:00+03:00,2026-08-08,France,The Game Bakers official identity and current public presence,PRIMARY,MEDIUM,NONE KNOWN,HIGHLY_CHANGEABLE,2026-08-15,CNT-DEC-STUDIO-NAME-001-040:primary,"Direct URL captured for reproducible access; organisation-controlled source or direct platform record. INFERENCE: scale/form classifications are analytical coding, not source wording.","Availability and page contents can change; source is not legal, market-share, reputation, or ownership proof; publication date was not consistently exposed.",NEEDS_RECHECK,quality-assurance-director,ORG:www.thegamebakers.com,INDEPENDENT_PAIR_MEMBER,PAIR-040,NO,YES,RECHECK_REQUIRED,FAIL,https://www.thegamebakers.com/,ConnectionError
SRC-DEC-STUDIO-NAME-001-080,DEC-STUDIO-NAME-001,Pazar örneklemi,market-research-director,The Game Bakers — corroborating evidence,Resmî şirket/kurum sayfası veya doğrudan resmî platform kaydı,https://www.thegamebakers.com/games/,UNRESOLVED,2026-08-08,20:30:00+03:00,NOT FOUND,France,The Game Bakers markasının erişilebilir kurumsal veya ürün faaliyeti sinyalini destekler,PRIMARY,MEDIUM,NONE KNOWN,HIGHLY_CHANGEABLE,2026-08-15,CNT-DEC-STUDIO-NAME-001-040:corroborating,"Direct URL captured for reproducible access; organisation-controlled source or direct platform record. INFERENCE: scale/form classifications are analytical coding, not source wording.","Availability and page contents can change; source is not legal, market-share, reputation, or ownership proof; publication date was not consistently exposed.",NEEDS_RECHECK,NOT ASSIGNED,UNRESOLVED,UNRESOLVED,PAIR-040,NO,NO,RECHECK_REQUIRED,FAIL,https://www.thegamebakers.com/games/,ConnectionError
SRC-DEC-STUDIO-NAME-001-081,DEC-STUDIO-NAME-001,Pazar örneklemi,market-research-director,Coffee Stain Studios — official source,Official organisation source,https://www.coffeestainstudios.com/,Coffee Stain Studios,2026-08-08,20:30:00+03:00,2026-08-08,Sweden,Coffee Stain Studios official identity and current public presence,PRIMARY,MEDIUM,NONE KNOWN,HIGHLY_CHANGEABLE,2026-08-15,CNT-DEC-STUDIO-NAME-001-041:primary,"Direct URL captured for reproducible access; organisation-controlled source or direct platform record. INFERENCE: scale/form classifications are analytical coding, not source wording.","Availability and page contents can change; source is not legal, market-share, reputation, or ownership proof; publication date was not consistently exposed.",NEEDS_RECHECK,quality-assurance-director,ORG:www.coffeestainstudios.com,INDEPENDENT_PAIR_MEMBER,PAIR-041,NO,YES,RECHECK_REQUIRED,FAIL,https://www.coffeestainstudios.com/,SSLError
SRC-DEC-STUDIO-NAME-001-082,DEC-STUDIO-NAME-001,Pazar örneklemi,market-research-director,Coffee Stain Studios — corroborating evidence,Resmî şirket/kurum sayfası veya doğrudan resmî platform kaydı,https://www.coffeestainstudios.com/games/,UNRESOLVED,2026-08-08,20:30:00+03:00,NOT FOUND,Sweden,Coffee Stain Studios markasının erişilebilir kurumsal veya ürün faaliyeti sinyalini destekler,PRIMARY,MEDIUM,NONE KNOWN,HIGHLY_CHANGEABLE,2026-08-15,CNT-DEC-STUDIO-NAME-001-041:corroborating,"Direct URL captured for reproducible access; organisation-controlled source or direct platform record. INFERENCE: scale/form classifications are analytical coding, not source wording.","Availability and page contents can change; source is not legal, market-share, reputation, or ownership proof; publication date was not consistently exposed.",NEEDS_RECHECK,NOT ASSIGNED,UNRESOLVED,UNRESOLVED,PAIR-041,NO,NO,RECHECK_REQUIRED,FAIL,https://www.coffeestainstudios.com/games/,SSLError
SRC-DEC-STUDIO-NAME-001-083,DEC-STUDIO-NAME-001,Pazar örneklemi,market-research-director,Ghost Ship Games — official source,Official organisation source,https://ghostship.dk/,Ghost Ship Games,2026-08-08,20:30:00+03:00,2026-08-08,Denmark,Ghost Ship Games official identity and current public presence,PRIMARY,MEDIUM,NONE KNOWN,HIGHLY_CHANGEABLE,2026-08-15,CNT-DEC-STUDIO-NAME-001-042:primary,"Direct URL captured for reproducible access; organisation-controlled source or direct platform record. INFERENCE: scale/form classifications are analytical coding, not source wording.","Availability and page contents can change; source is not legal, market-share, reputation, or ownership proof; publication date was not consistently exposed.",NEEDS_RECHECK,quality-assurance-director,ORG:ghostship.dk,INDEPENDENT_PAIR_MEMBER,PAIR-042,NO,YES,RECHECK_REQUIRED,FAIL,https://ghostship.dk/,ReadTimeout
SRC-DEC-STUDIO-NAME-001-084,DEC-STUDIO-NAME-001,Pazar örneklemi,market-research-director,Ghost Ship Games — corroborating evidence,Resmî şirket/kurum sayfası veya doğrudan resmî platform kaydı,https://ghostship.dk/games/,UNRESOLVED,2026-08-08,20:30:00+03:00,NOT FOUND,Denmark,Ghost Ship Games markasının erişilebilir kurumsal veya ürün faaliyeti sinyalini destekler,PRIMARY,MEDIUM,NONE KNOWN,HIGHLY_CHANGEABLE,2026-08-15,CNT-DEC-STUDIO-NAME-001-042:corroborating,"Direct URL captured for reproducible access; organisation-controlled source or direct platform record. INFERENCE: scale/form classifications are analytical coding, not source wording.","Availability and page contents can change; source is not legal, market-share, reputation, or ownership proof; publication date was not consistently exposed.",NEEDS_RECHECK,NOT ASSIGNED,UNRESOLVED,UNRESOLVED,PAIR-042,NO,NO,RECHECK_REQUIRED,FAIL,https://ghostship.dk/games/,ReadTimeout
SRC-DEC-STUDIO-NAME-001-085,DEC-STUDIO-NAME-001,Pazar örneklemi,market-research-director,Iron Gate Studio — official source,Official organisation source,https://irongatestudio.se/,Iron Gate Studio,2026-08-08,20:30:00+03:00,2026-08-08,Sweden,Iron Gate Studio official identity and current public presence,PRIMARY,MEDIUM,NONE KNOWN,HIGHLY_CHANGEABLE,2026-08-15,CNT-DEC-STUDIO-NAME-001-043:primary,"Direct URL captured for reproducible access; organisation-controlled source or direct platform record. INFERENCE: scale/form classifications are analytical coding, not source wording.","Availability and page contents can change; source is not legal, market-share, reputation, or ownership proof; publication date was not consistently exposed.",NEEDS_RECHECK,quality-assurance-director,ORG:irongatestudio.se,INDEPENDENT_PAIR_MEMBER,PAIR-043,NO,YES,RECHECK_REQUIRED,FAIL,https://irongatestudio.se/,ConnectTimeout
SRC-DEC-STUDIO-NAME-001-086,DEC-STUDIO-NAME-001,Pazar örneklemi,market-research-director,Iron Gate Studio — corroborating evidence,Resmî şirket/kurum sayfası veya doğrudan resmî platform kaydı,https://www.valheimgame.com/,UNRESOLVED,2026-08-08,20:30:00+03:00,NOT FOUND,Sweden,Iron Gate Studio markasının erişilebilir kurumsal veya ürün faaliyeti sinyalini destekler,PRIMARY,MEDIUM,NONE KNOWN,HIGHLY_CHANGEABLE,2026-08-15,CNT-DEC-STUDIO-NAME-001-043:corroborating,"Direct URL captured for reproducible access; organisation-controlled source or direct platform record. INFERENCE: scale/form classifications are analytical coding, not source wording.","Availability and page contents can change; source is not legal, market-share, reputation, or ownership proof; publication date was not consistently exposed.",NEEDS_RECHECK,NOT ASSIGNED,UNRESOLVED,UNRESOLVED,PAIR-043,NO,NO,RECHECK_REQUIRED,FAIL,https://www.valheimgame.com/,SSLError
SRC-DEC-STUDIO-NAME-001-087,DEC-STUDIO-NAME-001,Pazar örneklemi,market-research-director,Landfall Games — official source,Official organisation source,https://landfall.se/,Landfall Games,2026-08-08,20:30:00+03:00,2026-08-08,Sweden,Landfall Games official identity and current public presence,PRIMARY,MEDIUM,NONE KNOWN,HIGHLY_CHANGEABLE,2026-08-15,CNT-DEC-STUDIO-NAME-001-044:primary,"Direct URL captured for reproducible access; organisation-controlled source or direct platform record. INFERENCE: scale/form classifications are analytical coding, not source wording.","Availability and page contents can change; source is not legal, market-share, reputation, or ownership proof; publication date was not consistently exposed.",NEEDS_RECHECK,quality-assurance-director,ORG:landfall.se,INDEPENDENT_PAIR_MEMBER,PAIR-044,NO,YES,RECHECK_REQUIRED,FAIL,https://landfall.se/,ReadTimeout
SRC-DEC-STUDIO-NAME-001-088,DEC-STUDIO-NAME-001,Pazar örneklemi,market-research-director,Landfall (company) — independent reference,Independent reference work,https://en.wikipedia.org/wiki/Landfall_(company),Wikimedia Foundation / Wikipedia editors,2026-08-08,20:30:00+03:00,2026-08-08,Sweden,Landfall Games identity and operating history/current activity context,SECONDARY,MEDIUM,NONE KNOWN,HIGHLY_CHANGEABLE,2026-08-15,CNT-DEC-STUDIO-NAME-001-044:corroborating,"Direct URL captured for reproducible access; organisation-controlled source or direct platform record. INFERENCE: scale/form classifications are analytical coding, not source wording.","Availability and page contents can change; source is not legal, market-share, reputation, or ownership proof; publication date was not consistently exposed.",NEEDS_RECHECK,quality-assurance-director,PLATFORM:WIKIPEDIA,INDEPENDENT_FROM_SUBJECT,PAIR-044,NO,NO,RECHECK_REQUIRED,FAIL,https://en.wikipedia.org/wiki/Landfall_(company),ReadTimeout
SRC-DEC-STUDIO-NAME-001-089,DEC-STUDIO-NAME-001,Pazar örneklemi,market-research-director,No More Robots — official source,Official organisation source,https://nomorerobots.io/,No More Robots,2026-08-08,20:30:00+03:00,2026-08-08,United Kingdom,No More Robots official identity and current public presence,PRIMARY,MEDIUM,NONE KNOWN,HIGHLY_CHANGEABLE,2026-08-15,CNT-DEC-STUDIO-NAME-001-045:primary,"Direct URL captured for reproducible access; organisation-controlled source or direct platform record. INFERENCE: scale/form classifications are analytical coding, not source wording.","Availability and page contents can change; source is not legal, market-share, reputation, or ownership proof; publication date was not consistently exposed.",NEEDS_RECHECK,quality-assurance-director,ORG:nomorerobots.io,INDEPENDENT_PAIR_MEMBER,PAIR-045,NO,YES,RECHECK_REQUIRED,FAIL,https://nomorerobots.io/,ConnectionError
SRC-DEC-STUDIO-NAME-001-090,DEC-STUDIO-NAME-001,Pazar örneklemi,market-research-director,No More Robots — corroborating evidence,Resmî şirket/kurum sayfası veya doğrudan resmî platform kaydı,https://nomorerobots.io/games/,UNRESOLVED,2026-08-08,20:30:00+03:00,NOT FOUND,United Kingdom,No More Robots markasının erişilebilir kurumsal veya ürün faaliyeti sinyalini destekler,PRIMARY,MEDIUM,NONE KNOWN,HIGHLY_CHANGEABLE,2026-08-15,CNT-DEC-STUDIO-NAME-001-045:corroborating,"Direct URL captured for reproducible access; organisation-controlled source or direct platform record. INFERENCE: scale/form classifications are analytical coding, not source wording.","Availability and page contents can change; source is not legal, market-share, reputation, or ownership proof; publication date was not consistently exposed.",NEEDS_RECHECK,NOT ASSIGNED,UNRESOLVED,UNRESOLVED,PAIR-045,NO,NO,RECHECK_REQUIRED,FAIL,https://nomorerobots.io/games/,ReadTimeout
SRC-DEC-STUDIO-NAME-001-091,DEC-STUDIO-NAME-001,Pazar örneklemi,market-research-director,Failbetter Games — official source,Official organisation source,https://www.failbettergames.com/,Failbetter Games,2026-08-08,20:30:00+03:00,2026-08-08,United Kingdom,Failbetter Games official identity and current public presence,PRIMARY,MEDIUM,NONE KNOWN,HIGHLY_CHANGEABLE,2026-08-15,CNT-DEC-STUDIO-NAME-001-046:primary,"Direct URL captured for reproducible access; organisation-controlled source or direct platform record. INFERENCE: scale/form classifications are analytical coding, not source wording.","Availability and page contents can change; source is not legal, market-share, reputation, or ownership proof; publication date was not consistently exposed.",NEEDS_RECHECK,quality-assurance-director,ORG:www.failbettergames.com,INDEPENDENT_PAIR_MEMBER,PAIR-046,NO,YES,RECHECK_REQUIRED,FAIL,https://www.failbettergames.com/,ReadTimeout
SRC-DEC-STUDIO-NAME-001-092,DEC-STUDIO-NAME-001,Pazar örneklemi,market-research-director,Failbetter Games — corroborating evidence,Resmî şirket/kurum sayfası veya doğrudan resmî platform kaydı,https://www.failbettergames.com/games,UNRESOLVED,2026-08-08,20:30:00+03:00,NOT FOUND,United Kingdom,Failbetter Games markasının erişilebilir kurumsal veya ürün faaliyeti sinyalini destekler,PRIMARY,MEDIUM,NONE KNOWN,HIGHLY_CHANGEABLE,2026-08-15,CNT-DEC-STUDIO-NAME-001-046:corroborating,"Direct URL captured for reproducible access; organisation-controlled source or direct platform record. INFERENCE: scale/form classifications are analytical coding, not source wording.","Availability and page contents can change; source is not legal, market-share, reputation, or ownership proof; publication date was not consistently exposed.",NEEDS_RECHECK,NOT ASSIGNED,UNRESOLVED,UNRESOLVED,PAIR-046,NO,NO,VERIFIED_ACCESSIBLE,FAIL,https://www.failbettergames.com/games,NONE
SRC-DEC-STUDIO-NAME-001-093,DEC-STUDIO-NAME-001,Pazar örneklemi,market-research-director,Weather Factory — official source,Official organisation source,https://weatherfactory.biz/,Weather Factory,2026-08-08,20:30:00+03:00,2026-08-08,United Kingdom,Weather Factory official identity and current public presence,PRIMARY,MEDIUM,NONE KNOWN,HIGHLY_CHANGEABLE,2026-08-15,CNT-DEC-STUDIO-NAME-001-047:primary,"Direct URL captured for reproducible access; organisation-controlled source or direct platform record. INFERENCE: scale/form classifications are analytical coding, not source wording.","Availability and page contents can change; source is not legal, market-share, reputation, or ownership proof; publication date was not consistently exposed.",NEEDS_RECHECK,quality-assurance-director,ORG:weatherfactory.biz,INDEPENDENT_PAIR_MEMBER,PAIR-047,NO,YES,RECHECK_REQUIRED,FAIL,https://weatherfactory.biz/,ReadTimeout
SRC-DEC-STUDIO-NAME-001-094,DEC-STUDIO-NAME-001,Pazar örneklemi,market-research-director,Weather Factory — corroborating evidence,Resmî şirket/kurum sayfası veya doğrudan resmî platform kaydı,https://weatherfactory.biz/games/,UNRESOLVED,2026-08-08,20:30:00+03:00,NOT FOUND,United Kingdom,Weather Factory markasının erişilebilir kurumsal veya ürün faaliyeti sinyalini destekler,PRIMARY,MEDIUM,NONE KNOWN,HIGHLY_CHANGEABLE,2026-08-15,CNT-DEC-STUDIO-NAME-001-047:corroborating,"Direct URL captured for reproducible access; organisation-controlled source or direct platform record. INFERENCE: scale/form classifications are analytical coding, not source wording.","Availability and page contents can change; source is not legal, market-share, reputation, or ownership proof; publication date was not consistently exposed.",REJECTED,NOT ASSIGNED,UNRESOLVED,UNRESOLVED,PAIR-047,NO,NO,BROKEN_LINK,FAIL,https://weatherfactory.biz/games/,NONE
SRC-DEC-STUDIO-NAME-001-095,DEC-STUDIO-NAME-001,Pazar örneklemi,market-research-director,Hello Games — official source,Official organisation source,https://hellogames.org/,Hello Games,2026-08-08,20:30:00+03:00,2026-08-08,United Kingdom,Hello Games official identity and current public presence,PRIMARY,MEDIUM,NONE KNOWN,HIGHLY_CHANGEABLE,2026-08-15,CNT-DEC-STUDIO-NAME-001-048:primary,"Direct URL captured for reproducible access; organisation-controlled source or direct platform record. INFERENCE: scale/form classifications are analytical coding, not source wording.","Availability and page contents can change; source is not legal, market-share, reputation, or ownership proof; publication date was not consistently exposed.",NEEDS_RECHECK,quality-assurance-director,ORG:hellogames.org,INDEPENDENT_PAIR_MEMBER,PAIR-048,NO,YES,RECHECK_REQUIRED,FAIL,https://hellogames.org/,SSLError
SRC-DEC-STUDIO-NAME-001-096,DEC-STUDIO-NAME-001,Pazar örneklemi,market-research-director,Hello Games — independent reference,Independent reference work,https://en.wikipedia.org/wiki/Hello_Games,Wikimedia Foundation / Wikipedia editors,2026-08-08,20:30:00+03:00,2026-08-08,United Kingdom,Hello Games identity and operating history/current activity context,SECONDARY,MEDIUM,NONE KNOWN,HIGHLY_CHANGEABLE,2026-08-15,CNT-DEC-STUDIO-NAME-001-048:corroborating,"Direct URL captured for reproducible access; organisation-controlled source or direct platform record. INFERENCE: scale/form classifications are analytical coding, not source wording.","Availability and page contents can change; source is not legal, market-share, reputation, or ownership proof; publication date was not consistently exposed.",NEEDS_RECHECK,quality-assurance-director,PLATFORM:WIKIPEDIA,INDEPENDENT_FROM_SUBJECT,PAIR-048,NO,NO,RECHECK_REQUIRED,FAIL,https://en.wikipedia.org/wiki/Hello_Games,ConnectTimeout
SRC-DEC-STUDIO-NAME-001-097,DEC-STUDIO-NAME-001,Pazar örneklemi,market-research-director,ustwo games — official source,Official organisation source,https://www.ustwogames.co.uk/,ustwo games,2026-08-08,20:30:00+03:00,2026-08-08,United Kingdom,ustwo games official identity and current public presence,PRIMARY,MEDIUM,NONE KNOWN,HIGHLY_CHANGEABLE,2026-08-15,CNT-DEC-STUDIO-NAME-001-049:primary,"Direct URL captured for reproducible access; organisation-controlled source or direct platform record. INFERENCE: scale/form classifications are analytical coding, not source wording.","Availability and page contents can change; source is not legal, market-share, reputation, or ownership proof; publication date was not consistently exposed.",NEEDS_RECHECK,quality-assurance-director,ORG:www.ustwogames.co.uk,INDEPENDENT_PAIR_MEMBER,PAIR-049,NO,YES,RECHECK_REQUIRED,FAIL,https://www.ustwogames.co.uk/,SSLError
SRC-DEC-STUDIO-NAME-001-098,DEC-STUDIO-NAME-001,Pazar örneklemi,market-research-director,Ustwo — independent reference,Independent reference work,https://en.wikipedia.org/wiki/Ustwo,Wikimedia Foundation / Wikipedia editors,2026-08-08,20:30:00+03:00,2026-08-08,United Kingdom,ustwo games identity and operating history/current activity context,SECONDARY,MEDIUM,NONE KNOWN,HIGHLY_CHANGEABLE,2026-08-15,CNT-DEC-STUDIO-NAME-001-049:corroborating,"Direct URL captured for reproducible access; organisation-controlled source or direct platform record. INFERENCE: scale/form classifications are analytical coding, not source wording.","Availability and page contents can change; source is not legal, market-share, reputation, or ownership proof; publication date was not consistently exposed.",NEEDS_RECHECK,quality-assurance-director,PLATFORM:WIKIPEDIA,INDEPENDENT_FROM_SUBJECT,PAIR-049,NO,NO,RECHECK_REQUIRED,FAIL,https://en.wikipedia.org/wiki/Ustwo,ReadTimeout
SRC-DEC-STUDIO-NAME-001-099,DEC-STUDIO-NAME-001,Pazar örneklemi,market-research-director,Triband — official source,Official organisation source,https://triband.net/,Triband,2026-08-08,20:30:00+03:00,2026-08-08,Denmark,Triband official identity and current public presence,PRIMARY,MEDIUM,NONE KNOWN,HIGHLY_CHANGEABLE,2026-08-15,CNT-DEC-STUDIO-NAME-001-050:primary,"Direct URL captured for reproducible access; organisation-controlled source or direct platform record. INFERENCE: scale/form classifications are analytical coding, not source wording.","Availability and page contents can change; source is not legal, market-share, reputation, or ownership proof; publication date was not consistently exposed.",REVIEWED,quality-assurance-director,ORG:triband.net,INDEPENDENT_PAIR_MEMBER,PAIR-050,YES,YES,VERIFIED_ACCESSIBLE,PASS,https://triband.net/,NONE
SRC-DEC-STUDIO-NAME-001-100,DEC-STUDIO-NAME-001,Pazar örneklemi,market-research-director,Triband — corroborating evidence,Resmî şirket/kurum sayfası veya doğrudan resmî platform kaydı,https://triband.net/games,UNRESOLVED,2026-08-08,20:30:00+03:00,NOT FOUND,Denmark,Triband markasının erişilebilir kurumsal veya ürün faaliyeti sinyalini destekler,PRIMARY,MEDIUM,NONE KNOWN,HIGHLY_CHANGEABLE,2026-08-15,CNT-DEC-STUDIO-NAME-001-050:corroborating,"Direct URL captured for reproducible access; organisation-controlled source or direct platform record. INFERENCE: scale/form classifications are analytical coding, not source wording.","Availability and page contents can change; source is not legal, market-share, reputation, or ownership proof; publication date was not consistently exposed.",NEEDS_RECHECK,NOT ASSIGNED,UNRESOLVED,UNRESOLVED,PAIR-050,NO,NO,RECHECK_REQUIRED,FAIL,https://triband.net/games,ReadTimeout
SRC-DEC-STUDIO-NAME-001-101,DEC-STUDIO-NAME-001,Pazar örneklemi,market-research-director,Frictional Games — official source,Official organisation source,https://frictionalgames.com/,Frictional Games,2026-08-08,20:30:00+03:00,2026-08-08,Sweden,Frictional Games official identity and current public presence,PRIMARY,MEDIUM,NONE KNOWN,HIGHLY_CHANGEABLE,2026-08-15,CNT-DEC-STUDIO-NAME-001-051:primary,"Direct URL captured for reproducible access; organisation-controlled source or direct platform record. INFERENCE: scale/form classifications are analytical coding, not source wording.","Availability and page contents can change; source is not legal, market-share, reputation, or ownership proof; publication date was not consistently exposed.",NEEDS_RECHECK,quality-assurance-director,ORG:frictionalgames.com,INDEPENDENT_PAIR_MEMBER,PAIR-051,NO,YES,RECHECK_REQUIRED,FAIL,https://frictionalgames.com/,ReadTimeout
SRC-DEC-STUDIO-NAME-001-102,DEC-STUDIO-NAME-001,Pazar örneklemi,market-research-director,Frictional Games — independent reference,Independent reference work,https://en.wikipedia.org/wiki/Frictional_Games,Wikimedia Foundation / Wikipedia editors,2026-08-08,20:30:00+03:00,2026-08-08,Sweden,Frictional Games identity and operating history/current activity context,SECONDARY,MEDIUM,NONE KNOWN,HIGHLY_CHANGEABLE,2026-08-15,CNT-DEC-STUDIO-NAME-001-051:corroborating,"Direct URL captured for reproducible access; organisation-controlled source or direct platform record. INFERENCE: scale/form classifications are analytical coding, not source wording.","Availability and page contents can change; source is not legal, market-share, reputation, or ownership proof; publication date was not consistently exposed.",NEEDS_RECHECK,quality-assurance-director,PLATFORM:WIKIPEDIA,INDEPENDENT_FROM_SUBJECT,PAIR-051,NO,NO,RECHECK_REQUIRED,FAIL,https://en.wikipedia.org/wiki/Frictional_Games,ReadTimeout
SRC-DEC-STUDIO-NAME-001-103,DEC-STUDIO-NAME-001,Pazar örneklemi,market-research-director,Image & Form Games — official source,Official organisation source,https://imageform.se/,Image & Form Games,2026-08-08,20:30:00+03:00,2026-08-08,Sweden,Image & Form Games official identity and current public presence,PRIMARY,MEDIUM,NONE KNOWN,HIGHLY_CHANGEABLE,2026-08-15,CNT-DEC-STUDIO-NAME-001-052:primary,"Direct URL captured for reproducible access; organisation-controlled source or direct platform record. INFERENCE: scale/form classifications are analytical coding, not source wording.","Availability and page contents can change; source is not legal, market-share, reputation, or ownership proof; publication date was not consistently exposed.",NEEDS_RECHECK,quality-assurance-director,ORG:imageform.se,INDEPENDENT_PAIR_MEMBER,PAIR-052,NO,YES,RECHECK_REQUIRED,FAIL,https://imageform.se/,ReadTimeout
SRC-DEC-STUDIO-NAME-001-104,DEC-STUDIO-NAME-001,Pazar örneklemi,market-research-director,Image & Form Games — corroborating evidence,Resmî şirket/kurum sayfası veya doğrudan resmî platform kaydı,https://thunderfulgames.com/games/,UNRESOLVED,2026-08-08,20:30:00+03:00,NOT FOUND,Sweden,Image & Form Games markasının erişilebilir kurumsal veya ürün faaliyeti sinyalini destekler,PRIMARY,MEDIUM,NONE KNOWN,HIGHLY_CHANGEABLE,2026-08-15,CNT-DEC-STUDIO-NAME-001-052:corroborating,"Direct URL captured for reproducible access; organisation-controlled source or direct platform record. INFERENCE: scale/form classifications are analytical coding, not source wording.","Availability and page contents can change; source is not legal, market-share, reputation, or ownership proof; publication date was not consistently exposed.",NEEDS_RECHECK,NOT ASSIGNED,UNRESOLVED,UNRESOLVED,PAIR-052,NO,NO,RECHECK_REQUIRED,FAIL,https://thunderfulgames.com/games/,ReadTimeout
SRC-DEC-STUDIO-NAME-001-105,DEC-STUDIO-NAME-001,Pazar örneklemi,market-research-director,Zoink Games — official source,Official organisation source,https://www.zoinkgames.com/,Zoink Games,2026-08-08,20:30:00+03:00,2026-08-08,Sweden,Zoink Games official identity and current public presence,PRIMARY,MEDIUM,NONE KNOWN,HIGHLY_CHANGEABLE,2026-08-15,CNT-DEC-STUDIO-NAME-001-053:primary,"Direct URL captured for reproducible access; organisation-controlled source or direct platform record. INFERENCE: scale/form classifications are analytical coding, not source wording.","Availability and page contents can change; source is not legal, market-share, reputation, or ownership proof; publication date was not consistently exposed.",NEEDS_RECHECK,quality-assurance-director,ORG:www.zoinkgames.com,INDEPENDENT_PAIR_MEMBER,PAIR-053,NO,YES,RECHECK_REQUIRED,FAIL,https://www.zoinkgames.com/,ReadTimeout
SRC-DEC-STUDIO-NAME-001-106,DEC-STUDIO-NAME-001,Pazar örneklemi,market-research-director,Zoink — independent reference,Independent reference work,https://en.wikipedia.org/wiki/Zoink,Wikimedia Foundation / Wikipedia editors,2026-08-08,20:30:00+03:00,2026-08-08,Sweden,Zoink Games identity and operating history/current activity context,SECONDARY,MEDIUM,NONE KNOWN,HIGHLY_CHANGEABLE,2026-08-15,CNT-DEC-STUDIO-NAME-001-053:corroborating,"Direct URL captured for reproducible access; organisation-controlled source or direct platform record. INFERENCE: scale/form classifications are analytical coding, not source wording.","Availability and page contents can change; source is not legal, market-share, reputation, or ownership proof; publication date was not consistently exposed.",NEEDS_RECHECK,quality-assurance-director,PLATFORM:WIKIPEDIA,INDEPENDENT_FROM_SUBJECT,PAIR-053,NO,NO,RECHECK_REQUIRED,FAIL,https://en.wikipedia.org/wiki/Zoink,ReadTimeout
SRC-DEC-STUDIO-NAME-001-107,DEC-STUDIO-NAME-001,Pazar örneklemi,market-research-director,Red Thread Games — official source,Official organisation source,https://www.redthreadgames.com/,Red Thread Games,2026-08-08,20:30:00+03:00,2026-08-08,Norway,Red Thread Games official identity and current public presence,PRIMARY,MEDIUM,NONE KNOWN,HIGHLY_CHANGEABLE,2026-08-15,CNT-DEC-STUDIO-NAME-001-054:primary,"Direct URL captured for reproducible access; organisation-controlled source or direct platform record. INFERENCE: scale/form classifications are analytical coding, not source wording.","Availability and page contents can change; source is not legal, market-share, reputation, or ownership proof; publication date was not consistently exposed.",NEEDS_RECHECK,quality-assurance-director,ORG:www.redthreadgames.com,INDEPENDENT_PAIR_MEMBER,PAIR-054,NO,YES,RECHECK_REQUIRED,FAIL,https://www.redthreadgames.com/,ReadTimeout
SRC-DEC-STUDIO-NAME-001-108,DEC-STUDIO-NAME-001,Pazar örneklemi,market-research-director,Red Thread Games — corroborating evidence,Resmî şirket/kurum sayfası veya doğrudan resmî platform kaydı,https://www.redthreadgames.com/games,UNRESOLVED,2026-08-08,20:30:00+03:00,NOT FOUND,Norway,Red Thread Games markasının erişilebilir kurumsal veya ürün faaliyeti sinyalini destekler,PRIMARY,MEDIUM,NONE KNOWN,HIGHLY_CHANGEABLE,2026-08-15,CNT-DEC-STUDIO-NAME-001-054:corroborating,"Direct URL captured for reproducible access; organisation-controlled source or direct platform record. INFERENCE: scale/form classifications are analytical coding, not source wording.","Availability and page contents can change; source is not legal, market-share, reputation, or ownership proof; publication date was not consistently exposed.",NEEDS_RECHECK,NOT ASSIGNED,UNRESOLVED,UNRESOLVED,PAIR-054,NO,NO,RECHECK_REQUIRED,FAIL,https://www.redthreadgames.com/games,ReadTimeout
SRC-DEC-STUDIO-NAME-001-109,DEC-STUDIO-NAME-001,Pazar örneklemi,market-research-director,Housemarque — official source,Official organisation source,https://housemarque.com/,Housemarque,2026-08-08,20:30:00+03:00,2026-08-08,Finland,Housemarque official identity and current public presence,PRIMARY,MEDIUM,NONE KNOWN,HIGHLY_CHANGEABLE,2026-08-15,CNT-DEC-STUDIO-NAME-001-055:primary,"Direct URL captured for reproducible access; organisation-controlled source or direct platform record. INFERENCE: scale/form classifications are analytical coding, not source wording.","Availability and page contents can change; source is not legal, market-share, reputation, or ownership proof; publication date was not consistently exposed.",NEEDS_RECHECK,quality-assurance-director,ORG:housemarque.com,INDEPENDENT_PAIR_MEMBER,PAIR-055,NO,YES,RECHECK_REQUIRED,FAIL,https://housemarque.com/,ReadTimeout
SRC-DEC-STUDIO-NAME-001-110,DEC-STUDIO-NAME-001,Pazar örneklemi,market-research-director,Housemarque — corroborating evidence,Resmî şirket/kurum sayfası veya doğrudan resmî platform kaydı,https://housemarque.com/games,UNRESOLVED,2026-08-08,20:30:00+03:00,NOT FOUND,Finland,Housemarque markasının erişilebilir kurumsal veya ürün faaliyeti sinyalini destekler,PRIMARY,MEDIUM,NONE KNOWN,HIGHLY_CHANGEABLE,2026-08-15,CNT-DEC-STUDIO-NAME-001-055:corroborating,"Direct URL captured for reproducible access; organisation-controlled source or direct platform record. INFERENCE: scale/form classifications are analytical coding, not source wording.","Availability and page contents can change; source is not legal, market-share, reputation, or ownership proof; publication date was not consistently exposed.",NEEDS_RECHECK,NOT ASSIGNED,UNRESOLVED,UNRESOLVED,PAIR-055,NO,NO,RECHECK_REQUIRED,FAIL,https://housemarque.com/games,ReadTimeout
SRC-DEC-STUDIO-NAME-001-111,DEC-STUDIO-NAME-001,Pazar örneklemi,market-research-director,Frozenbyte — official source,Official organisation source,https://www.frozenbyte.com/,Frozenbyte,2026-08-08,20:30:00+03:00,2026-08-08,Finland,Frozenbyte official identity and current public presence,PRIMARY,MEDIUM,NONE KNOWN,HIGHLY_CHANGEABLE,2026-08-15,CNT-DEC-STUDIO-NAME-001-056:primary,"Direct URL captured for reproducible access; organisation-controlled source or direct platform record. INFERENCE: scale/form classifications are analytical coding, not source wording.","Availability and page contents can change; source is not legal, market-share, reputation, or ownership proof; publication date was not consistently exposed.",NEEDS_RECHECK,quality-assurance-director,ORG:www.frozenbyte.com,INDEPENDENT_PAIR_MEMBER,PAIR-056,NO,YES,RECHECK_REQUIRED,FAIL,https://www.frozenbyte.com/,SSLError
SRC-DEC-STUDIO-NAME-001-112,DEC-STUDIO-NAME-001,Pazar örneklemi,market-research-director,Frozenbyte — corroborating evidence,Resmî şirket/kurum sayfası veya doğrudan resmî platform kaydı,https://www.frozenbyte.com/games,UNRESOLVED,2026-08-08,20:30:00+03:00,NOT FOUND,Finland,Frozenbyte markasının erişilebilir kurumsal veya ürün faaliyeti sinyalini destekler,PRIMARY,MEDIUM,NONE KNOWN,HIGHLY_CHANGEABLE,2026-08-15,CNT-DEC-STUDIO-NAME-001-056:corroborating,"Direct URL captured for reproducible access; organisation-controlled source or direct platform record. INFERENCE: scale/form classifications are analytical coding, not source wording.","Availability and page contents can change; source is not legal, market-share, reputation, or ownership proof; publication date was not consistently exposed.",NEEDS_RECHECK,NOT ASSIGNED,UNRESOLVED,UNRESOLVED,PAIR-056,NO,NO,RECHECK_REQUIRED,FAIL,https://www.frozenbyte.com/games,SSLError
SRC-DEC-STUDIO-NAME-001-113,DEC-STUDIO-NAME-001,Pazar örneklemi,market-research-director,Colossal Order — official source,Official organisation source,https://colossalorder.fi/,Colossal Order,2026-08-08,20:30:00+03:00,2026-08-08,Finland,Colossal Order official identity and current public presence,PRIMARY,MEDIUM,NONE KNOWN,HIGHLY_CHANGEABLE,2026-08-15,CNT-DEC-STUDIO-NAME-001-057:primary,"Direct URL captured for reproducible access; organisation-controlled source or direct platform record. INFERENCE: scale/form classifications are analytical coding, not source wording.","Availability and page contents can change; source is not legal, market-share, reputation, or ownership proof; publication date was not consistently exposed.",NEEDS_RECHECK,quality-assurance-director,ORG:colossalorder.fi,INDEPENDENT_PAIR_MEMBER,PAIR-057,NO,YES,RECHECK_REQUIRED,FAIL,https://colossalorder.fi/,ReadTimeout
SRC-DEC-STUDIO-NAME-001-114,DEC-STUDIO-NAME-001,Pazar örneklemi,market-research-director,Colossal Order — corroborating evidence,Resmî şirket/kurum sayfası veya doğrudan resmî platform kaydı,https://colossalorder.fi/games,UNRESOLVED,2026-08-08,20:30:00+03:00,NOT FOUND,Finland,Colossal Order markasının erişilebilir kurumsal veya ürün faaliyeti sinyalini destekler,PRIMARY,MEDIUM,NONE KNOWN,HIGHLY_CHANGEABLE,2026-08-15,CNT-DEC-STUDIO-NAME-001-057:corroborating,"Direct URL captured for reproducible access; organisation-controlled source or direct platform record. INFERENCE: scale/form classifications are analytical coding, not source wording.","Availability and page contents can change; source is not legal, market-share, reputation, or ownership proof; publication date was not consistently exposed.",NEEDS_RECHECK,NOT ASSIGNED,UNRESOLVED,UNRESOLVED,PAIR-057,NO,NO,RECHECK_REQUIRED,FAIL,https://colossalorder.fi/games,ReadTimeout
SRC-DEC-STUDIO-NAME-001-115,DEC-STUDIO-NAME-001,Pazar örneklemi,market-research-director,Sad Owl Studios — official source,Official organisation source,https://www.sos.games/,Sad Owl Studios,2026-08-08,20:30:00+03:00,2026-08-08,United Kingdom,Sad Owl Studios official identity and current public presence,PRIMARY,MEDIUM,NONE KNOWN,HIGHLY_CHANGEABLE,2026-08-15,CNT-DEC-STUDIO-NAME-001-058:primary,"Direct URL captured for reproducible access; organisation-controlled source or direct platform record. INFERENCE: scale/form classifications are analytical coding, not source wording.","Availability and page contents can change; source is not legal, market-share, reputation, or ownership proof; publication date was not consistently exposed.",NEEDS_RECHECK,quality-assurance-director,ORG:www.sos.games,INDEPENDENT_PAIR_MEMBER,PAIR-058,NO,YES,RECHECK_REQUIRED,FAIL,https://www.sos.games/,ReadTimeout
SRC-DEC-STUDIO-NAME-001-116,DEC-STUDIO-NAME-001,Pazar örneklemi,market-research-director,Viewfinder (video game) — independent reference,Independent reference work,https://en.wikipedia.org/wiki/Viewfinder_(video_game),Wikimedia Foundation / Wikipedia editors,2026-08-08,20:30:00+03:00,2026-08-08,United Kingdom,Sad Owl Studios identity and operating history/current activity context,SECONDARY,MEDIUM,NONE KNOWN,HIGHLY_CHANGEABLE,2026-08-15,CNT-DEC-STUDIO-NAME-001-058:corroborating,"Direct URL captured for reproducible access; organisation-controlled source or direct platform record. INFERENCE: scale/form classifications are analytical coding, not source wording.","Availability and page contents can change; source is not legal, market-share, reputation, or ownership proof; publication date was not consistently exposed.",NEEDS_RECHECK,quality-assurance-director,PLATFORM:WIKIPEDIA,INDEPENDENT_FROM_SUBJECT,PAIR-058,NO,NO,RECHECK_REQUIRED,FAIL,https://en.wikipedia.org/wiki/Viewfinder_(video_game),ReadTimeout
SRC-DEC-STUDIO-NAME-001-117,DEC-STUDIO-NAME-001,Pazar örneklemi,market-research-director,Masomo — official source,Official organisation source,https://www.masomo.com/,Masomo,2026-08-08,20:30:00+03:00,2026-08-08,Türkiye,Masomo official identity and current public presence,PRIMARY,MEDIUM,NONE KNOWN,HIGHLY_CHANGEABLE,2026-08-15,CNT-DEC-STUDIO-NAME-001-059:primary,"Direct URL captured for reproducible access; organisation-controlled source or direct platform record. INFERENCE: scale/form classifications are analytical coding, not source wording.","Availability and page contents can change; source is not legal, market-share, reputation, or ownership proof; publication date was not consistently exposed.",NEEDS_RECHECK,quality-assurance-director,ORG:www.masomo.com,INDEPENDENT_PAIR_MEMBER,PAIR-059,NO,YES,RECHECK_REQUIRED,FAIL,https://www.masomo.com/,ReadTimeout
SRC-DEC-STUDIO-NAME-001-118,DEC-STUDIO-NAME-001,Pazar örneklemi,market-research-director,Ndindi Nyoro — independent reference,Independent reference work,https://en.wikipedia.org/wiki/Ndindi_Nyoro,Wikimedia Foundation / Wikipedia editors,2026-08-08,20:30:00+03:00,2026-08-08,Türkiye,Masomo identity and operating history/current activity context,SECONDARY,MEDIUM,NONE KNOWN,HIGHLY_CHANGEABLE,2026-08-15,CNT-DEC-STUDIO-NAME-001-059:corroborating,"Direct URL captured for reproducible access; organisation-controlled source or direct platform record. INFERENCE: scale/form classifications are analytical coding, not source wording.","Availability and page contents can change; source is not legal, market-share, reputation, or ownership proof; publication date was not consistently exposed.",NEEDS_RECHECK,quality-assurance-director,PLATFORM:WIKIPEDIA,INDEPENDENT_FROM_SUBJECT,PAIR-059,NO,NO,RECHECK_REQUIRED,FAIL,https://en.wikipedia.org/wiki/Ndindi_Nyoro,ReadTimeout
SRC-DEC-STUDIO-NAME-001-119,DEC-STUDIO-NAME-001,Pazar örneklemi,market-research-director,PanicBarn — official source,Official organisation source,https://panicbarn.com/,PanicBarn,2026-08-08,20:30:00+03:00,2026-08-08,United Kingdom,PanicBarn official identity and current public presence,PRIMARY,MEDIUM,NONE KNOWN,HIGHLY_CHANGEABLE,2026-08-15,CNT-DEC-STUDIO-NAME-001-060:primary,"Direct URL captured for reproducible access; organisation-controlled source or direct platform record. INFERENCE: scale/form classifications are analytical coding, not source wording.","Availability and page contents can change; source is not legal, market-share, reputation, or ownership proof; publication date was not consistently exposed.",NEEDS_RECHECK,quality-assurance-director,ORG:panicbarn.com,INDEPENDENT_PAIR_MEMBER,PAIR-060,NO,YES,RECHECK_REQUIRED,FAIL,https://panicbarn.com/,ReadTimeout
SRC-DEC-STUDIO-NAME-001-120,DEC-STUDIO-NAME-001,Pazar örneklemi,market-research-director,Not Tonight (video game) — independent reference,Independent reference work,https://en.wikipedia.org/wiki/Not_Tonight_(video_game),Wikimedia Foundation / Wikipedia editors,2026-08-08,20:30:00+03:00,2026-08-08,United Kingdom,PanicBarn identity and operating history/current activity context,SECONDARY,MEDIUM,NONE KNOWN,HIGHLY_CHANGEABLE,2026-08-15,CNT-DEC-STUDIO-NAME-001-060:corroborating,"Direct URL captured for reproducible access; organisation-controlled source or direct platform record. INFERENCE: scale/form classifications are analytical coding, not source wording.","Availability and page contents can change; source is not legal, market-share, reputation, or ownership proof; publication date was not consistently exposed.",NEEDS_RECHECK,quality-assurance-director,PLATFORM:WIKIPEDIA,INDEPENDENT_FROM_SUBJECT,PAIR-060,NO,NO,RECHECK_REQUIRED,FAIL,https://en.wikipedia.org/wiki/Not_Tonight_(video_game),ReadTimeout
SRC-DEC-STUDIO-NAME-001-121,DEC-STUDIO-NAME-001,Pazar örneklemi,market-research-director,Chucklefish — official source,Official organisation source,https://chucklefish.org/,Chucklefish,2026-08-08,20:30:00+03:00,2026-08-08,United Kingdom,Chucklefish official identity and current public presence,PRIMARY,MEDIUM,NONE KNOWN,HIGHLY_CHANGEABLE,2026-08-15,CNT-DEC-STUDIO-NAME-001-061:primary,"Direct URL captured for reproducible access; organisation-controlled source or direct platform record. INFERENCE: scale/form classifications are analytical coding, not source wording.","Availability and page contents can change; source is not legal, market-share, reputation, or ownership proof; publication date was not consistently exposed.",NEEDS_RECHECK,quality-assurance-director,ORG:chucklefish.org,INDEPENDENT_PAIR_MEMBER,PAIR-061,NO,YES,RECHECK_REQUIRED,FAIL,https://chucklefish.org/,ReadTimeout
SRC-DEC-STUDIO-NAME-001-122,DEC-STUDIO-NAME-001,Pazar örneklemi,market-research-director,Chucklefish — independent reference,Independent reference work,https://en.wikipedia.org/wiki/Chucklefish,Wikimedia Foundation / Wikipedia editors,2026-08-08,20:30:00+03:00,2026-08-08,United Kingdom,Chucklefish identity and operating history/current activity context,SECONDARY,MEDIUM,NONE KNOWN,HIGHLY_CHANGEABLE,2026-08-15,CNT-DEC-STUDIO-NAME-001-061:corroborating,"Direct URL captured for reproducible access; organisation-controlled source or direct platform record. INFERENCE: scale/form classifications are analytical coding, not source wording.","Availability and page contents can change; source is not legal, market-share, reputation, or ownership proof; publication date was not consistently exposed.",NEEDS_RECHECK,quality-assurance-director,PLATFORM:WIKIPEDIA,INDEPENDENT_FROM_SUBJECT,PAIR-061,NO,NO,RECHECK_REQUIRED,FAIL,https://en.wikipedia.org/wiki/Chucklefish,ReadTimeout
SRC-DEC-STUDIO-NAME-001-123,DEC-STUDIO-NAME-001,Pazar örneklemi,market-research-director,Mediatonic — official source,Official organisation source,https://www.mediatonicgames.com/,Mediatonic,2026-08-08,20:30:00+03:00,2026-08-08,United Kingdom,Mediatonic official identity and current public presence,PRIMARY,MEDIUM,NONE KNOWN,HIGHLY_CHANGEABLE,2026-08-15,CNT-DEC-STUDIO-NAME-001-062:primary,"Direct URL captured for reproducible access; organisation-controlled source or direct platform record. INFERENCE: scale/form classifications are analytical coding, not source wording.","Availability and page contents can change; source is not legal, market-share, reputation, or ownership proof; publication date was not consistently exposed.",NEEDS_RECHECK,quality-assurance-director,ORG:www.mediatonicgames.com,INDEPENDENT_PAIR_MEMBER,PAIR-062,NO,YES,RECHECK_REQUIRED,FAIL,https://www.mediatonicgames.com/,ReadTimeout
SRC-DEC-STUDIO-NAME-001-124,DEC-STUDIO-NAME-001,Pazar örneklemi,market-research-director,Mediatonic — independent reference,Independent reference work,https://en.wikipedia.org/wiki/Mediatonic,Wikimedia Foundation / Wikipedia editors,2026-08-08,20:30:00+03:00,2026-08-08,United Kingdom,Mediatonic identity and operating history/current activity context,SECONDARY,MEDIUM,NONE KNOWN,HIGHLY_CHANGEABLE,2026-08-15,CNT-DEC-STUDIO-NAME-001-062:corroborating,"Direct URL captured for reproducible access; organisation-controlled source or direct platform record. INFERENCE: scale/form classifications are analytical coding, not source wording.","Availability and page contents can change; source is not legal, market-share, reputation, or ownership proof; publication date was not consistently exposed.",NEEDS_RECHECK,quality-assurance-director,PLATFORM:WIKIPEDIA,INDEPENDENT_FROM_SUBJECT,PAIR-062,NO,NO,RECHECK_REQUIRED,FAIL,https://en.wikipedia.org/wiki/Mediatonic,ReadTimeout
SRC-DEC-STUDIO-NAME-001-125,DEC-STUDIO-NAME-001,Pazar örneklemi,market-research-director,Aggro Crab — official source,Official organisation source,https://aggrocrab.com/,Aggro Crab,2026-08-08,20:30:00+03:00,2026-08-08,United States,Aggro Crab official identity and current public presence,PRIMARY,MEDIUM,NONE KNOWN,HIGHLY_CHANGEABLE,2026-08-15,CNT-DEC-STUDIO-NAME-001-063:primary,"Direct URL captured for reproducible access; organisation-controlled source or direct platform record. INFERENCE: scale/form classifications are analytical coding, not source wording.","Availability and page contents can change; source is not legal, market-share, reputation, or ownership proof; publication date was not consistently exposed.",NEEDS_RECHECK,quality-assurance-director,ORG:aggrocrab.com,INDEPENDENT_PAIR_MEMBER,PAIR-063,NO,YES,RECHECK_REQUIRED,FAIL,https://aggrocrab.com/,ReadTimeout
SRC-DEC-STUDIO-NAME-001-126,DEC-STUDIO-NAME-001,Pazar örneklemi,market-research-director,Aggro Crab — corroborating evidence,Resmî şirket/kurum sayfası veya doğrudan resmî platform kaydı,https://aggrocrab.com/games,UNRESOLVED,2026-08-08,20:30:00+03:00,NOT FOUND,United States,Aggro Crab markasının erişilebilir kurumsal veya ürün faaliyeti sinyalini destekler,PRIMARY,MEDIUM,NONE KNOWN,HIGHLY_CHANGEABLE,2026-08-15,CNT-DEC-STUDIO-NAME-001-063:corroborating,"Direct URL captured for reproducible access; organisation-controlled source or direct platform record. INFERENCE: scale/form classifications are analytical coding, not source wording.","Availability and page contents can change; source is not legal, market-share, reputation, or ownership proof; publication date was not consistently exposed.",NEEDS_RECHECK,NOT ASSIGNED,UNRESOLVED,UNRESOLVED,PAIR-063,NO,NO,RECHECK_REQUIRED,FAIL,https://aggrocrab.com/games,ReadTimeout
SRC-DEC-STUDIO-NAME-001-127,DEC-STUDIO-NAME-001,Pazar örneklemi,market-research-director,Heart Machine — official source,Official organisation source,https://www.heartmachine.com/,Heart Machine,2026-08-08,20:30:00+03:00,2026-08-08,United States,Heart Machine official identity and current public presence,PRIMARY,MEDIUM,NONE KNOWN,HIGHLY_CHANGEABLE,2026-08-15,CNT-DEC-STUDIO-NAME-001-064:primary,"Direct URL captured for reproducible access; organisation-controlled source or direct platform record. INFERENCE: scale/form classifications are analytical coding, not source wording.","Availability and page contents can change; source is not legal, market-share, reputation, or ownership proof; publication date was not consistently exposed.",NEEDS_RECHECK,quality-assurance-director,ORG:www.heartmachine.com,INDEPENDENT_PAIR_MEMBER,PAIR-064,NO,YES,RECHECK_REQUIRED,FAIL,https://www.heartmachine.com/,ReadTimeout
SRC-DEC-STUDIO-NAME-001-128,DEC-STUDIO-NAME-001,Pazar örneklemi,market-research-director,Heart Machine — independent reference,Independent reference work,https://en.wikipedia.org/wiki/Heart_Machine,Wikimedia Foundation / Wikipedia editors,2026-08-08,20:30:00+03:00,2026-08-08,United States,Heart Machine identity and operating history/current activity context,SECONDARY,MEDIUM,NONE KNOWN,HIGHLY_CHANGEABLE,2026-08-15,CNT-DEC-STUDIO-NAME-001-064:corroborating,"Direct URL captured for reproducible access; organisation-controlled source or direct platform record. INFERENCE: scale/form classifications are analytical coding, not source wording.","Availability and page contents can change; source is not legal, market-share, reputation, or ownership proof; publication date was not consistently exposed.",NEEDS_RECHECK,quality-assurance-director,PLATFORM:WIKIPEDIA,INDEPENDENT_FROM_SUBJECT,PAIR-064,NO,NO,RECHECK_REQUIRED,FAIL,https://en.wikipedia.org/wiki/Heart_Machine,ReadTimeout
SRC-DEC-STUDIO-NAME-001-129,DEC-STUDIO-NAME-001,Pazar örneklemi,market-research-director,Night School Studio — official source,Official organisation source,https://nightschoolstudio.com/,Night School Studio,2026-08-08,20:30:00+03:00,2026-08-08,United States,Night School Studio official identity and current public presence,PRIMARY,MEDIUM,NONE KNOWN,HIGHLY_CHANGEABLE,2026-08-15,CNT-DEC-STUDIO-NAME-001-065:primary,"Direct URL captured for reproducible access; organisation-controlled source or direct platform record. INFERENCE: scale/form classifications are analytical coding, not source wording.","Availability and page contents can change; source is not legal, market-share, reputation, or ownership proof; publication date was not consistently exposed.",NEEDS_RECHECK,quality-assurance-director,ORG:nightschoolstudio.com,INDEPENDENT_PAIR_MEMBER,PAIR-065,NO,YES,RECHECK_REQUIRED,FAIL,https://nightschoolstudio.com/,ReadTimeout
SRC-DEC-STUDIO-NAME-001-130,DEC-STUDIO-NAME-001,Pazar örneklemi,market-research-director,Night School Studio — corroborating evidence,Resmî şirket/kurum sayfası veya doğrudan resmî platform kaydı,https://nightschoolstudio.com/games/,UNRESOLVED,2026-08-08,20:30:00+03:00,NOT FOUND,United States,Night School Studio markasının erişilebilir kurumsal veya ürün faaliyeti sinyalini destekler,PRIMARY,MEDIUM,NONE KNOWN,HIGHLY_CHANGEABLE,2026-08-15,CNT-DEC-STUDIO-NAME-001-065:corroborating,"Direct URL captured for reproducible access; organisation-controlled source or direct platform record. INFERENCE: scale/form classifications are analytical coding, not source wording.","Availability and page contents can change; source is not legal, market-share, reputation, or ownership proof; publication date was not consistently exposed.",NEEDS_RECHECK,NOT ASSIGNED,UNRESOLVED,UNRESOLVED,PAIR-065,NO,NO,RECHECK_REQUIRED,FAIL,https://nightschoolstudio.com/games/,ReadTimeout
SRC-DEC-STUDIO-NAME-001-131,DEC-STUDIO-NAME-001,Pazar örneklemi,market-research-director,Mobius Digital — official source,Official organisation source,https://www.mobiusdigitalgames.com/,Mobius Digital,2026-08-08,20:30:00+03:00,2026-08-08,United States,Mobius Digital official identity and current public presence,PRIMARY,MEDIUM,NONE KNOWN,HIGHLY_CHANGEABLE,2026-08-15,CNT-DEC-STUDIO-NAME-001-066:primary,"Direct URL captured for reproducible access; organisation-controlled source or direct platform record. INFERENCE: scale/form classifications are analytical coding, not source wording.","Availability and page contents can change; source is not legal, market-share, reputation, or ownership proof; publication date was not consistently exposed.",NEEDS_RECHECK,quality-assurance-director,ORG:www.mobiusdigitalgames.com,INDEPENDENT_PAIR_MEMBER,PAIR-066,NO,YES,RECHECK_REQUIRED,FAIL,https://www.mobiusdigitalgames.com/,ReadTimeout
SRC-DEC-STUDIO-NAME-001-132,DEC-STUDIO-NAME-001,Pazar örneklemi,market-research-director,Mobius Digital — corroborating evidence,Resmî şirket/kurum sayfası veya doğrudan resmî platform kaydı,https://www.mobiusdigitalgames.com/outer-wilds.html,UNRESOLVED,2026-08-08,20:30:00+03:00,NOT FOUND,United States,Mobius Digital markasının erişilebilir kurumsal veya ürün faaliyeti sinyalini destekler,PRIMARY,MEDIUM,NONE KNOWN,HIGHLY_CHANGEABLE,2026-08-15,CNT-DEC-STUDIO-NAME-001-066:corroborating,"Direct URL captured for reproducible access; organisation-controlled source or direct platform record. INFERENCE: scale/form classifications are analytical coding, not source wording.","Availability and page contents can change; source is not legal, market-share, reputation, or ownership proof; publication date was not consistently exposed.",NEEDS_RECHECK,NOT ASSIGNED,UNRESOLVED,UNRESOLVED,PAIR-066,NO,NO,RECHECK_REQUIRED,FAIL,https://www.mobiusdigitalgames.com/outer-wilds.html,ReadTimeout
SRC-DEC-STUDIO-NAME-001-133,DEC-STUDIO-NAME-001,Pazar örneklemi,market-research-director,DrinkBox Studios — official source,Official organisation source,https://www.drinkboxstudios.com/,DrinkBox Studios,2026-08-08,20:30:00+03:00,2026-08-08,Canada,DrinkBox Studios official identity and current public presence,PRIMARY,MEDIUM,NONE KNOWN,HIGHLY_CHANGEABLE,2026-08-15,CNT-DEC-STUDIO-NAME-001-067:primary,"Direct URL captured for reproducible access; organisation-controlled source or direct platform record. INFERENCE: scale/form classifications are analytical coding, not source wording.","Availability and page contents can change; source is not legal, market-share, reputation, or ownership proof; publication date was not consistently exposed.",NEEDS_RECHECK,quality-assurance-director,ORG:www.drinkboxstudios.com,INDEPENDENT_PAIR_MEMBER,PAIR-067,NO,YES,RECHECK_REQUIRED,FAIL,https://www.drinkboxstudios.com/,ConnectTimeout
SRC-DEC-STUDIO-NAME-001-134,DEC-STUDIO-NAME-001,Pazar örneklemi,market-research-director,DrinkBox Studios — corroborating evidence,Resmî şirket/kurum sayfası veya doğrudan resmî platform kaydı,https://www.drinkboxstudios.com/games,UNRESOLVED,2026-08-08,20:30:00+03:00,NOT FOUND,Canada,DrinkBox Studios markasının erişilebilir kurumsal veya ürün faaliyeti sinyalini destekler,PRIMARY,MEDIUM,NONE KNOWN,HIGHLY_CHANGEABLE,2026-08-15,CNT-DEC-STUDIO-NAME-001-067:corroborating,"Direct URL captured for reproducible access; organisation-controlled source or direct platform record. INFERENCE: scale/form classifications are analytical coding, not source wording.","Availability and page contents can change; source is not legal, market-share, reputation, or ownership proof; publication date was not consistently exposed.",NEEDS_RECHECK,NOT ASSIGNED,UNRESOLVED,UNRESOLVED,PAIR-067,NO,NO,RECHECK_REQUIRED,FAIL,https://www.drinkboxstudios.com/games,ReadTimeout
SRC-DEC-STUDIO-NAME-001-135,DEC-STUDIO-NAME-001,Pazar örneklemi,market-research-director,Kitfox Games — official source,Official organisation source,https://kitfoxgames.com/,Kitfox Games,2026-08-08,20:30:00+03:00,2026-08-08,Canada,Kitfox Games official identity and current public presence,PRIMARY,MEDIUM,NONE KNOWN,HIGHLY_CHANGEABLE,2026-08-15,CNT-DEC-STUDIO-NAME-001-068:primary,"Direct URL captured for reproducible access; organisation-controlled source or direct platform record. INFERENCE: scale/form classifications are analytical coding, not source wording.","Availability and page contents can change; source is not legal, market-share, reputation, or ownership proof; publication date was not consistently exposed.",NEEDS_RECHECK,quality-assurance-director,ORG:kitfoxgames.com,INDEPENDENT_PAIR_MEMBER,PAIR-068,NO,YES,RECHECK_REQUIRED,FAIL,https://kitfoxgames.com/,ConnectTimeout
SRC-DEC-STUDIO-NAME-001-136,DEC-STUDIO-NAME-001,Pazar örneklemi,market-research-director,Kitfox Games — corroborating evidence,Resmî şirket/kurum sayfası veya doğrudan resmî platform kaydı,https://kitfoxgames.com/games/,UNRESOLVED,2026-08-08,20:30:00+03:00,NOT FOUND,Canada,Kitfox Games markasının erişilebilir kurumsal veya ürün faaliyeti sinyalini destekler,PRIMARY,MEDIUM,NONE KNOWN,HIGHLY_CHANGEABLE,2026-08-15,CNT-DEC-STUDIO-NAME-001-068:corroborating,"Direct URL captured for reproducible access; organisation-controlled source or direct platform record. INFERENCE: scale/form classifications are analytical coding, not source wording.","Availability and page contents can change; source is not legal, market-share, reputation, or ownership proof; publication date was not consistently exposed.",NEEDS_RECHECK,NOT ASSIGNED,UNRESOLVED,UNRESOLVED,PAIR-068,NO,NO,RECHECK_REQUIRED,FAIL,https://kitfoxgames.com/games/,ConnectTimeout
SRC-DEC-STUDIO-NAME-001-137,DEC-STUDIO-NAME-001,Pazar örneklemi,market-research-director,Brace Yourself Games — official source,Official organisation source,https://braceyourselfgames.com/,Brace Yourself Games,2026-08-08,20:30:00+03:00,2026-08-08,Canada,Brace Yourself Games official identity and current public presence,PRIMARY,MEDIUM,NONE KNOWN,HIGHLY_CHANGEABLE,2026-08-15,CNT-DEC-STUDIO-NAME-001-069:primary,"Direct URL captured for reproducible access; organisation-controlled source or direct platform record. INFERENCE: scale/form classifications are analytical coding, not source wording.","Availability and page contents can change; source is not legal, market-share, reputation, or ownership proof; publication date was not consistently exposed.",NEEDS_RECHECK,quality-assurance-director,ORG:braceyourselfgames.com,INDEPENDENT_PAIR_MEMBER,PAIR-069,NO,YES,RECHECK_REQUIRED,FAIL,https://braceyourselfgames.com/,ConnectionError
SRC-DEC-STUDIO-NAME-001-138,DEC-STUDIO-NAME-001,Pazar örneklemi,market-research-director,Brace Yourself Games — corroborating evidence,Resmî şirket/kurum sayfası veya doğrudan resmî platform kaydı,https://braceyourselfgames.com/games/,UNRESOLVED,2026-08-08,20:30:00+03:00,NOT FOUND,Canada,Brace Yourself Games markasının erişilebilir kurumsal veya ürün faaliyeti sinyalini destekler,PRIMARY,MEDIUM,NONE KNOWN,HIGHLY_CHANGEABLE,2026-08-15,CNT-DEC-STUDIO-NAME-001-069:corroborating,"Direct URL captured for reproducible access; organisation-controlled source or direct platform record. INFERENCE: scale/form classifications are analytical coding, not source wording.","Availability and page contents can change; source is not legal, market-share, reputation, or ownership proof; publication date was not consistently exposed.",NEEDS_RECHECK,NOT ASSIGNED,UNRESOLVED,UNRESOLVED,PAIR-069,NO,NO,RECHECK_REQUIRED,FAIL,https://braceyourselfgames.com/games/,ConnectionError
SRC-DEC-STUDIO-NAME-001-139,DEC-STUDIO-NAME-001,Pazar örneklemi,market-research-director,Freebird Games — official source,Official organisation source,https://freebirdgames.com/,Freebird Games,2026-08-08,20:30:00+03:00,2026-08-08,Canada,Freebird Games official identity and current public presence,PRIMARY,MEDIUM,NONE KNOWN,HIGHLY_CHANGEABLE,2026-08-15,CNT-DEC-STUDIO-NAME-001-070:primary,"Direct URL captured for reproducible access; organisation-controlled source or direct platform record. INFERENCE: scale/form classifications are analytical coding, not source wording.","Availability and page contents can change; source is not legal, market-share, reputation, or ownership proof; publication date was not consistently exposed.",NEEDS_RECHECK,quality-assurance-director,ORG:freebirdgames.com,INDEPENDENT_PAIR_MEMBER,PAIR-070,NO,YES,RECHECK_REQUIRED,FAIL,https://freebirdgames.com/,ConnectionError
SRC-DEC-STUDIO-NAME-001-140,DEC-STUDIO-NAME-001,Pazar örneklemi,market-research-director,Freebird Games — corroborating evidence,Resmî şirket/kurum sayfası veya doğrudan resmî platform kaydı,https://freebirdgames.com/games/,UNRESOLVED,2026-08-08,20:30:00+03:00,NOT FOUND,Canada,Freebird Games markasının erişilebilir kurumsal veya ürün faaliyeti sinyalini destekler,PRIMARY,MEDIUM,NONE KNOWN,HIGHLY_CHANGEABLE,2026-08-15,CNT-DEC-STUDIO-NAME-001-070:corroborating,"Direct URL captured for reproducible access; organisation-controlled source or direct platform record. INFERENCE: scale/form classifications are analytical coding, not source wording.","Availability and page contents can change; source is not legal, market-share, reputation, or ownership proof; publication date was not consistently exposed.",NEEDS_RECHECK,NOT ASSIGNED,UNRESOLVED,UNRESOLVED,PAIR-070,NO,NO,RECHECK_REQUIRED,FAIL,https://freebirdgames.com/games/,ConnectionError
SRC-DEC-STUDIO-NAME-001-141,DEC-STUDIO-NAME-001,Pazar örneklemi,market-research-director,Studio MDHR — official source,Official organisation source,https://studiomdhr.com/,Studio MDHR,2026-08-08,20:30:00+03:00,2026-08-08,Canada,Studio MDHR official identity and current public presence,PRIMARY,MEDIUM,NONE KNOWN,HIGHLY_CHANGEABLE,2026-08-15,CNT-DEC-STUDIO-NAME-001-071:primary,"Direct URL captured for reproducible access; organisation-controlled source or direct platform record. INFERENCE: scale/form classifications are analytical coding, not source wording.","Availability and page contents can change; source is not legal, market-share, reputation, or ownership proof; publication date was not consistently exposed.",NEEDS_RECHECK,quality-assurance-director,ORG:studiomdhr.com,INDEPENDENT_PAIR_MEMBER,PAIR-071,NO,YES,RECHECK_REQUIRED,FAIL,https://studiomdhr.com/,ConnectTimeout
SRC-DEC-STUDIO-NAME-001-142,DEC-STUDIO-NAME-001,Pazar örneklemi,market-research-director,Studio MDHR — corroborating evidence,Resmî şirket/kurum sayfası veya doğrudan resmî platform kaydı,https://studiomdhr.com/game/,UNRESOLVED,2026-08-08,20:30:00+03:00,NOT FOUND,Canada,Studio MDHR markasının erişilebilir kurumsal veya ürün faaliyeti sinyalini destekler,PRIMARY,MEDIUM,NONE KNOWN,HIGHLY_CHANGEABLE,2026-08-15,CNT-DEC-STUDIO-NAME-001-071:corroborating,"Direct URL captured for reproducible access; organisation-controlled source or direct platform record. INFERENCE: scale/form classifications are analytical coding, not source wording.","Availability and page contents can change; source is not legal, market-share, reputation, or ownership proof; publication date was not consistently exposed.",NEEDS_RECHECK,NOT ASSIGNED,UNRESOLVED,UNRESOLVED,PAIR-071,NO,NO,RECHECK_REQUIRED,FAIL,https://studiomdhr.com/game/,ConnectTimeout
SRC-DEC-STUDIO-NAME-001-143,DEC-STUDIO-NAME-001,Pazar örneklemi,market-research-director,Team Cherry — official source,Official organisation source,https://www.teamcherry.com.au/,Team Cherry,2026-08-08,20:30:00+03:00,2026-08-08,Australia,Team Cherry official identity and current public presence,PRIMARY,MEDIUM,NONE KNOWN,HIGHLY_CHANGEABLE,2026-08-15,CNT-DEC-STUDIO-NAME-001-072:primary,"Direct URL captured for reproducible access; organisation-controlled source or direct platform record. INFERENCE: scale/form classifications are analytical coding, not source wording.","Availability and page contents can change; source is not legal, market-share, reputation, or ownership proof; publication date was not consistently exposed.",NEEDS_RECHECK,quality-assurance-director,ORG:www.teamcherry.com.au,INDEPENDENT_PAIR_MEMBER,PAIR-072,NO,YES,RECHECK_REQUIRED,FAIL,https://www.teamcherry.com.au/,SSLError
SRC-DEC-STUDIO-NAME-001-144,DEC-STUDIO-NAME-001,Pazar örneklemi,market-research-director,Team Cherry — corroborating evidence,Resmî şirket/kurum sayfası veya doğrudan resmî platform kaydı,https://www.hollowknightsilksong.com/,UNRESOLVED,2026-08-08,20:30:00+03:00,NOT FOUND,Australia,Team Cherry markasının erişilebilir kurumsal veya ürün faaliyeti sinyalini destekler,PRIMARY,MEDIUM,NONE KNOWN,HIGHLY_CHANGEABLE,2026-08-15,CNT-DEC-STUDIO-NAME-001-072:corroborating,"Direct URL captured for reproducible access; organisation-controlled source or direct platform record. INFERENCE: scale/form classifications are analytical coding, not source wording.","Availability and page contents can change; source is not legal, market-share, reputation, or ownership proof; publication date was not consistently exposed.",NEEDS_RECHECK,NOT ASSIGNED,UNRESOLVED,UNRESOLVED,PAIR-072,NO,NO,RECHECK_REQUIRED,FAIL,https://www.hollowknightsilksong.com/,SSLError
SRC-DEC-STUDIO-NAME-001-145,DEC-STUDIO-NAME-001,Pazar örneklemi,market-research-director,Witch Beam — official source,Official organisation source,https://www.witchbeam.com.au/,Witch Beam,2026-08-08,20:30:00+03:00,2026-08-08,Australia,Witch Beam official identity and current public presence,PRIMARY,MEDIUM,NONE KNOWN,HIGHLY_CHANGEABLE,2026-08-15,CNT-DEC-STUDIO-NAME-001-073:primary,"Direct URL captured for reproducible access; organisation-controlled source or direct platform record. INFERENCE: scale/form classifications are analytical coding, not source wording.","Availability and page contents can change; source is not legal, market-share, reputation, or ownership proof; publication date was not consistently exposed.",NEEDS_RECHECK,quality-assurance-director,ORG:www.witchbeam.com.au,INDEPENDENT_PAIR_MEMBER,PAIR-073,NO,YES,RECHECK_REQUIRED,FAIL,https://www.witchbeam.com.au/,ConnectTimeout
SRC-DEC-STUDIO-NAME-001-146,DEC-STUDIO-NAME-001,Pazar örneklemi,market-research-director,Witch Beam — corroborating evidence,Resmî şirket/kurum sayfası veya doğrudan resmî platform kaydı,https://www.unpackinggame.com/,UNRESOLVED,2026-08-08,20:30:00+03:00,NOT FOUND,Australia,Witch Beam markasının erişilebilir kurumsal veya ürün faaliyeti sinyalini destekler,PRIMARY,MEDIUM,NONE KNOWN,HIGHLY_CHANGEABLE,2026-08-15,CNT-DEC-STUDIO-NAME-001-073:corroborating,"Direct URL captured for reproducible access; organisation-controlled source or direct platform record. INFERENCE: scale/form classifications are analytical coding, not source wording.","Availability and page contents can change; source is not legal, market-share, reputation, or ownership proof; publication date was not consistently exposed.",NEEDS_RECHECK,NOT ASSIGNED,UNRESOLVED,UNRESOLVED,PAIR-073,NO,NO,RECHECK_REQUIRED,FAIL,https://www.unpackinggame.com/,ConnectTimeout
SRC-DEC-STUDIO-NAME-001-147,DEC-STUDIO-NAME-001,Pazar örneklemi,market-research-director,Beethoven & Dinosaur — official source,Official organisation source,https://www.beethovenanddinosaur.com/,Beethoven & Dinosaur,2026-08-08,20:30:00+03:00,2026-08-08,Australia,Beethoven & Dinosaur official identity and current public presence,PRIMARY,MEDIUM,NONE KNOWN,HIGHLY_CHANGEABLE,2026-08-15,CNT-DEC-STUDIO-NAME-001-074:primary,"Direct URL captured for reproducible access; organisation-controlled source or direct platform record. INFERENCE: scale/form classifications are analytical coding, not source wording.","Availability and page contents can change; source is not legal, market-share, reputation, or ownership proof; publication date was not consistently exposed.",NEEDS_RECHECK,quality-assurance-director,ORG:www.beethovenanddinosaur.com,INDEPENDENT_PAIR_MEMBER,PAIR-074,NO,YES,RECHECK_REQUIRED,FAIL,https://www.beethovenanddinosaur.com/,ConnectTimeout
SRC-DEC-STUDIO-NAME-001-148,DEC-STUDIO-NAME-001,Pazar örneklemi,market-research-director,Beethoven & Dinosaur — corroborating evidence,Resmî şirket/kurum sayfası veya doğrudan resmî platform kaydı,https://www.theartfulescape.com/,UNRESOLVED,2026-08-08,20:30:00+03:00,NOT FOUND,Australia,Beethoven & Dinosaur markasının erişilebilir kurumsal veya ürün faaliyeti sinyalini destekler,PRIMARY,MEDIUM,NONE KNOWN,HIGHLY_CHANGEABLE,2026-08-15,CNT-DEC-STUDIO-NAME-001-074:corroborating,"Direct URL captured for reproducible access; organisation-controlled source or direct platform record. INFERENCE: scale/form classifications are analytical coding, not source wording.","Availability and page contents can change; source is not legal, market-share, reputation, or ownership proof; publication date was not consistently exposed.",NEEDS_RECHECK,NOT ASSIGNED,UNRESOLVED,UNRESOLVED,PAIR-074,NO,NO,RECHECK_REQUIRED,FAIL,https://www.theartfulescape.com/,ConnectionError
SRC-DEC-STUDIO-NAME-001-149,DEC-STUDIO-NAME-001,Pazar örneklemi,market-research-director,Mojiken Studio — official source,Official organisation source,https://mojikenstudio.com/,Mojiken Studio,2026-08-08,20:30:00+03:00,2026-08-08,Indonesia,Mojiken Studio official identity and current public presence,PRIMARY,MEDIUM,NONE KNOWN,HIGHLY_CHANGEABLE,2026-08-15,CNT-DEC-STUDIO-NAME-001-075:primary,"Direct URL captured for reproducible access; organisation-controlled source or direct platform record. INFERENCE: scale/form classifications are analytical coding, not source wording.","Availability and page contents can change; source is not legal, market-share, reputation, or ownership proof; publication date was not consistently exposed.",NEEDS_RECHECK,quality-assurance-director,ORG:mojikenstudio.com,INDEPENDENT_PAIR_MEMBER,PAIR-075,NO,YES,RECHECK_REQUIRED,FAIL,https://mojikenstudio.com/,ConnectTimeout
SRC-DEC-STUDIO-NAME-001-150,DEC-STUDIO-NAME-001,Pazar örneklemi,market-research-director,Mojiken Studio — corroborating evidence,Resmî şirket/kurum sayfası veya doğrudan resmî platform kaydı,https://mojikenstudio.com/games/,UNRESOLVED,2026-08-08,20:30:00+03:00,NOT FOUND,Indonesia,Mojiken Studio markasının erişilebilir kurumsal veya ürün faaliyeti sinyalini destekler,PRIMARY,MEDIUM,NONE KNOWN,HIGHLY_CHANGEABLE,2026-08-15,CNT-DEC-STUDIO-NAME-001-075:corroborating,"Direct URL captured for reproducible access; organisation-controlled source or direct platform record. INFERENCE: scale/form classifications are analytical coding, not source wording.","Availability and page contents can change; source is not legal, market-share, reputation, or ownership proof; publication date was not consistently exposed.",NEEDS_RECHECK,NOT ASSIGNED,UNRESOLVED,UNRESOLVED,PAIR-075,NO,NO,RECHECK_REQUIRED,FAIL,https://mojikenstudio.com/games/,ConnectTimeout
SRC-DEC-STUDIO-NAME-001-151,DEC-STUDIO-NAME-001,Pazar örneklemi,market-research-director,Supercell — official source,Official organisation source,https://supercell.com/,Supercell,2026-08-08,20:30:00+03:00,2026-08-08,Finland,Supercell official identity and current public presence,PRIMARY,MEDIUM,NONE KNOWN,HIGHLY_CHANGEABLE,2026-08-15,CNT-DEC-STUDIO-NAME-001-076:primary,"Direct URL captured for reproducible access; organisation-controlled source or direct platform record. INFERENCE: scale/form classifications are analytical coding, not source wording.","Availability and page contents can change; source is not legal, market-share, reputation, or ownership proof; publication date was not consistently exposed.",NEEDS_RECHECK,quality-assurance-director,ORG:supercell.com,INDEPENDENT_PAIR_MEMBER,PAIR-076,NO,YES,RECHECK_REQUIRED,FAIL,https://supercell.com/,SSLError
SRC-DEC-STUDIO-NAME-001-152,DEC-STUDIO-NAME-001,Pazar örneklemi,market-research-director,Supercell — corroborating evidence,Resmî şirket/kurum sayfası veya doğrudan resmî platform kaydı,https://supercell.com/en/games/,UNRESOLVED,2026-08-08,20:30:00+03:00,NOT FOUND,Finland,Supercell markasının erişilebilir kurumsal veya ürün faaliyeti sinyalini destekler,PRIMARY,MEDIUM,NONE KNOWN,HIGHLY_CHANGEABLE,2026-08-15,CNT-DEC-STUDIO-NAME-001-076:corroborating,"Direct URL captured for reproducible access; organisation-controlled source or direct platform record. INFERENCE: scale/form classifications are analytical coding, not source wording.","Availability and page contents can change; source is not legal, market-share, reputation, or ownership proof; publication date was not consistently exposed.",NEEDS_RECHECK,NOT ASSIGNED,UNRESOLVED,UNRESOLVED,PAIR-076,NO,NO,RECHECK_REQUIRED,FAIL,https://supercell.com/en/games/,SSLError
SRC-DEC-STUDIO-NAME-001-153,DEC-STUDIO-NAME-001,Pazar örneklemi,market-research-director,Homa Games — official source,Official organisation source,https://www.homagames.com/,Homa Games,2026-08-08,20:30:00+03:00,2026-08-08,United Kingdom,Homa Games official identity and current public presence,PRIMARY,MEDIUM,NONE KNOWN,HIGHLY_CHANGEABLE,2026-08-15,CNT-DEC-STUDIO-NAME-001-077:primary,"Direct URL captured for reproducible access; organisation-controlled source or direct platform record. INFERENCE: scale/form classifications are analytical coding, not source wording.","Availability and page contents can change; source is not legal, market-share, reputation, or ownership proof; publication date was not consistently exposed.",NEEDS_RECHECK,quality-assurance-director,ORG:www.homagames.com,INDEPENDENT_PAIR_MEMBER,PAIR-077,NO,YES,RECHECK_REQUIRED,FAIL,https://www.homagames.com/,SSLError
SRC-DEC-STUDIO-NAME-001-154,DEC-STUDIO-NAME-001,Pazar örneklemi,market-research-director,King — corroborating evidence,Resmî şirket/kurum sayfası veya doğrudan resmî platform kaydı,https://www.king.com/games,UNRESOLVED,2026-08-08,20:30:00+03:00,NOT FOUND,United Kingdom,King markasının erişilebilir kurumsal veya ürün faaliyeti sinyalini destekler,PRIMARY,MEDIUM,NONE KNOWN,HIGHLY_CHANGEABLE,2026-08-15,CNT-DEC-STUDIO-NAME-001-077:corroborating,"Direct URL captured for reproducible access; organisation-controlled source or direct platform record. INFERENCE: scale/form classifications are analytical coding, not source wording.","Availability and page contents can change; source is not legal, market-share, reputation, or ownership proof; publication date was not consistently exposed.",NEEDS_RECHECK,NOT ASSIGNED,UNRESOLVED,UNRESOLVED,PAIR-077,NO,NO,RECHECK_REQUIRED,FAIL,https://www.king.com/games,SSLError
SRC-DEC-STUDIO-NAME-001-155,DEC-STUDIO-NAME-001,Pazar örneklemi,market-research-director,Scopely — official source,Official organisation source,https://www.scopely.com/,Scopely,2026-08-08,20:30:00+03:00,2026-08-08,United States,Scopely official identity and current public presence,PRIMARY,MEDIUM,NONE KNOWN,HIGHLY_CHANGEABLE,2026-08-15,CNT-DEC-STUDIO-NAME-001-078:primary,"Direct URL captured for reproducible access; organisation-controlled source or direct platform record. INFERENCE: scale/form classifications are analytical coding, not source wording.","Availability and page contents can change; source is not legal, market-share, reputation, or ownership proof; publication date was not consistently exposed.",NEEDS_RECHECK,quality-assurance-director,ORG:www.scopely.com,INDEPENDENT_PAIR_MEMBER,PAIR-078,NO,YES,RECHECK_REQUIRED,FAIL,https://www.scopely.com/,SSLError
SRC-DEC-STUDIO-NAME-001-156,DEC-STUDIO-NAME-001,Pazar örneklemi,market-research-director,Scopely — corroborating evidence,Resmî şirket/kurum sayfası veya doğrudan resmî platform kaydı,https://www.scopely.com/en/games,UNRESOLVED,2026-08-08,20:30:00+03:00,NOT FOUND,United States,Scopely markasının erişilebilir kurumsal veya ürün faaliyeti sinyalini destekler,PRIMARY,MEDIUM,NONE KNOWN,HIGHLY_CHANGEABLE,2026-08-15,CNT-DEC-STUDIO-NAME-001-078:corroborating,"Direct URL captured for reproducible access; organisation-controlled source or direct platform record. INFERENCE: scale/form classifications are analytical coding, not source wording.","Availability and page contents can change; source is not legal, market-share, reputation, or ownership proof; publication date was not consistently exposed.",NEEDS_RECHECK,NOT ASSIGNED,UNRESOLVED,UNRESOLVED,PAIR-078,NO,NO,RECHECK_REQUIRED,FAIL,https://www.scopely.com/en/games,SSLError
SRC-DEC-STUDIO-NAME-001-157,DEC-STUDIO-NAME-001,Pazar örneklemi,market-research-director,Zynga — official source,Official organisation source,https://www.zynga.com/,Zynga,2026-08-08,20:30:00+03:00,2026-08-08,United States,Zynga official identity and current public presence,PRIMARY,MEDIUM,NONE KNOWN,HIGHLY_CHANGEABLE,2026-08-15,CNT-DEC-STUDIO-NAME-001-079:primary,"Direct URL captured for reproducible access; organisation-controlled source or direct platform record. INFERENCE: scale/form classifications are analytical coding, not source wording.","Availability and page contents can change; source is not legal, market-share, reputation, or ownership proof; publication date was not consistently exposed.",NEEDS_RECHECK,quality-assurance-director,ORG:www.zynga.com,INDEPENDENT_PAIR_MEMBER,PAIR-079,NO,YES,RECHECK_REQUIRED,FAIL,https://www.zynga.com/,SSLError
SRC-DEC-STUDIO-NAME-001-158,DEC-STUDIO-NAME-001,Pazar örneklemi,market-research-director,Zynga — corroborating evidence,Resmî şirket/kurum sayfası veya doğrudan resmî platform kaydı,https://www.zynga.com/games/,UNRESOLVED,2026-08-08,20:30:00+03:00,NOT FOUND,United States,Zynga markasının erişilebilir kurumsal veya ürün faaliyeti sinyalini destekler,PRIMARY,MEDIUM,NONE KNOWN,HIGHLY_CHANGEABLE,2026-08-15,CNT-DEC-STUDIO-NAME-001-079:corroborating,"Direct URL captured for reproducible access; organisation-controlled source or direct platform record. INFERENCE: scale/form classifications are analytical coding, not source wording.","Availability and page contents can change; source is not legal, market-share, reputation, or ownership proof; publication date was not consistently exposed.",NEEDS_RECHECK,NOT ASSIGNED,UNRESOLVED,UNRESOLVED,PAIR-079,NO,NO,RECHECK_REQUIRED,FAIL,https://www.zynga.com/games/,SSLError
SRC-DEC-STUDIO-NAME-001-159,DEC-STUDIO-NAME-001,Pazar örneklemi,market-research-director,Niantic — official source,Official organisation source,https://nianticlabs.com/,Niantic,2026-08-08,20:30:00+03:00,2026-08-08,United States,Niantic official identity and current public presence,PRIMARY,MEDIUM,NONE KNOWN,HIGHLY_CHANGEABLE,2026-08-15,CNT-DEC-STUDIO-NAME-001-080:primary,"Direct URL captured for reproducible access; organisation-controlled source or direct platform record. INFERENCE: scale/form classifications are analytical coding, not source wording.","Availability and page contents can change; source is not legal, market-share, reputation, or ownership proof; publication date was not consistently exposed.",NEEDS_RECHECK,quality-assurance-director,ORG:nianticlabs.com,INDEPENDENT_PAIR_MEMBER,PAIR-080,NO,YES,RECHECK_REQUIRED,FAIL,https://nianticlabs.com/,SSLError
SRC-DEC-STUDIO-NAME-001-160,DEC-STUDIO-NAME-001,Pazar örneklemi,market-research-director,Niantic — corroborating evidence,Resmî şirket/kurum sayfası veya doğrudan resmî platform kaydı,https://nianticlabs.com/products,UNRESOLVED,2026-08-08,20:30:00+03:00,NOT FOUND,United States,Niantic markasının erişilebilir kurumsal veya ürün faaliyeti sinyalini destekler,PRIMARY,MEDIUM,NONE KNOWN,HIGHLY_CHANGEABLE,2026-08-15,CNT-DEC-STUDIO-NAME-001-080:corroborating,"Direct URL captured for reproducible access; organisation-controlled source or direct platform record. INFERENCE: scale/form classifications are analytical coding, not source wording.","Availability and page contents can change; source is not legal, market-share, reputation, or ownership proof; publication date was not consistently exposed.",NEEDS_RECHECK,NOT ASSIGNED,UNRESOLVED,UNRESOLVED,PAIR-080,NO,NO,RECHECK_REQUIRED,FAIL,https://nianticlabs.com/products,SSLError
SRC-DEC-STUDIO-NAME-001-161,DEC-STUDIO-NAME-001,Pazar örneklemi,market-research-director,Jam City — official source,Official organisation source,https://www.jamcity.com/,Jam City,2026-08-08,20:30:00+03:00,2026-08-08,United States,Jam City official identity and current public presence,PRIMARY,MEDIUM,NONE KNOWN,HIGHLY_CHANGEABLE,2026-08-15,CNT-DEC-STUDIO-NAME-001-081:primary,"Direct URL captured for reproducible access; organisation-controlled source or direct platform record. INFERENCE: scale/form classifications are analytical coding, not source wording.","Availability and page contents can change; source is not legal, market-share, reputation, or ownership proof; publication date was not consistently exposed.",NEEDS_RECHECK,quality-assurance-director,ORG:www.jamcity.com,INDEPENDENT_PAIR_MEMBER,PAIR-081,NO,YES,RECHECK_REQUIRED,FAIL,https://www.jamcity.com/,SSLError
SRC-DEC-STUDIO-NAME-001-162,DEC-STUDIO-NAME-001,Pazar örneklemi,market-research-director,Jam City — corroborating evidence,Resmî şirket/kurum sayfası veya doğrudan resmî platform kaydı,https://www.jamcity.com/games/,UNRESOLVED,2026-08-08,20:30:00+03:00,NOT FOUND,United States,Jam City markasının erişilebilir kurumsal veya ürün faaliyeti sinyalini destekler,PRIMARY,MEDIUM,NONE KNOWN,HIGHLY_CHANGEABLE,2026-08-15,CNT-DEC-STUDIO-NAME-001-081:corroborating,"Direct URL captured for reproducible access; organisation-controlled source or direct platform record. INFERENCE: scale/form classifications are analytical coding, not source wording.","Availability and page contents can change; source is not legal, market-share, reputation, or ownership proof; publication date was not consistently exposed.",NEEDS_RECHECK,NOT ASSIGNED,UNRESOLVED,UNRESOLVED,PAIR-081,NO,NO,RECHECK_REQUIRED,FAIL,https://www.jamcity.com/games/,SSLError
SRC-DEC-STUDIO-NAME-001-163,DEC-STUDIO-NAME-001,Pazar örneklemi,market-research-director,Playrix — official source,Official organisation source,https://playrix.com/,Playrix,2026-08-08,20:30:00+03:00,2026-08-08,Ireland,Playrix official identity and current public presence,PRIMARY,MEDIUM,NONE KNOWN,HIGHLY_CHANGEABLE,2026-08-15,CNT-DEC-STUDIO-NAME-001-082:primary,"Direct URL captured for reproducible access; organisation-controlled source or direct platform record. INFERENCE: scale/form classifications are analytical coding, not source wording.","Availability and page contents can change; source is not legal, market-share, reputation, or ownership proof; publication date was not consistently exposed.",NEEDS_RECHECK,quality-assurance-director,ORG:playrix.com,INDEPENDENT_PAIR_MEMBER,PAIR-082,NO,YES,RECHECK_REQUIRED,FAIL,https://playrix.com/,SSLError
SRC-DEC-STUDIO-NAME-001-164,DEC-STUDIO-NAME-001,Pazar örneklemi,market-research-director,Playrix — corroborating evidence,Resmî şirket/kurum sayfası veya doğrudan resmî platform kaydı,https://playrix.com/games/,UNRESOLVED,2026-08-08,20:30:00+03:00,NOT FOUND,Ireland,Playrix markasının erişilebilir kurumsal veya ürün faaliyeti sinyalini destekler,PRIMARY,MEDIUM,NONE KNOWN,HIGHLY_CHANGEABLE,2026-08-15,CNT-DEC-STUDIO-NAME-001-082:corroborating,"Direct URL captured for reproducible access; organisation-controlled source or direct platform record. INFERENCE: scale/form classifications are analytical coding, not source wording.","Availability and page contents can change; source is not legal, market-share, reputation, or ownership proof; publication date was not consistently exposed.",NEEDS_RECHECK,NOT ASSIGNED,UNRESOLVED,UNRESOLVED,PAIR-082,NO,NO,RECHECK_REQUIRED,FAIL,https://playrix.com/games/,SSLError
SRC-DEC-STUDIO-NAME-001-165,DEC-STUDIO-NAME-001,Pazar örneklemi,market-research-director,Moon Active — official source,Official organisation source,https://www.moonactive.com/,Moon Active,2026-08-08,20:30:00+03:00,2026-08-08,Israel,Moon Active official identity and current public presence,PRIMARY,MEDIUM,NONE KNOWN,HIGHLY_CHANGEABLE,2026-08-15,CNT-DEC-STUDIO-NAME-001-083:primary,"Direct URL captured for reproducible access; organisation-controlled source or direct platform record. INFERENCE: scale/form classifications are analytical coding, not source wording.","Availability and page contents can change; source is not legal, market-share, reputation, or ownership proof; publication date was not consistently exposed.",NEEDS_RECHECK,quality-assurance-director,ORG:www.moonactive.com,INDEPENDENT_PAIR_MEMBER,PAIR-083,NO,YES,RECHECK_REQUIRED,FAIL,https://www.moonactive.com/,SSLError
SRC-DEC-STUDIO-NAME-001-166,DEC-STUDIO-NAME-001,Pazar örneklemi,market-research-director,Moon Active — corroborating evidence,Resmî şirket/kurum sayfası veya doğrudan resmî platform kaydı,https://www.moonactive.com/games/,UNRESOLVED,2026-08-08,20:30:00+03:00,NOT FOUND,Israel,Moon Active markasının erişilebilir kurumsal veya ürün faaliyeti sinyalini destekler,PRIMARY,MEDIUM,NONE KNOWN,HIGHLY_CHANGEABLE,2026-08-15,CNT-DEC-STUDIO-NAME-001-083:corroborating,"Direct URL captured for reproducible access; organisation-controlled source or direct platform record. INFERENCE: scale/form classifications are analytical coding, not source wording.","Availability and page contents can change; source is not legal, market-share, reputation, or ownership proof; publication date was not consistently exposed.",NEEDS_RECHECK,NOT ASSIGNED,UNRESOLVED,UNRESOLVED,PAIR-083,NO,NO,RECHECK_REQUIRED,FAIL,https://www.moonactive.com/games/,SSLError
SRC-DEC-STUDIO-NAME-001-167,DEC-STUDIO-NAME-001,Pazar örneklemi,market-research-director,Miniclip — official source,Official organisation source,https://www.miniclip.com/,Miniclip,2026-08-08,20:30:00+03:00,2026-08-08,Switzerland,Miniclip official identity and current public presence,PRIMARY,MEDIUM,NONE KNOWN,HIGHLY_CHANGEABLE,2026-08-15,CNT-DEC-STUDIO-NAME-001-084:primary,"Direct URL captured for reproducible access; organisation-controlled source or direct platform record. INFERENCE: scale/form classifications are analytical coding, not source wording.","Availability and page contents can change; source is not legal, market-share, reputation, or ownership proof; publication date was not consistently exposed.",NEEDS_RECHECK,quality-assurance-director,ORG:www.miniclip.com,INDEPENDENT_PAIR_MEMBER,PAIR-084,NO,YES,RECHECK_REQUIRED,FAIL,https://www.miniclip.com/,SSLError
SRC-DEC-STUDIO-NAME-001-168,DEC-STUDIO-NAME-001,Pazar örneklemi,market-research-director,Miniclip — corroborating evidence,Resmî şirket/kurum sayfası veya doğrudan resmî platform kaydı,https://www.miniclip.com/games,UNRESOLVED,2026-08-08,20:30:00+03:00,NOT FOUND,Switzerland,Miniclip markasının erişilebilir kurumsal veya ürün faaliyeti sinyalini destekler,PRIMARY,MEDIUM,NONE KNOWN,HIGHLY_CHANGEABLE,2026-08-15,CNT-DEC-STUDIO-NAME-001-084:corroborating,"Direct URL captured for reproducible access; organisation-controlled source or direct platform record. INFERENCE: scale/form classifications are analytical coding, not source wording.","Availability and page contents can change; source is not legal, market-share, reputation, or ownership proof; publication date was not consistently exposed.",NEEDS_RECHECK,NOT ASSIGNED,UNRESOLVED,UNRESOLVED,PAIR-084,NO,NO,RECHECK_REQUIRED,FAIL,https://www.miniclip.com/games,SSLError
SRC-DEC-STUDIO-NAME-001-169,DEC-STUDIO-NAME-001,Pazar örneklemi,market-research-director,Voodoo — official source,Official organisation source,https://www.voodoo.io/,Voodoo,2026-08-08,20:30:00+03:00,2026-08-08,France,Voodoo official identity and current public presence,PRIMARY,MEDIUM,NONE KNOWN,HIGHLY_CHANGEABLE,2026-08-15,CNT-DEC-STUDIO-NAME-001-085:primary,"Direct URL captured for reproducible access; organisation-controlled source or direct platform record. INFERENCE: scale/form classifications are analytical coding, not source wording.","Availability and page contents can change; source is not legal, market-share, reputation, or ownership proof; publication date was not consistently exposed.",NEEDS_RECHECK,quality-assurance-director,ORG:www.voodoo.io,INDEPENDENT_PAIR_MEMBER,PAIR-085,NO,YES,RECHECK_REQUIRED,FAIL,https://www.voodoo.io/,SSLError
SRC-DEC-STUDIO-NAME-001-170,DEC-STUDIO-NAME-001,Pazar örneklemi,market-research-director,Voodoo — corroborating evidence,Resmî şirket/kurum sayfası veya doğrudan resmî platform kaydı,https://www.voodoo.io/games,UNRESOLVED,2026-08-08,20:30:00+03:00,NOT FOUND,France,Voodoo markasının erişilebilir kurumsal veya ürün faaliyeti sinyalini destekler,PRIMARY,MEDIUM,NONE KNOWN,HIGHLY_CHANGEABLE,2026-08-15,CNT-DEC-STUDIO-NAME-001-085:corroborating,"Direct URL captured for reproducible access; organisation-controlled source or direct platform record. INFERENCE: scale/form classifications are analytical coding, not source wording.","Availability and page contents can change; source is not legal, market-share, reputation, or ownership proof; publication date was not consistently exposed.",NEEDS_RECHECK,NOT ASSIGNED,UNRESOLVED,UNRESOLVED,PAIR-085,NO,NO,RECHECK_REQUIRED,FAIL,https://www.voodoo.io/games,SSLError
SRC-DEC-STUDIO-NAME-001-171,DEC-STUDIO-NAME-001,Pazar örneklemi,market-research-director,Rollic — official source,Official organisation source,https://www.rollicgames.com/,Rollic,2026-08-08,20:30:00+03:00,2026-08-08,Türkiye,Rollic official identity and current public presence,PRIMARY,MEDIUM,NONE KNOWN,HIGHLY_CHANGEABLE,2026-08-15,CNT-DEC-STUDIO-NAME-001-086:primary,"Direct URL captured for reproducible access; organisation-controlled source or direct platform record. INFERENCE: scale/form classifications are analytical coding, not source wording.","Availability and page contents can change; source is not legal, market-share, reputation, or ownership proof; publication date was not consistently exposed.",REVIEWED,quality-assurance-director,ORG:www.rollicgames.com,INDEPENDENT_PAIR_MEMBER,PAIR-086,YES,YES,VERIFIED_ACCESSIBLE,PASS,https://www.rollicgames.com/,NONE
SRC-DEC-STUDIO-NAME-001-172,DEC-STUDIO-NAME-001,Pazar örneklemi,market-research-director,Rollic — corroborating evidence,Resmî şirket/kurum sayfası veya doğrudan resmî platform kaydı,https://www.rollicgames.com/games,UNRESOLVED,2026-08-08,20:30:00+03:00,NOT FOUND,Türkiye,Rollic markasının erişilebilir kurumsal veya ürün faaliyeti sinyalini destekler,PRIMARY,MEDIUM,NONE KNOWN,HIGHLY_CHANGEABLE,2026-08-15,CNT-DEC-STUDIO-NAME-001-086:corroborating,"Direct URL captured for reproducible access; organisation-controlled source or direct platform record. INFERENCE: scale/form classifications are analytical coding, not source wording.","Availability and page contents can change; source is not legal, market-share, reputation, or ownership proof; publication date was not consistently exposed.",NEEDS_RECHECK,NOT ASSIGNED,UNRESOLVED,UNRESOLVED,PAIR-086,NO,NO,RECHECK_REQUIRED,FAIL,https://www.rollicgames.com/games,ReadTimeout
SRC-DEC-STUDIO-NAME-001-173,DEC-STUDIO-NAME-001,Pazar örneklemi,market-research-director,Dream Games — official source,Official organisation source,https://dreamgames.com/,Dream Games,2026-08-08,20:30:00+03:00,2026-08-08,Türkiye,Dream Games official identity and current public presence,PRIMARY,MEDIUM,NONE KNOWN,HIGHLY_CHANGEABLE,2026-08-15,CNT-DEC-STUDIO-NAME-001-087:primary,"Direct URL captured for reproducible access; organisation-controlled source or direct platform record. INFERENCE: scale/form classifications are analytical coding, not source wording.","Availability and page contents can change; source is not legal, market-share, reputation, or ownership proof; publication date was not consistently exposed.",NEEDS_RECHECK,quality-assurance-director,ORG:dreamgames.com,INDEPENDENT_PAIR_MEMBER,PAIR-087,NO,YES,RECHECK_REQUIRED,FAIL,https://dreamgames.com/,ConnectionError
SRC-DEC-STUDIO-NAME-001-174,DEC-STUDIO-NAME-001,Pazar örneklemi,market-research-director,Dream Games — corroborating evidence,Resmî şirket/kurum sayfası veya doğrudan resmî platform kaydı,https://dreamgames.com/games,UNRESOLVED,2026-08-08,20:30:00+03:00,NOT FOUND,Türkiye,Dream Games markasının erişilebilir kurumsal veya ürün faaliyeti sinyalini destekler,PRIMARY,MEDIUM,NONE KNOWN,HIGHLY_CHANGEABLE,2026-08-15,CNT-DEC-STUDIO-NAME-001-087:corroborating,"Direct URL captured for reproducible access; organisation-controlled source or direct platform record. INFERENCE: scale/form classifications are analytical coding, not source wording.","Availability and page contents can change; source is not legal, market-share, reputation, or ownership proof; publication date was not consistently exposed.",NEEDS_RECHECK,NOT ASSIGNED,UNRESOLVED,UNRESOLVED,PAIR-087,NO,NO,RECHECK_REQUIRED,FAIL,https://dreamgames.com/games,ConnectionError
SRC-DEC-STUDIO-NAME-001-175,DEC-STUDIO-NAME-001,Pazar örneklemi,market-research-director,Peak — official source,Official organisation source,https://peak.com/,Peak,2026-08-08,20:30:00+03:00,2026-08-08,Türkiye,Peak official identity and current public presence,PRIMARY,MEDIUM,NONE KNOWN,HIGHLY_CHANGEABLE,2026-08-15,CNT-DEC-STUDIO-NAME-001-088:primary,"Direct URL captured for reproducible access; organisation-controlled source or direct platform record. INFERENCE: scale/form classifications are analytical coding, not source wording.","Availability and page contents can change; source is not legal, market-share, reputation, or ownership proof; publication date was not consistently exposed.",NEEDS_RECHECK,quality-assurance-director,ORG:peak.com,INDEPENDENT_PAIR_MEMBER,PAIR-088,NO,YES,RECHECK_REQUIRED,FAIL,https://peak.com/,SSLError
SRC-DEC-STUDIO-NAME-001-176,DEC-STUDIO-NAME-001,Pazar örneklemi,market-research-director,Peak — corroborating evidence,Resmî şirket/kurum sayfası veya doğrudan resmî platform kaydı,https://peak.com/games,UNRESOLVED,2026-08-08,20:30:00+03:00,NOT FOUND,Türkiye,Peak markasının erişilebilir kurumsal veya ürün faaliyeti sinyalini destekler,PRIMARY,MEDIUM,NONE KNOWN,HIGHLY_CHANGEABLE,2026-08-15,CNT-DEC-STUDIO-NAME-001-088:corroborating,"Direct URL captured for reproducible access; organisation-controlled source or direct platform record. INFERENCE: scale/form classifications are analytical coding, not source wording.","Availability and page contents can change; source is not legal, market-share, reputation, or ownership proof; publication date was not consistently exposed.",NEEDS_RECHECK,NOT ASSIGNED,UNRESOLVED,UNRESOLVED,PAIR-088,NO,NO,RECHECK_REQUIRED,FAIL,https://peak.com/games,SSLError
SRC-DEC-STUDIO-NAME-001-177,DEC-STUDIO-NAME-001,Pazar örneklemi,market-research-director,Good Job Games — official source,Official organisation source,https://goodjobgames.com/,Good Job Games,2026-08-08,20:30:00+03:00,2026-08-08,Türkiye,Good Job Games official identity and current public presence,PRIMARY,MEDIUM,NONE KNOWN,HIGHLY_CHANGEABLE,2026-08-15,CNT-DEC-STUDIO-NAME-001-089:primary,"Direct URL captured for reproducible access; organisation-controlled source or direct platform record. INFERENCE: scale/form classifications are analytical coding, not source wording.","Availability and page contents can change; source is not legal, market-share, reputation, or ownership proof; publication date was not consistently exposed.",NEEDS_RECHECK,quality-assurance-director,ORG:goodjobgames.com,INDEPENDENT_PAIR_MEMBER,PAIR-089,NO,YES,RECHECK_REQUIRED,FAIL,https://goodjobgames.com/,SSLError
SRC-DEC-STUDIO-NAME-001-178,DEC-STUDIO-NAME-001,Pazar örneklemi,market-research-director,Good Job Games — corroborating evidence,Resmî şirket/kurum sayfası veya doğrudan resmî platform kaydı,https://goodjobgames.com/games,UNRESOLVED,2026-08-08,20:30:00+03:00,NOT FOUND,Türkiye,Good Job Games markasının erişilebilir kurumsal veya ürün faaliyeti sinyalini destekler,PRIMARY,MEDIUM,NONE KNOWN,HIGHLY_CHANGEABLE,2026-08-15,CNT-DEC-STUDIO-NAME-001-089:corroborating,"Direct URL captured for reproducible access; organisation-controlled source or direct platform record. INFERENCE: scale/form classifications are analytical coding, not source wording.","Availability and page contents can change; source is not legal, market-share, reputation, or ownership proof; publication date was not consistently exposed.",NEEDS_RECHECK,NOT ASSIGNED,UNRESOLVED,UNRESOLVED,PAIR-089,NO,NO,RECHECK_REQUIRED,FAIL,https://goodjobgames.com/games,SSLError
SRC-DEC-STUDIO-NAME-001-179,DEC-STUDIO-NAME-001,Pazar örneklemi,market-research-director,Spyke Games — official source,Official organisation source,https://spyke.games/,Spyke Games,2026-08-08,20:30:00+03:00,2026-08-08,Türkiye,Spyke Games official identity and current public presence,PRIMARY,MEDIUM,NONE KNOWN,HIGHLY_CHANGEABLE,2026-08-15,CNT-DEC-STUDIO-NAME-001-090:primary,"Direct URL captured for reproducible access; organisation-controlled source or direct platform record. INFERENCE: scale/form classifications are analytical coding, not source wording.","Availability and page contents can change; source is not legal, market-share, reputation, or ownership proof; publication date was not consistently exposed.",NEEDS_RECHECK,quality-assurance-director,ORG:spyke.games,INDEPENDENT_PAIR_MEMBER,PAIR-090,NO,YES,RECHECK_REQUIRED,FAIL,https://spyke.games/,SSLError
SRC-DEC-STUDIO-NAME-001-180,DEC-STUDIO-NAME-001,Pazar örneklemi,market-research-director,Spyke Games — corroborating evidence,Resmî şirket/kurum sayfası veya doğrudan resmî platform kaydı,https://spyke.games/games,UNRESOLVED,2026-08-08,20:30:00+03:00,NOT FOUND,Türkiye,Spyke Games markasının erişilebilir kurumsal veya ürün faaliyeti sinyalini destekler,PRIMARY,MEDIUM,NONE KNOWN,HIGHLY_CHANGEABLE,2026-08-15,CNT-DEC-STUDIO-NAME-001-090:corroborating,"Direct URL captured for reproducible access; organisation-controlled source or direct platform record. INFERENCE: scale/form classifications are analytical coding, not source wording.","Availability and page contents can change; source is not legal, market-share, reputation, or ownership proof; publication date was not consistently exposed.",NEEDS_RECHECK,NOT ASSIGNED,UNRESOLVED,UNRESOLVED,PAIR-090,NO,NO,RECHECK_REQUIRED,FAIL,https://spyke.games/games,SSLError
SRC-DEC-STUDIO-NAME-001-181,DEC-STUDIO-NAME-001,Pazar örneklemi,market-research-director,Ace Games — official source,Official organisation source,https://ace.games/,Ace Games,2026-08-08,20:30:00+03:00,2026-08-08,Türkiye,Ace Games official identity and current public presence,PRIMARY,MEDIUM,NONE KNOWN,HIGHLY_CHANGEABLE,2026-08-15,CNT-DEC-STUDIO-NAME-001-091:primary,"Direct URL captured for reproducible access; organisation-controlled source or direct platform record. INFERENCE: scale/form classifications are analytical coding, not source wording.","Availability and page contents can change; source is not legal, market-share, reputation, or ownership proof; publication date was not consistently exposed.",NEEDS_RECHECK,quality-assurance-director,ORG:ace.games,INDEPENDENT_PAIR_MEMBER,PAIR-091,NO,YES,RECHECK_REQUIRED,FAIL,https://ace.games/,SSLError
SRC-DEC-STUDIO-NAME-001-182,DEC-STUDIO-NAME-001,Pazar örneklemi,market-research-director,Ace Games — corroborating evidence,Resmî şirket/kurum sayfası veya doğrudan resmî platform kaydı,https://ace.games/games/,UNRESOLVED,2026-08-08,20:30:00+03:00,NOT FOUND,Türkiye,Ace Games markasının erişilebilir kurumsal veya ürün faaliyeti sinyalini destekler,PRIMARY,MEDIUM,NONE KNOWN,HIGHLY_CHANGEABLE,2026-08-15,CNT-DEC-STUDIO-NAME-001-091:corroborating,"Direct URL captured for reproducible access; organisation-controlled source or direct platform record. INFERENCE: scale/form classifications are analytical coding, not source wording.","Availability and page contents can change; source is not legal, market-share, reputation, or ownership proof; publication date was not consistently exposed.",NEEDS_RECHECK,NOT ASSIGNED,UNRESOLVED,UNRESOLVED,PAIR-091,NO,NO,RECHECK_REQUIRED,FAIL,https://ace.games/games/,SSLError
SRC-DEC-STUDIO-NAME-001-183,DEC-STUDIO-NAME-001,Pazar örneklemi,market-research-director,Tilting Point — official source,Official organisation source,https://www.tiltingpoint.com/,Tilting Point,2026-08-08,20:30:00+03:00,2026-08-08,United States,Tilting Point official identity and current public presence,PRIMARY,MEDIUM,NONE KNOWN,HIGHLY_CHANGEABLE,2026-08-15,CNT-DEC-STUDIO-NAME-001-092:primary,"Direct URL captured for reproducible access; organisation-controlled source or direct platform record. INFERENCE: scale/form classifications are analytical coding, not source wording.","Availability and page contents can change; source is not legal, market-share, reputation, or ownership proof; publication date was not consistently exposed.",NEEDS_RECHECK,quality-assurance-director,ORG:www.tiltingpoint.com,INDEPENDENT_PAIR_MEMBER,PAIR-092,NO,YES,RECHECK_REQUIRED,FAIL,https://www.tiltingpoint.com/,SSLError
SRC-DEC-STUDIO-NAME-001-184,DEC-STUDIO-NAME-001,Pazar örneklemi,market-research-director,Tilting Point — corroborating evidence,Resmî şirket/kurum sayfası veya doğrudan resmî platform kaydı,https://www.tiltingpoint.com/games/,UNRESOLVED,2026-08-08,20:30:00+03:00,NOT FOUND,United States,Tilting Point markasının erişilebilir kurumsal veya ürün faaliyeti sinyalini destekler,PRIMARY,MEDIUM,NONE KNOWN,HIGHLY_CHANGEABLE,2026-08-15,CNT-DEC-STUDIO-NAME-001-092:corroborating,"Direct URL captured for reproducible access; organisation-controlled source or direct platform record. INFERENCE: scale/form classifications are analytical coding, not source wording.","Availability and page contents can change; source is not legal, market-share, reputation, or ownership proof; publication date was not consistently exposed.",NEEDS_RECHECK,NOT ASSIGNED,UNRESOLVED,UNRESOLVED,PAIR-092,NO,NO,RECHECK_REQUIRED,FAIL,https://www.tiltingpoint.com/games/,SSLError
SRC-DEC-STUDIO-NAME-001-185,DEC-STUDIO-NAME-001,Pazar örneklemi,market-research-director,Kabam — official source,Official organisation source,https://kabam.com/,Kabam,2026-08-08,20:30:00+03:00,2026-08-08,Canada,Kabam official identity and current public presence,PRIMARY,MEDIUM,NONE KNOWN,HIGHLY_CHANGEABLE,2026-08-15,CNT-DEC-STUDIO-NAME-001-093:primary,"Direct URL captured for reproducible access; organisation-controlled source or direct platform record. INFERENCE: scale/form classifications are analytical coding, not source wording.","Availability and page contents can change; source is not legal, market-share, reputation, or ownership proof; publication date was not consistently exposed.",NEEDS_RECHECK,quality-assurance-director,ORG:kabam.com,INDEPENDENT_PAIR_MEMBER,PAIR-093,NO,YES,RECHECK_REQUIRED,FAIL,https://kabam.com/,SSLError
SRC-DEC-STUDIO-NAME-001-186,DEC-STUDIO-NAME-001,Pazar örneklemi,market-research-director,Kabam — corroborating evidence,Resmî şirket/kurum sayfası veya doğrudan resmî platform kaydı,https://kabam.com/games/,UNRESOLVED,2026-08-08,20:30:00+03:00,NOT FOUND,Canada,Kabam markasının erişilebilir kurumsal veya ürün faaliyeti sinyalini destekler,PRIMARY,MEDIUM,NONE KNOWN,HIGHLY_CHANGEABLE,2026-08-15,CNT-DEC-STUDIO-NAME-001-093:corroborating,"Direct URL captured for reproducible access; organisation-controlled source or direct platform record. INFERENCE: scale/form classifications are analytical coding, not source wording.","Availability and page contents can change; source is not legal, market-share, reputation, or ownership proof; publication date was not consistently exposed.",NEEDS_RECHECK,NOT ASSIGNED,UNRESOLVED,UNRESOLVED,PAIR-093,NO,NO,RECHECK_REQUIRED,FAIL,https://kabam.com/games/,SSLError
SRC-DEC-STUDIO-NAME-001-187,DEC-STUDIO-NAME-001,Pazar örneklemi,market-research-director,Lilith Games — official source,Official organisation source,https://www.lilith.com/,Lilith Games,2026-08-08,20:30:00+03:00,2026-08-08,China,Lilith Games official identity and current public presence,PRIMARY,MEDIUM,NONE KNOWN,HIGHLY_CHANGEABLE,2026-08-15,CNT-DEC-STUDIO-NAME-001-094:primary,"Direct URL captured for reproducible access; organisation-controlled source or direct platform record. INFERENCE: scale/form classifications are analytical coding, not source wording.","Availability and page contents can change; source is not legal, market-share, reputation, or ownership proof; publication date was not consistently exposed.",NEEDS_RECHECK,quality-assurance-director,ORG:www.lilith.com,INDEPENDENT_PAIR_MEMBER,PAIR-094,NO,YES,RECHECK_REQUIRED,FAIL,https://www.lilith.com/,SSLError
SRC-DEC-STUDIO-NAME-001-188,DEC-STUDIO-NAME-001,Pazar örneklemi,market-research-director,Lilith Games — corroborating evidence,Resmî şirket/kurum sayfası veya doğrudan resmî platform kaydı,https://www.lilith.com/game,UNRESOLVED,2026-08-08,20:30:00+03:00,NOT FOUND,China,Lilith Games markasının erişilebilir kurumsal veya ürün faaliyeti sinyalini destekler,PRIMARY,MEDIUM,NONE KNOWN,HIGHLY_CHANGEABLE,2026-08-15,CNT-DEC-STUDIO-NAME-001-094:corroborating,"Direct URL captured for reproducible access; organisation-controlled source or direct platform record. INFERENCE: scale/form classifications are analytical coding, not source wording.","Availability and page contents can change; source is not legal, market-share, reputation, or ownership proof; publication date was not consistently exposed.",NEEDS_RECHECK,NOT ASSIGNED,UNRESOLVED,UNRESOLVED,PAIR-094,NO,NO,RECHECK_REQUIRED,FAIL,https://www.lilith.com/game,SSLError
SRC-DEC-STUDIO-NAME-001-189,DEC-STUDIO-NAME-001,Pazar örneklemi,market-research-director,Yoozoo Games — official source,Official organisation source,https://www.yoozoo.com/,Yoozoo Games,2026-08-08,20:30:00+03:00,2026-08-08,China,Yoozoo Games official identity and current public presence,PRIMARY,MEDIUM,NONE KNOWN,HIGHLY_CHANGEABLE,2026-08-15,CNT-DEC-STUDIO-NAME-001-095:primary,"Direct URL captured for reproducible access; organisation-controlled source or direct platform record. INFERENCE: scale/form classifications are analytical coding, not source wording.","Availability and page contents can change; source is not legal, market-share, reputation, or ownership proof; publication date was not consistently exposed.",NEEDS_RECHECK,quality-assurance-director,ORG:www.yoozoo.com,INDEPENDENT_PAIR_MEMBER,PAIR-095,NO,YES,RECHECK_REQUIRED,FAIL,https://www.yoozoo.com/,ConnectionError
SRC-DEC-STUDIO-NAME-001-190,DEC-STUDIO-NAME-001,Pazar örneklemi,market-research-director,Yoozoo Games — corroborating evidence,Resmî şirket/kurum sayfası veya doğrudan resmî platform kaydı,https://www.yoozoo.com/product.html,UNRESOLVED,2026-08-08,20:30:00+03:00,NOT FOUND,China,Yoozoo Games markasının erişilebilir kurumsal veya ürün faaliyeti sinyalini destekler,PRIMARY,MEDIUM,NONE KNOWN,HIGHLY_CHANGEABLE,2026-08-15,CNT-DEC-STUDIO-NAME-001-095:corroborating,"Direct URL captured for reproducible access; organisation-controlled source or direct platform record. INFERENCE: scale/form classifications are analytical coding, not source wording.","Availability and page contents can change; source is not legal, market-share, reputation, or ownership proof; publication date was not consistently exposed.",NEEDS_RECHECK,NOT ASSIGNED,UNRESOLVED,UNRESOLVED,PAIR-095,NO,NO,RECHECK_REQUIRED,FAIL,https://www.yoozoo.com/product.html,ConnectionError
SRC-DEC-STUDIO-NAME-001-191,DEC-STUDIO-NAME-001,Pazar örneklemi,market-research-director,Com2uS — official source,Official organisation source,https://www.com2us.com/,Com2uS,2026-08-08,20:30:00+03:00,2026-08-08,South Korea,Com2uS official identity and current public presence,PRIMARY,MEDIUM,NONE KNOWN,HIGHLY_CHANGEABLE,2026-08-15,CNT-DEC-STUDIO-NAME-001-096:primary,"Direct URL captured for reproducible access; organisation-controlled source or direct platform record. INFERENCE: scale/form classifications are analytical coding, not source wording.","Availability and page contents can change; source is not legal, market-share, reputation, or ownership proof; publication date was not consistently exposed.",NEEDS_RECHECK,quality-assurance-director,ORG:www.com2us.com,INDEPENDENT_PAIR_MEMBER,PAIR-096,NO,YES,RECHECK_REQUIRED,FAIL,https://www.com2us.com/,SSLError
SRC-DEC-STUDIO-NAME-001-192,DEC-STUDIO-NAME-001,Pazar örneklemi,market-research-director,Com2uS — corroborating evidence,Resmî şirket/kurum sayfası veya doğrudan resmî platform kaydı,https://www.com2us.com/game,UNRESOLVED,2026-08-08,20:30:00+03:00,NOT FOUND,South Korea,Com2uS markasının erişilebilir kurumsal veya ürün faaliyeti sinyalini destekler,PRIMARY,MEDIUM,NONE KNOWN,HIGHLY_CHANGEABLE,2026-08-15,CNT-DEC-STUDIO-NAME-001-096:corroborating,"Direct URL captured for reproducible access; organisation-controlled source or direct platform record. INFERENCE: scale/form classifications are analytical coding, not source wording.","Availability and page contents can change; source is not legal, market-share, reputation, or ownership proof; publication date was not consistently exposed.",NEEDS_RECHECK,NOT ASSIGNED,UNRESOLVED,UNRESOLVED,PAIR-096,NO,NO,RECHECK_REQUIRED,FAIL,https://www.com2us.com/game,SSLError
SRC-DEC-STUDIO-NAME-001-193,DEC-STUDIO-NAME-001,Pazar örneklemi,market-research-director,Netmarble — official source,Official organisation source,https://company.netmarble.com/en,Netmarble,2026-08-08,20:30:00+03:00,2026-08-08,South Korea,Netmarble official identity and current public presence,PRIMARY,MEDIUM,NONE KNOWN,HIGHLY_CHANGEABLE,2026-08-15,CNT-DEC-STUDIO-NAME-001-097:primary,"Direct URL captured for reproducible access; organisation-controlled source or direct platform record. INFERENCE: scale/form classifications are analytical coding, not source wording.","Availability and page contents can change; source is not legal, market-share, reputation, or ownership proof; publication date was not consistently exposed.",NEEDS_RECHECK,quality-assurance-director,ORG:company.netmarble.com,INDEPENDENT_PAIR_MEMBER,PAIR-097,NO,YES,RECHECK_REQUIRED,FAIL,https://company.netmarble.com/en,SSLError
SRC-DEC-STUDIO-NAME-001-194,DEC-STUDIO-NAME-001,Pazar örneklemi,market-research-director,Netmarble — corroborating evidence,Resmî şirket/kurum sayfası veya doğrudan resmî platform kaydı,https://company.netmarble.com/en/business/game,UNRESOLVED,2026-08-08,20:30:00+03:00,NOT FOUND,South Korea,Netmarble markasının erişilebilir kurumsal veya ürün faaliyeti sinyalini destekler,PRIMARY,MEDIUM,NONE KNOWN,HIGHLY_CHANGEABLE,2026-08-15,CNT-DEC-STUDIO-NAME-001-097:corroborating,"Direct URL captured for reproducible access; organisation-controlled source or direct platform record. INFERENCE: scale/form classifications are analytical coding, not source wording.","Availability and page contents can change; source is not legal, market-share, reputation, or ownership proof; publication date was not consistently exposed.",NEEDS_RECHECK,NOT ASSIGNED,UNRESOLVED,UNRESOLVED,PAIR-097,NO,NO,RECHECK_REQUIRED,FAIL,https://company.netmarble.com/en/business/game,SSLError
SRC-DEC-STUDIO-NAME-001-195,DEC-STUDIO-NAME-001,Pazar örneklemi,market-research-director,Shift Up — official source,Official organisation source,https://shiftup.co.kr/eng/,Shift Up,2026-08-08,20:30:00+03:00,2026-08-08,South Korea,Shift Up official identity and current public presence,PRIMARY,MEDIUM,NONE KNOWN,HIGHLY_CHANGEABLE,2026-08-15,CNT-DEC-STUDIO-NAME-001-098:primary,"Direct URL captured for reproducible access; organisation-controlled source or direct platform record. INFERENCE: scale/form classifications are analytical coding, not source wording.","Availability and page contents can change; source is not legal, market-share, reputation, or ownership proof; publication date was not consistently exposed.",REVIEWED,quality-assurance-director,ORG:shiftup.co.kr,INDEPENDENT_PAIR_MEMBER,PAIR-098,YES,YES,VERIFIED_ACCESSIBLE,PASS,https://shiftup.co.kr/eng/,NONE
SRC-DEC-STUDIO-NAME-001-196,DEC-STUDIO-NAME-001,Pazar örneklemi,market-research-director,Shift Up — corroborating evidence,Resmî şirket/kurum sayfası veya doğrudan resmî platform kaydı,https://shiftup.co.kr/eng/game/,UNRESOLVED,2026-08-08,20:30:00+03:00,NOT FOUND,South Korea,Shift Up markasının erişilebilir kurumsal veya ürün faaliyeti sinyalini destekler,PRIMARY,MEDIUM,NONE KNOWN,HIGHLY_CHANGEABLE,2026-08-15,CNT-DEC-STUDIO-NAME-001-098:corroborating,"Direct URL captured for reproducible access; organisation-controlled source or direct platform record. INFERENCE: scale/form classifications are analytical coding, not source wording.","Availability and page contents can change; source is not legal, market-share, reputation, or ownership proof; publication date was not consistently exposed.",NEEDS_RECHECK,NOT ASSIGNED,UNRESOLVED,UNRESOLVED,PAIR-098,NO,NO,RECHECK_REQUIRED,FAIL,https://shiftup.co.kr/eng/game/,SSLError
SRC-DEC-STUDIO-NAME-001-197,DEC-STUDIO-NAME-001,Pazar örneklemi,market-research-director,Mighty Bear Games — official source,Official organisation source,https://www.mightybeargames.com/,Mighty Bear Games,2026-08-08,20:30:00+03:00,2026-08-08,Singapore,Mighty Bear Games official identity and current public presence,PRIMARY,MEDIUM,NONE KNOWN,HIGHLY_CHANGEABLE,2026-08-15,CNT-DEC-STUDIO-NAME-001-099:primary,"Direct URL captured for reproducible access; organisation-controlled source or direct platform record. INFERENCE: scale/form classifications are analytical coding, not source wording.","Availability and page contents can change; source is not legal, market-share, reputation, or ownership proof; publication date was not consistently exposed.",NEEDS_RECHECK,quality-assurance-director,ORG:www.mightybeargames.com,INDEPENDENT_PAIR_MEMBER,PAIR-099,NO,YES,RECHECK_REQUIRED,FAIL,https://www.mightybeargames.com/,SSLError
SRC-DEC-STUDIO-NAME-001-198,DEC-STUDIO-NAME-001,Pazar örneklemi,market-research-director,Mighty Bear Games — corroborating evidence,Resmî şirket/kurum sayfası veya doğrudan resmî platform kaydı,https://www.mightybeargames.com/games,UNRESOLVED,2026-08-08,20:30:00+03:00,NOT FOUND,Singapore,Mighty Bear Games markasının erişilebilir kurumsal veya ürün faaliyeti sinyalini destekler,PRIMARY,MEDIUM,NONE KNOWN,HIGHLY_CHANGEABLE,2026-08-15,CNT-DEC-STUDIO-NAME-001-099:corroborating,"Direct URL captured for reproducible access; organisation-controlled source or direct platform record. INFERENCE: scale/form classifications are analytical coding, not source wording.","Availability and page contents can change; source is not legal, market-share, reputation, or ownership proof; publication date was not consistently exposed.",NEEDS_RECHECK,NOT ASSIGNED,UNRESOLVED,UNRESOLVED,PAIR-099,NO,NO,RECHECK_REQUIRED,FAIL,https://www.mightybeargames.com/games,SSLError
SRC-DEC-STUDIO-NAME-001-199,DEC-STUDIO-NAME-001,Pazar örneklemi,market-research-director,Amanotes — official source,Official organisation source,https://amanotes.com/,Amanotes,2026-08-08,20:30:00+03:00,2026-08-08,Vietnam,Amanotes official identity and current public presence,PRIMARY,MEDIUM,NONE KNOWN,HIGHLY_CHANGEABLE,2026-08-15,CNT-DEC-STUDIO-NAME-001-100:primary,"Direct URL captured for reproducible access; organisation-controlled source or direct platform record. INFERENCE: scale/form classifications are analytical coding, not source wording.","Availability and page contents can change; source is not legal, market-share, reputation, or ownership proof; publication date was not consistently exposed.",NEEDS_RECHECK,quality-assurance-director,ORG:amanotes.com,INDEPENDENT_PAIR_MEMBER,PAIR-100,NO,YES,RECHECK_REQUIRED,FAIL,https://amanotes.com/,SSLError
SRC-DEC-STUDIO-NAME-001-200,DEC-STUDIO-NAME-001,Pazar örneklemi,market-research-director,Amanotes — corroborating evidence,Resmî şirket/kurum sayfası veya doğrudan resmî platform kaydı,https://amanotes.com/games,UNRESOLVED,2026-08-08,20:30:00+03:00,NOT FOUND,Vietnam,Amanotes markasının erişilebilir kurumsal veya ürün faaliyeti sinyalini destekler,PRIMARY,MEDIUM,NONE KNOWN,HIGHLY_CHANGEABLE,2026-08-15,CNT-DEC-STUDIO-NAME-001-100:corroborating,"Direct URL captured for reproducible access; organisation-controlled source or direct platform record. INFERENCE: scale/form classifications are analytical coding, not source wording.","Availability and page contents can change; source is not legal, market-share, reputation, or ownership proof; publication date was not consistently exposed.",NEEDS_RECHECK,NOT ASSIGNED,UNRESOLVED,UNRESOLVED,PAIR-100,NO,NO,RECHECK_REQUIRED,FAIL,https://amanotes.com/games,SSLError
SRC-DEC-STUDIO-NAME-001-201,DEC-STUDIO-NAME-001,Pazar örneklemi,market-research-director,Naughty Dog — official source,Official organisation source,https://www.naughtydog.com/,Naughty Dog,2026-08-08,20:30:00+03:00,2026-08-08,United States,Naughty Dog official identity and current public presence,PRIMARY,MEDIUM,NONE KNOWN,HIGHLY_CHANGEABLE,2026-08-15,CNT-DEC-STUDIO-NAME-001-101:primary,"Direct URL captured for reproducible access; organisation-controlled source or direct platform record. INFERENCE: scale/form classifications are analytical coding, not source wording.","Availability and page contents can change; source is not legal, market-share, reputation, or ownership proof; publication date was not consistently exposed.",NEEDS_RECHECK,quality-assurance-director,ORG:www.naughtydog.com,INDEPENDENT_PAIR_MEMBER,PAIR-101,NO,YES,RECHECK_REQUIRED,FAIL,https://www.naughtydog.com/,SSLError
SRC-DEC-STUDIO-NAME-001-202,DEC-STUDIO-NAME-001,Pazar örneklemi,market-research-director,Naughty Dog — corroborating evidence,Resmî şirket/kurum sayfası veya doğrudan resmî platform kaydı,https://www.naughtydog.com/games,UNRESOLVED,2026-08-08,20:30:00+03:00,NOT FOUND,United States,Naughty Dog markasının erişilebilir kurumsal veya ürün faaliyeti sinyalini destekler,PRIMARY,MEDIUM,NONE KNOWN,HIGHLY_CHANGEABLE,2026-08-15,CNT-DEC-STUDIO-NAME-001-101:corroborating,"Direct URL captured for reproducible access; organisation-controlled source or direct platform record. INFERENCE: scale/form classifications are analytical coding, not source wording.","Availability and page contents can change; source is not legal, market-share, reputation, or ownership proof; publication date was not consistently exposed.",NEEDS_RECHECK,NOT ASSIGNED,UNRESOLVED,UNRESOLVED,PAIR-101,NO,NO,RECHECK_REQUIRED,FAIL,https://www.naughtydog.com/games,SSLError
SRC-DEC-STUDIO-NAME-001-203,DEC-STUDIO-NAME-001,Pazar örneklemi,market-research-director,Insomniac Games — official source,Official organisation source,https://insomniac.games/,Insomniac Games,2026-08-08,20:30:00+03:00,2026-08-08,United States,Insomniac Games official identity and current public presence,PRIMARY,MEDIUM,NONE KNOWN,HIGHLY_CHANGEABLE,2026-08-15,CNT-DEC-STUDIO-NAME-001-102:primary,"Direct URL captured for reproducible access; organisation-controlled source or direct platform record. INFERENCE: scale/form classifications are analytical coding, not source wording.","Availability and page contents can change; source is not legal, market-share, reputation, or ownership proof; publication date was not consistently exposed.",NEEDS_RECHECK,quality-assurance-director,ORG:insomniac.games,INDEPENDENT_PAIR_MEMBER,PAIR-102,NO,YES,RECHECK_REQUIRED,FAIL,https://insomniac.games/,SSLError
SRC-DEC-STUDIO-NAME-001-204,DEC-STUDIO-NAME-001,Pazar örneklemi,market-research-director,Insomniac Games — corroborating evidence,Resmî şirket/kurum sayfası veya doğrudan resmî platform kaydı,https://insomniac.games/games/,UNRESOLVED,2026-08-08,20:30:00+03:00,NOT FOUND,United States,Insomniac Games markasının erişilebilir kurumsal veya ürün faaliyeti sinyalini destekler,PRIMARY,MEDIUM,NONE KNOWN,HIGHLY_CHANGEABLE,2026-08-15,CNT-DEC-STUDIO-NAME-001-102:corroborating,"Direct URL captured for reproducible access; organisation-controlled source or direct platform record. INFERENCE: scale/form classifications are analytical coding, not source wording.","Availability and page contents can change; source is not legal, market-share, reputation, or ownership proof; publication date was not consistently exposed.",NEEDS_RECHECK,NOT ASSIGNED,UNRESOLVED,UNRESOLVED,PAIR-102,NO,NO,RECHECK_REQUIRED,FAIL,https://insomniac.games/games/,SSLError
SRC-DEC-STUDIO-NAME-001-205,DEC-STUDIO-NAME-001,Pazar örneklemi,market-research-director,Santa Monica Studio — official source,Official organisation source,https://sms.playstation.com/,Santa Monica Studio,2026-08-08,20:30:00+03:00,2026-08-08,United States,Santa Monica Studio official identity and current public presence,PRIMARY,MEDIUM,NONE KNOWN,HIGHLY_CHANGEABLE,2026-08-15,CNT-DEC-STUDIO-NAME-001-103:primary,"Direct URL captured for reproducible access; organisation-controlled source or direct platform record. INFERENCE: scale/form classifications are analytical coding, not source wording.","Availability and page contents can change; source is not legal, market-share, reputation, or ownership proof; publication date was not consistently exposed.",NEEDS_RECHECK,quality-assurance-director,ORG:sms.playstation.com,INDEPENDENT_PAIR_MEMBER,PAIR-103,NO,YES,RECHECK_REQUIRED,FAIL,https://sms.playstation.com/,SSLError
SRC-DEC-STUDIO-NAME-001-206,DEC-STUDIO-NAME-001,Pazar örneklemi,market-research-director,Santa Monica Studio — corroborating evidence,Resmî şirket/kurum sayfası veya doğrudan resmî platform kaydı,https://sms.playstation.com/games/,UNRESOLVED,2026-08-08,20:30:00+03:00,NOT FOUND,United States,Santa Monica Studio markasının erişilebilir kurumsal veya ürün faaliyeti sinyalini destekler,PRIMARY,MEDIUM,NONE KNOWN,HIGHLY_CHANGEABLE,2026-08-15,CNT-DEC-STUDIO-NAME-001-103:corroborating,"Direct URL captured for reproducible access; organisation-controlled source or direct platform record. INFERENCE: scale/form classifications are analytical coding, not source wording.","Availability and page contents can change; source is not legal, market-share, reputation, or ownership proof; publication date was not consistently exposed.",NEEDS_RECHECK,NOT ASSIGNED,UNRESOLVED,UNRESOLVED,PAIR-103,NO,NO,RECHECK_REQUIRED,FAIL,https://sms.playstation.com/games/,SSLError
SRC-DEC-STUDIO-NAME-001-207,DEC-STUDIO-NAME-001,Pazar örneklemi,market-research-director,Sucker Punch Productions — official source,Official organisation source,https://www.suckerpunch.com/,Sucker Punch Productions,2026-08-08,20:30:00+03:00,2026-08-08,United States,Sucker Punch Productions official identity and current public presence,PRIMARY,MEDIUM,NONE KNOWN,HIGHLY_CHANGEABLE,2026-08-15,CNT-DEC-STUDIO-NAME-001-104:primary,"Direct URL captured for reproducible access; organisation-controlled source or direct platform record. INFERENCE: scale/form classifications are analytical coding, not source wording.","Availability and page contents can change; source is not legal, market-share, reputation, or ownership proof; publication date was not consistently exposed.",NEEDS_RECHECK,quality-assurance-director,ORG:www.suckerpunch.com,INDEPENDENT_PAIR_MEMBER,PAIR-104,NO,YES,RECHECK_REQUIRED,FAIL,https://www.suckerpunch.com/,ConnectTimeout
SRC-DEC-STUDIO-NAME-001-208,DEC-STUDIO-NAME-001,Pazar örneklemi,market-research-director,Sucker Punch Productions — corroborating evidence,Resmî şirket/kurum sayfası veya doğrudan resmî platform kaydı,https://www.suckerpunch.com/category/games/,UNRESOLVED,2026-08-08,20:30:00+03:00,NOT FOUND,United States,Sucker Punch Productions markasının erişilebilir kurumsal veya ürün faaliyeti sinyalini destekler,PRIMARY,MEDIUM,NONE KNOWN,HIGHLY_CHANGEABLE,2026-08-15,CNT-DEC-STUDIO-NAME-001-104:corroborating,"Direct URL captured for reproducible access; organisation-controlled source or direct platform record. INFERENCE: scale/form classifications are analytical coding, not source wording.","Availability and page contents can change; source is not legal, market-share, reputation, or ownership proof; publication date was not consistently exposed.",NEEDS_RECHECK,NOT ASSIGNED,UNRESOLVED,UNRESOLVED,PAIR-104,NO,NO,RECHECK_REQUIRED,FAIL,https://www.suckerpunch.com/category/games/,SSLError
SRC-DEC-STUDIO-NAME-001-209,DEC-STUDIO-NAME-001,Pazar örneklemi,market-research-director,Guerrilla — official source,Official organisation source,https://www.guerrilla-games.com/,Guerrilla,2026-08-08,20:30:00+03:00,2026-08-08,Netherlands,Guerrilla official identity and current public presence,PRIMARY,MEDIUM,NONE KNOWN,HIGHLY_CHANGEABLE,2026-08-15,CNT-DEC-STUDIO-NAME-001-105:primary,"Direct URL captured for reproducible access; organisation-controlled source or direct platform record. INFERENCE: scale/form classifications are analytical coding, not source wording.","Availability and page contents can change; source is not legal, market-share, reputation, or ownership proof; publication date was not consistently exposed.",NEEDS_RECHECK,quality-assurance-director,ORG:www.guerrilla-games.com,INDEPENDENT_PAIR_MEMBER,PAIR-105,NO,YES,RECHECK_REQUIRED,FAIL,https://www.guerrilla-games.com/,SSLError
SRC-DEC-STUDIO-NAME-001-210,DEC-STUDIO-NAME-001,Pazar örneklemi,market-research-director,Guerrilla — corroborating evidence,Resmî şirket/kurum sayfası veya doğrudan resmî platform kaydı,https://www.guerrilla-games.com/games,UNRESOLVED,2026-08-08,20:30:00+03:00,NOT FOUND,Netherlands,Guerrilla markasının erişilebilir kurumsal veya ürün faaliyeti sinyalini destekler,PRIMARY,MEDIUM,NONE KNOWN,HIGHLY_CHANGEABLE,2026-08-15,CNT-DEC-STUDIO-NAME-001-105:corroborating,"Direct URL captured for reproducible access; organisation-controlled source or direct platform record. INFERENCE: scale/form classifications are analytical coding, not source wording.","Availability and page contents can change; source is not legal, market-share, reputation, or ownership proof; publication date was not consistently exposed.",NEEDS_RECHECK,NOT ASSIGNED,UNRESOLVED,UNRESOLVED,PAIR-105,NO,NO,RECHECK_REQUIRED,FAIL,https://www.guerrilla-games.com/games,SSLError
SRC-DEC-STUDIO-NAME-001-211,DEC-STUDIO-NAME-001,Pazar örneklemi,market-research-director,Polyphony Digital — official source,Official organisation source,https://www.polyphony.co.jp/,Polyphony Digital,2026-08-08,20:30:00+03:00,2026-08-08,Japan,Polyphony Digital official identity and current public presence,PRIMARY,MEDIUM,NONE KNOWN,HIGHLY_CHANGEABLE,2026-08-15,CNT-DEC-STUDIO-NAME-001-106:primary,"Direct URL captured for reproducible access; organisation-controlled source or direct platform record. INFERENCE: scale/form classifications are analytical coding, not source wording.","Availability and page contents can change; source is not legal, market-share, reputation, or ownership proof; publication date was not consistently exposed.",REVIEWED,quality-assurance-director,ORG:www.polyphony.co.jp,INDEPENDENT_PAIR_MEMBER,PAIR-106,YES,YES,VERIFIED_ACCESSIBLE,PASS,https://www.polyphony.co.jp/,NONE
SRC-DEC-STUDIO-NAME-001-212,DEC-STUDIO-NAME-001,Pazar örneklemi,market-research-director,Polyphony Digital — corroborating evidence,Resmî şirket/kurum sayfası veya doğrudan resmî platform kaydı,https://www.gran-turismo.com/,UNRESOLVED,2026-08-08,20:30:00+03:00,NOT FOUND,Japan,Polyphony Digital markasının erişilebilir kurumsal veya ürün faaliyeti sinyalini destekler,PRIMARY,MEDIUM,NONE KNOWN,HIGHLY_CHANGEABLE,2026-08-15,CNT-DEC-STUDIO-NAME-001-106:corroborating,"Direct URL captured for reproducible access; organisation-controlled source or direct platform record. INFERENCE: scale/form classifications are analytical coding, not source wording.","Availability and page contents can change; source is not legal, market-share, reputation, or ownership proof; publication date was not consistently exposed.",NEEDS_RECHECK,NOT ASSIGNED,UNRESOLVED,UNRESOLVED,PAIR-106,NO,NO,VERIFIED_WITH_REDIRECT,FAIL,https://www.gran-turismo.com/gb/,302:https://www.gran-turismo.com/ > 302:http://www.gran-turismo.com/world/ > 302:https://www.gran-turismo.com/world/
SRC-DEC-STUDIO-NAME-001-213,DEC-STUDIO-NAME-001,Pazar örneklemi,market-research-director,SIE Bend Studio — official source,Official organisation source,https://www.bendstudio.com/,SIE Bend Studio,2026-08-08,20:30:00+03:00,2026-08-08,United States,SIE Bend Studio official identity and current public presence,PRIMARY,MEDIUM,NONE KNOWN,HIGHLY_CHANGEABLE,2026-08-15,CNT-DEC-STUDIO-NAME-001-107:primary,"Direct URL captured for reproducible access; organisation-controlled source or direct platform record. INFERENCE: scale/form classifications are analytical coding, not source wording.","Availability and page contents can change; source is not legal, market-share, reputation, or ownership proof; publication date was not consistently exposed.",NEEDS_RECHECK,quality-assurance-director,ORG:www.bendstudio.com,INDEPENDENT_PAIR_MEMBER,PAIR-107,NO,YES,RECHECK_REQUIRED,FAIL,https://www.bendstudio.com/,SSLError
SRC-DEC-STUDIO-NAME-001-214,DEC-STUDIO-NAME-001,Pazar örneklemi,market-research-director,Bend Studio — independent reference,Independent reference work,https://en.wikipedia.org/wiki/Bend_Studio,Wikimedia Foundation / Wikipedia editors,2026-08-08,20:30:00+03:00,2026-08-08,United States,SIE Bend Studio identity and operating history/current activity context,SECONDARY,MEDIUM,NONE KNOWN,HIGHLY_CHANGEABLE,2026-08-15,CNT-DEC-STUDIO-NAME-001-107:corroborating,"Direct URL captured for reproducible access; organisation-controlled source or direct platform record. INFERENCE: scale/form classifications are analytical coding, not source wording.","Availability and page contents can change; source is not legal, market-share, reputation, or ownership proof; publication date was not consistently exposed.",NEEDS_RECHECK,quality-assurance-director,PLATFORM:WIKIPEDIA,INDEPENDENT_FROM_SUBJECT,PAIR-107,NO,NO,RECHECK_REQUIRED,FAIL,https://en.wikipedia.org/wiki/Bend_Studio,ConnectTimeout
SRC-DEC-STUDIO-NAME-001-215,DEC-STUDIO-NAME-001,Pazar örneklemi,market-research-director,BioWare — official source,Official organisation source,https://www.bioware.com/,BioWare,2026-08-08,20:30:00+03:00,2026-08-08,Canada,BioWare official identity and current public presence,PRIMARY,MEDIUM,NONE KNOWN,HIGHLY_CHANGEABLE,2026-08-15,CNT-DEC-STUDIO-NAME-001-108:primary,"Direct URL captured for reproducible access; organisation-controlled source or direct platform record. INFERENCE: scale/form classifications are analytical coding, not source wording.","Availability and page contents can change; source is not legal, market-share, reputation, or ownership proof; publication date was not consistently exposed.",NEEDS_RECHECK,quality-assurance-director,ORG:www.bioware.com,INDEPENDENT_PAIR_MEMBER,PAIR-108,NO,YES,RECHECK_REQUIRED,FAIL,https://www.bioware.com/,SSLError
SRC-DEC-STUDIO-NAME-001-216,DEC-STUDIO-NAME-001,Pazar örneklemi,market-research-director,BioWare — corroborating evidence,Resmî şirket/kurum sayfası veya doğrudan resmî platform kaydı,https://www.bioware.com/games/,UNRESOLVED,2026-08-08,20:30:00+03:00,NOT FOUND,Canada,BioWare markasının erişilebilir kurumsal veya ürün faaliyeti sinyalini destekler,PRIMARY,MEDIUM,NONE KNOWN,HIGHLY_CHANGEABLE,2026-08-15,CNT-DEC-STUDIO-NAME-001-108:corroborating,"Direct URL captured for reproducible access; organisation-controlled source or direct platform record. INFERENCE: scale/form classifications are analytical coding, not source wording.","Availability and page contents can change; source is not legal, market-share, reputation, or ownership proof; publication date was not consistently exposed.",NEEDS_RECHECK,NOT ASSIGNED,UNRESOLVED,UNRESOLVED,PAIR-108,NO,NO,RECHECK_REQUIRED,FAIL,https://www.bioware.com/games/,SSLError
SRC-DEC-STUDIO-NAME-001-217,DEC-STUDIO-NAME-001,Pazar örneklemi,market-research-director,Respawn Entertainment — official source,Official organisation source,https://www.respawn.com/,Respawn Entertainment,2026-08-08,20:30:00+03:00,2026-08-08,United States,Respawn Entertainment official identity and current public presence,PRIMARY,MEDIUM,NONE KNOWN,HIGHLY_CHANGEABLE,2026-08-15,CNT-DEC-STUDIO-NAME-001-109:primary,"Direct URL captured for reproducible access; organisation-controlled source or direct platform record. INFERENCE: scale/form classifications are analytical coding, not source wording.","Availability and page contents can change; source is not legal, market-share, reputation, or ownership proof; publication date was not consistently exposed.",NEEDS_RECHECK,quality-assurance-director,ORG:www.respawn.com,INDEPENDENT_PAIR_MEMBER,PAIR-109,NO,YES,RECHECK_REQUIRED,FAIL,https://www.respawn.com/,SSLError
SRC-DEC-STUDIO-NAME-001-218,DEC-STUDIO-NAME-001,Pazar örneklemi,market-research-director,Respawn Entertainment — corroborating evidence,Resmî şirket/kurum sayfası veya doğrudan resmî platform kaydı,https://www.respawn.com/games,UNRESOLVED,2026-08-08,20:30:00+03:00,NOT FOUND,United States,Respawn Entertainment markasının erişilebilir kurumsal veya ürün faaliyeti sinyalini destekler,PRIMARY,MEDIUM,NONE KNOWN,HIGHLY_CHANGEABLE,2026-08-15,CNT-DEC-STUDIO-NAME-001-109:corroborating,"Direct URL captured for reproducible access; organisation-controlled source or direct platform record. INFERENCE: scale/form classifications are analytical coding, not source wording.","Availability and page contents can change; source is not legal, market-share, reputation, or ownership proof; publication date was not consistently exposed.",NEEDS_RECHECK,NOT ASSIGNED,UNRESOLVED,UNRESOLVED,PAIR-109,NO,NO,RECHECK_REQUIRED,FAIL,https://www.respawn.com/games,SSLError
SRC-DEC-STUDIO-NAME-001-219,DEC-STUDIO-NAME-001,Pazar örneklemi,market-research-director,DICE — official source,Official organisation source,https://www.dice.se/,DICE,2026-08-08,20:30:00+03:00,2026-08-08,Sweden,DICE official identity and current public presence,PRIMARY,MEDIUM,NONE KNOWN,HIGHLY_CHANGEABLE,2026-08-15,CNT-DEC-STUDIO-NAME-001-110:primary,"Direct URL captured for reproducible access; organisation-controlled source or direct platform record. INFERENCE: scale/form classifications are analytical coding, not source wording.","Availability and page contents can change; source is not legal, market-share, reputation, or ownership proof; publication date was not consistently exposed.",NEEDS_RECHECK,quality-assurance-director,ORG:www.dice.se,INDEPENDENT_PAIR_MEMBER,PAIR-110,NO,YES,RECHECK_REQUIRED,FAIL,https://www.dice.se/,SSLError
SRC-DEC-STUDIO-NAME-001-220,DEC-STUDIO-NAME-001,Pazar örneklemi,market-research-director,DICE — corroborating evidence,Resmî şirket/kurum sayfası veya doğrudan resmî platform kaydı,https://www.ea.com/ea-studios/dice,UNRESOLVED,2026-08-08,20:30:00+03:00,NOT FOUND,Sweden,DICE markasının erişilebilir kurumsal veya ürün faaliyeti sinyalini destekler,PRIMARY,MEDIUM,NONE KNOWN,HIGHLY_CHANGEABLE,2026-08-15,CNT-DEC-STUDIO-NAME-001-110:corroborating,"Direct URL captured for reproducible access; organisation-controlled source or direct platform record. INFERENCE: scale/form classifications are analytical coding, not source wording.","Availability and page contents can change; source is not legal, market-share, reputation, or ownership proof; publication date was not consistently exposed.",NEEDS_RECHECK,NOT ASSIGNED,UNRESOLVED,UNRESOLVED,PAIR-110,NO,NO,RECHECK_REQUIRED,FAIL,https://www.ea.com/ea-studios/dice,SSLError
SRC-DEC-STUDIO-NAME-001-221,DEC-STUDIO-NAME-001,Pazar örneklemi,market-research-director,Criterion Games — official source,Official organisation source,https://www.criteriongames.com/,Criterion Games,2026-08-08,20:30:00+03:00,2026-08-08,United Kingdom,Criterion Games official identity and current public presence,PRIMARY,MEDIUM,NONE KNOWN,HIGHLY_CHANGEABLE,2026-08-15,CNT-DEC-STUDIO-NAME-001-111:primary,"Direct URL captured for reproducible access; organisation-controlled source or direct platform record. INFERENCE: scale/form classifications are analytical coding, not source wording.","Availability and page contents can change; source is not legal, market-share, reputation, or ownership proof; publication date was not consistently exposed.",NEEDS_RECHECK,quality-assurance-director,ORG:www.criteriongames.com,INDEPENDENT_PAIR_MEMBER,PAIR-111,NO,YES,RECHECK_REQUIRED,FAIL,https://www.criteriongames.com/,SSLError
SRC-DEC-STUDIO-NAME-001-222,DEC-STUDIO-NAME-001,Pazar örneklemi,market-research-director,Criterion Games — corroborating evidence,Resmî şirket/kurum sayfası veya doğrudan resmî platform kaydı,https://www.ea.com/ea-studios/criterion-games,UNRESOLVED,2026-08-08,20:30:00+03:00,NOT FOUND,United Kingdom,Criterion Games markasının erişilebilir kurumsal veya ürün faaliyeti sinyalini destekler,PRIMARY,MEDIUM,NONE KNOWN,HIGHLY_CHANGEABLE,2026-08-15,CNT-DEC-STUDIO-NAME-001-111:corroborating,"Direct URL captured for reproducible access; organisation-controlled source or direct platform record. INFERENCE: scale/form classifications are analytical coding, not source wording.","Availability and page contents can change; source is not legal, market-share, reputation, or ownership proof; publication date was not consistently exposed.",NEEDS_RECHECK,NOT ASSIGNED,UNRESOLVED,UNRESOLVED,PAIR-111,NO,NO,RECHECK_REQUIRED,FAIL,https://www.ea.com/ea-studios/criterion-games,SSLError
SRC-DEC-STUDIO-NAME-001-223,DEC-STUDIO-NAME-001,Pazar örneklemi,market-research-director,Codemasters — official source,Official organisation source,https://www.codemasters.com/,Codemasters,2026-08-08,20:30:00+03:00,2026-08-08,United Kingdom,Codemasters official identity and current public presence,PRIMARY,MEDIUM,NONE KNOWN,HIGHLY_CHANGEABLE,2026-08-15,CNT-DEC-STUDIO-NAME-001-112:primary,"Direct URL captured for reproducible access; organisation-controlled source or direct platform record. INFERENCE: scale/form classifications are analytical coding, not source wording.","Availability and page contents can change; source is not legal, market-share, reputation, or ownership proof; publication date was not consistently exposed.",NEEDS_RECHECK,quality-assurance-director,ORG:www.codemasters.com,INDEPENDENT_PAIR_MEMBER,PAIR-112,NO,YES,RECHECK_REQUIRED,FAIL,https://www.codemasters.com/,SSLError
SRC-DEC-STUDIO-NAME-001-224,DEC-STUDIO-NAME-001,Pazar örneklemi,market-research-director,Codemasters — corroborating evidence,Resmî şirket/kurum sayfası veya doğrudan resmî platform kaydı,https://www.ea.com/ea-studios/codemasters,UNRESOLVED,2026-08-08,20:30:00+03:00,NOT FOUND,United Kingdom,Codemasters markasının erişilebilir kurumsal veya ürün faaliyeti sinyalini destekler,PRIMARY,MEDIUM,NONE KNOWN,HIGHLY_CHANGEABLE,2026-08-15,CNT-DEC-STUDIO-NAME-001-112:corroborating,"Direct URL captured for reproducible access; organisation-controlled source or direct platform record. INFERENCE: scale/form classifications are analytical coding, not source wording.","Availability and page contents can change; source is not legal, market-share, reputation, or ownership proof; publication date was not consistently exposed.",NEEDS_RECHECK,NOT ASSIGNED,UNRESOLVED,UNRESOLVED,PAIR-112,NO,NO,RECHECK_REQUIRED,FAIL,https://www.ea.com/ea-studios/codemasters,SSLError
SRC-DEC-STUDIO-NAME-001-225,DEC-STUDIO-NAME-001,Pazar örneklemi,market-research-director,Remedy Entertainment — official source,Official organisation source,https://www.remedygames.com/,Remedy Entertainment,2026-08-08,20:30:00+03:00,2026-08-08,Finland,Remedy Entertainment official identity and current public presence,PRIMARY,MEDIUM,NONE KNOWN,HIGHLY_CHANGEABLE,2026-08-15,CNT-DEC-STUDIO-NAME-001-113:primary,"Direct URL captured for reproducible access; organisation-controlled source or direct platform record. INFERENCE: scale/form classifications are analytical coding, not source wording.","Availability and page contents can change; source is not legal, market-share, reputation, or ownership proof; publication date was not consistently exposed.",NEEDS_RECHECK,quality-assurance-director,ORG:www.remedygames.com,INDEPENDENT_PAIR_MEMBER,PAIR-113,NO,YES,RECHECK_REQUIRED,FAIL,https://www.remedygames.com/,SSLError
SRC-DEC-STUDIO-NAME-001-226,DEC-STUDIO-NAME-001,Pazar örneklemi,market-research-director,Remedy Entertainment — corroborating evidence,Resmî şirket/kurum sayfası veya doğrudan resmî platform kaydı,https://www.remedygames.com/games,UNRESOLVED,2026-08-08,20:30:00+03:00,NOT FOUND,Finland,Remedy Entertainment markasının erişilebilir kurumsal veya ürün faaliyeti sinyalini destekler,PRIMARY,MEDIUM,NONE KNOWN,HIGHLY_CHANGEABLE,2026-08-15,CNT-DEC-STUDIO-NAME-001-113:corroborating,"Direct URL captured for reproducible access; organisation-controlled source or direct platform record. INFERENCE: scale/form classifications are analytical coding, not source wording.","Availability and page contents can change; source is not legal, market-share, reputation, or ownership proof; publication date was not consistently exposed.",NEEDS_RECHECK,NOT ASSIGNED,UNRESOLVED,UNRESOLVED,PAIR-113,NO,NO,RECHECK_REQUIRED,FAIL,https://www.remedygames.com/games,SSLError
SRC-DEC-STUDIO-NAME-001-227,DEC-STUDIO-NAME-001,Pazar örneklemi,market-research-director,CD Projekt Red — official source,Official organisation source,https://www.cdprojektred.com/,CD Projekt Red,2026-08-08,20:30:00+03:00,2026-08-08,Poland,CD Projekt Red official identity and current public presence,PRIMARY,MEDIUM,NONE KNOWN,HIGHLY_CHANGEABLE,2026-08-15,CNT-DEC-STUDIO-NAME-001-114:primary,"Direct URL captured for reproducible access; organisation-controlled source or direct platform record. INFERENCE: scale/form classifications are analytical coding, not source wording.","Availability and page contents can change; source is not legal, market-share, reputation, or ownership proof; publication date was not consistently exposed.",NEEDS_RECHECK,quality-assurance-director,ORG:www.cdprojektred.com,INDEPENDENT_PAIR_MEMBER,PAIR-114,NO,YES,RECHECK_REQUIRED,FAIL,https://www.cdprojektred.com/,SSLError
SRC-DEC-STUDIO-NAME-001-228,DEC-STUDIO-NAME-001,Pazar örneklemi,market-research-director,CD Projekt Red — corroborating evidence,Resmî şirket/kurum sayfası veya doğrudan resmî platform kaydı,https://www.cdprojektred.com/en/games,UNRESOLVED,2026-08-08,20:30:00+03:00,NOT FOUND,Poland,CD Projekt Red markasının erişilebilir kurumsal veya ürün faaliyeti sinyalini destekler,PRIMARY,MEDIUM,NONE KNOWN,HIGHLY_CHANGEABLE,2026-08-15,CNT-DEC-STUDIO-NAME-001-114:corroborating,"Direct URL captured for reproducible access; organisation-controlled source or direct platform record. INFERENCE: scale/form classifications are analytical coding, not source wording.","Availability and page contents can change; source is not legal, market-share, reputation, or ownership proof; publication date was not consistently exposed.",NEEDS_RECHECK,NOT ASSIGNED,UNRESOLVED,UNRESOLVED,PAIR-114,NO,NO,RECHECK_REQUIRED,FAIL,https://www.cdprojektred.com/en/games,SSLError
SRC-DEC-STUDIO-NAME-001-229,DEC-STUDIO-NAME-001,Pazar örneklemi,market-research-director,Techland — official source,Official organisation source,https://techland.net/,Techland,2026-08-08,20:30:00+03:00,2026-08-08,Poland,Techland official identity and current public presence,PRIMARY,MEDIUM,NONE KNOWN,HIGHLY_CHANGEABLE,2026-08-15,CNT-DEC-STUDIO-NAME-001-115:primary,"Direct URL captured for reproducible access; organisation-controlled source or direct platform record. INFERENCE: scale/form classifications are analytical coding, not source wording.","Availability and page contents can change; source is not legal, market-share, reputation, or ownership proof; publication date was not consistently exposed.",REVIEWED,quality-assurance-director,ORG:techland.net,INDEPENDENT_PAIR_MEMBER,PAIR-115,YES,YES,VERIFIED_ACCESSIBLE,PASS,https://techland.net/,NONE
SRC-DEC-STUDIO-NAME-001-230,DEC-STUDIO-NAME-001,Pazar örneklemi,market-research-director,Techland — corroborating evidence,Resmî şirket/kurum sayfası veya doğrudan resmî platform kaydı,https://techland.net/games,UNRESOLVED,2026-08-08,20:30:00+03:00,NOT FOUND,Poland,Techland markasının erişilebilir kurumsal veya ürün faaliyeti sinyalini destekler,PRIMARY,MEDIUM,NONE KNOWN,HIGHLY_CHANGEABLE,2026-08-15,CNT-DEC-STUDIO-NAME-001-115:corroborating,"Direct URL captured for reproducible access; organisation-controlled source or direct platform record. INFERENCE: scale/form classifications are analytical coding, not source wording.","Availability and page contents can change; source is not legal, market-share, reputation, or ownership proof; publication date was not consistently exposed.",NEEDS_RECHECK,NOT ASSIGNED,UNRESOLVED,UNRESOLVED,PAIR-115,NO,NO,VERIFIED_ACCESSIBLE,FAIL,https://techland.net/games,NONE
SRC-DEC-STUDIO-NAME-001-231,DEC-STUDIO-NAME-001,Pazar örneklemi,market-research-director,Bloober Team — official source,Official organisation source,https://www.blooberteam.com/,Bloober Team,2026-08-08,20:30:00+03:00,2026-08-08,Poland,Bloober Team official identity and current public presence,PRIMARY,MEDIUM,NONE KNOWN,HIGHLY_CHANGEABLE,2026-08-15,CNT-DEC-STUDIO-NAME-001-116:primary,"Direct URL captured for reproducible access; organisation-controlled source or direct platform record. INFERENCE: scale/form classifications are analytical coding, not source wording.","Availability and page contents can change; source is not legal, market-share, reputation, or ownership proof; publication date was not consistently exposed.",REVIEWED,quality-assurance-director,ORG:www.blooberteam.com,INDEPENDENT_PAIR_MEMBER,PAIR-116,YES,YES,VERIFIED_ACCESSIBLE,PASS,https://www.blooberteam.com/,NONE
SRC-DEC-STUDIO-NAME-001-232,DEC-STUDIO-NAME-001,Pazar örneklemi,market-research-director,Bloober Team — corroborating evidence,Resmî şirket/kurum sayfası veya doğrudan resmî platform kaydı,https://www.blooberteam.com/games,UNRESOLVED,2026-08-08,20:30:00+03:00,NOT FOUND,Poland,Bloober Team markasının erişilebilir kurumsal veya ürün faaliyeti sinyalini destekler,PRIMARY,MEDIUM,NONE KNOWN,HIGHLY_CHANGEABLE,2026-08-15,CNT-DEC-STUDIO-NAME-001-116:corroborating,"Direct URL captured for reproducible access; organisation-controlled source or direct platform record. INFERENCE: scale/form classifications are analytical coding, not source wording.","Availability and page contents can change; source is not legal, market-share, reputation, or ownership proof; publication date was not consistently exposed.",NEEDS_RECHECK,NOT ASSIGNED,UNRESOLVED,UNRESOLVED,PAIR-116,NO,NO,RECHECK_REQUIRED,FAIL,https://www.blooberteam.com/games,SSLError
SRC-DEC-STUDIO-NAME-001-233,DEC-STUDIO-NAME-001,Pazar örneklemi,market-research-director,People Can Fly — official source,Official organisation source,https://peoplecanfly.com/,People Can Fly,2026-08-08,20:30:00+03:00,2026-08-08,Poland,People Can Fly official identity and current public presence,PRIMARY,MEDIUM,NONE KNOWN,HIGHLY_CHANGEABLE,2026-08-15,CNT-DEC-STUDIO-NAME-001-117:primary,"Direct URL captured for reproducible access; organisation-controlled source or direct platform record. INFERENCE: scale/form classifications are analytical coding, not source wording.","Availability and page contents can change; source is not legal, market-share, reputation, or ownership proof; publication date was not consistently exposed.",NEEDS_RECHECK,quality-assurance-director,ORG:peoplecanfly.com,INDEPENDENT_PAIR_MEMBER,PAIR-117,NO,YES,RECHECK_REQUIRED,FAIL,https://peoplecanfly.com/,ConnectionError
SRC-DEC-STUDIO-NAME-001-234,DEC-STUDIO-NAME-001,Pazar örneklemi,market-research-director,People Can Fly — corroborating evidence,Resmî şirket/kurum sayfası veya doğrudan resmî platform kaydı,https://peoplecanfly.com/games/,UNRESOLVED,2026-08-08,20:30:00+03:00,NOT FOUND,Poland,People Can Fly markasının erişilebilir kurumsal veya ürün faaliyeti sinyalini destekler,PRIMARY,MEDIUM,NONE KNOWN,HIGHLY_CHANGEABLE,2026-08-15,CNT-DEC-STUDIO-NAME-001-117:corroborating,"Direct URL captured for reproducible access; organisation-controlled source or direct platform record. INFERENCE: scale/form classifications are analytical coding, not source wording.","Availability and page contents can change; source is not legal, market-share, reputation, or ownership proof; publication date was not consistently exposed.",NEEDS_RECHECK,NOT ASSIGNED,UNRESOLVED,UNRESOLVED,PAIR-117,NO,NO,RECHECK_REQUIRED,FAIL,https://peoplecanfly.com/games/,SSLError
SRC-DEC-STUDIO-NAME-001-235,DEC-STUDIO-NAME-001,Pazar örneklemi,market-research-director,Asobo Studio — official source,Official organisation source,https://www.asobostudio.com/,Asobo Studio,2026-08-08,20:30:00+03:00,2026-08-08,France,Asobo Studio official identity and current public presence,PRIMARY,MEDIUM,NONE KNOWN,HIGHLY_CHANGEABLE,2026-08-15,CNT-DEC-STUDIO-NAME-001-118:primary,"Direct URL captured for reproducible access; organisation-controlled source or direct platform record. INFERENCE: scale/form classifications are analytical coding, not source wording.","Availability and page contents can change; source is not legal, market-share, reputation, or ownership proof; publication date was not consistently exposed.",REVIEWED,quality-assurance-director,ORG:www.asobostudio.com,INDEPENDENT_PAIR_MEMBER,PAIR-118,YES,YES,VERIFIED_ACCESSIBLE,PASS,https://www.asobostudio.com/,NONE
SRC-DEC-STUDIO-NAME-001-236,DEC-STUDIO-NAME-001,Pazar örneklemi,market-research-director,Asobo Studio — corroborating evidence,Resmî şirket/kurum sayfası veya doğrudan resmî platform kaydı,https://www.asobostudio.com/games,UNRESOLVED,2026-08-08,20:30:00+03:00,NOT FOUND,France,Asobo Studio markasının erişilebilir kurumsal veya ürün faaliyeti sinyalini destekler,PRIMARY,MEDIUM,NONE KNOWN,HIGHLY_CHANGEABLE,2026-08-15,CNT-DEC-STUDIO-NAME-001-118:corroborating,"Direct URL captured for reproducible access; organisation-controlled source or direct platform record. INFERENCE: scale/form classifications are analytical coding, not source wording.","Availability and page contents can change; source is not legal, market-share, reputation, or ownership proof; publication date was not consistently exposed.",NEEDS_RECHECK,NOT ASSIGNED,UNRESOLVED,UNRESOLVED,PAIR-118,NO,NO,VERIFIED_ACCESSIBLE,FAIL,https://www.asobostudio.com/games,NONE
SRC-DEC-STUDIO-NAME-001-237,DEC-STUDIO-NAME-001,Pazar örneklemi,market-research-director,Larian Studios — official source,Official organisation source,https://larian.com/,Larian Studios,2026-08-08,20:30:00+03:00,2026-08-08,France,Larian Studios official identity and current public presence,PRIMARY,MEDIUM,NONE KNOWN,HIGHLY_CHANGEABLE,2026-08-15,CNT-DEC-STUDIO-NAME-001-119:primary,"Direct URL captured for reproducible access; organisation-controlled source or direct platform record. INFERENCE: scale/form classifications are analytical coding, not source wording.","Availability and page contents can change; source is not legal, market-share, reputation, or ownership proof; publication date was not consistently exposed.",NEEDS_RECHECK,quality-assurance-director,ORG:larian.com,INDEPENDENT_PAIR_MEMBER,PAIR-119,NO,YES,RECHECK_REQUIRED,FAIL,https://larian.com/,SSLError
SRC-DEC-STUDIO-NAME-001-238,DEC-STUDIO-NAME-001,Pazar örneklemi,market-research-director,Dontnod Entertainment — corroborating evidence,Resmî şirket/kurum sayfası veya doğrudan resmî platform kaydı,https://dont-nod.com/en/games/,UNRESOLVED,2026-08-08,20:30:00+03:00,NOT FOUND,France,Dontnod Entertainment markasının erişilebilir kurumsal veya ürün faaliyeti sinyalini destekler,PRIMARY,MEDIUM,NONE KNOWN,HIGHLY_CHANGEABLE,2026-08-15,CNT-DEC-STUDIO-NAME-001-119:corroborating,"Direct URL captured for reproducible access; organisation-controlled source or direct platform record. INFERENCE: scale/form classifications are analytical coding, not source wording.","Availability and page contents can change; source is not legal, market-share, reputation, or ownership proof; publication date was not consistently exposed.",NEEDS_RECHECK,NOT ASSIGNED,UNRESOLVED,UNRESOLVED,PAIR-119,NO,NO,VERIFIED_ACCESSIBLE,FAIL,https://dont-nod.com/en/games/,NONE
SRC-DEC-STUDIO-NAME-001-239,DEC-STUDIO-NAME-001,Pazar örneklemi,market-research-director,Quantic Dream — official source,Official organisation source,https://www.quanticdream.com/,Quantic Dream,2026-08-08,20:30:00+03:00,2026-08-08,France,Quantic Dream official identity and current public presence,PRIMARY,MEDIUM,NONE KNOWN,HIGHLY_CHANGEABLE,2026-08-15,CNT-DEC-STUDIO-NAME-001-120:primary,"Direct URL captured for reproducible access; organisation-controlled source or direct platform record. INFERENCE: scale/form classifications are analytical coding, not source wording.","Availability and page contents can change; source is not legal, market-share, reputation, or ownership proof; publication date was not consistently exposed.",NEEDS_RECHECK,quality-assurance-director,ORG:www.quanticdream.com,INDEPENDENT_PAIR_MEMBER,PAIR-120,NO,YES,RECHECK_REQUIRED,FAIL,https://www.quanticdream.com/,SSLError
SRC-DEC-STUDIO-NAME-001-240,DEC-STUDIO-NAME-001,Pazar örneklemi,market-research-director,Quantic Dream — corroborating evidence,Resmî şirket/kurum sayfası veya doğrudan resmî platform kaydı,https://www.quanticdream.com/en/games,UNRESOLVED,2026-08-08,20:30:00+03:00,NOT FOUND,France,Quantic Dream markasının erişilebilir kurumsal veya ürün faaliyeti sinyalini destekler,PRIMARY,MEDIUM,NONE KNOWN,HIGHLY_CHANGEABLE,2026-08-15,CNT-DEC-STUDIO-NAME-001-120:corroborating,"Direct URL captured for reproducible access; organisation-controlled source or direct platform record. INFERENCE: scale/form classifications are analytical coding, not source wording.","Availability and page contents can change; source is not legal, market-share, reputation, or ownership proof; publication date was not consistently exposed.",NEEDS_RECHECK,NOT ASSIGNED,UNRESOLVED,UNRESOLVED,PAIR-120,NO,NO,RECHECK_REQUIRED,FAIL,https://www.quanticdream.com/en/games,SSLError
SRC-DEC-STUDIO-NAME-001-241,DEC-STUDIO-NAME-001,Pazar örneklemi,market-research-director,IO Interactive — official source,Official organisation source,https://ioi.dk/,IO Interactive,2026-08-08,20:30:00+03:00,2026-08-08,Denmark,IO Interactive official identity and current public presence,PRIMARY,MEDIUM,NONE KNOWN,HIGHLY_CHANGEABLE,2026-08-15,CNT-DEC-STUDIO-NAME-001-121:primary,"Direct URL captured for reproducible access; organisation-controlled source or direct platform record. INFERENCE: scale/form classifications are analytical coding, not source wording.","Availability and page contents can change; source is not legal, market-share, reputation, or ownership proof; publication date was not consistently exposed.",NEEDS_RECHECK,quality-assurance-director,ORG:ioi.dk,INDEPENDENT_PAIR_MEMBER,PAIR-121,NO,YES,RECHECK_REQUIRED,FAIL,https://ioi.dk/,SSLError
SRC-DEC-STUDIO-NAME-001-242,DEC-STUDIO-NAME-001,Pazar örneklemi,market-research-director,IO Interactive — corroborating evidence,Resmî şirket/kurum sayfası veya doğrudan resmî platform kaydı,https://ioi.dk/games,UNRESOLVED,2026-08-08,20:30:00+03:00,NOT FOUND,Denmark,IO Interactive markasının erişilebilir kurumsal veya ürün faaliyeti sinyalini destekler,PRIMARY,MEDIUM,NONE KNOWN,HIGHLY_CHANGEABLE,2026-08-15,CNT-DEC-STUDIO-NAME-001-121:corroborating,"Direct URL captured for reproducible access; organisation-controlled source or direct platform record. INFERENCE: scale/form classifications are analytical coding, not source wording.","Availability and page contents can change; source is not legal, market-share, reputation, or ownership proof; publication date was not consistently exposed.",NEEDS_RECHECK,NOT ASSIGNED,UNRESOLVED,UNRESOLVED,PAIR-121,NO,NO,RECHECK_REQUIRED,FAIL,https://ioi.dk/games,SSLError
SRC-DEC-STUDIO-NAME-001-243,DEC-STUDIO-NAME-001,Pazar örneklemi,market-research-director,MercurySteam — official source,Official organisation source,https://www.mercurysteam.com/,MercurySteam,2026-08-08,20:30:00+03:00,2026-08-08,Spain,MercurySteam official identity and current public presence,PRIMARY,MEDIUM,NONE KNOWN,HIGHLY_CHANGEABLE,2026-08-15,CNT-DEC-STUDIO-NAME-001-122:primary,"Direct URL captured for reproducible access; organisation-controlled source or direct platform record. INFERENCE: scale/form classifications are analytical coding, not source wording.","Availability and page contents can change; source is not legal, market-share, reputation, or ownership proof; publication date was not consistently exposed.",REVIEWED,quality-assurance-director,ORG:www.mercurysteam.com,INDEPENDENT_PAIR_MEMBER,PAIR-122,YES,YES,VERIFIED_ACCESSIBLE,PASS,https://www.mercurysteam.com/,NONE
SRC-DEC-STUDIO-NAME-001-244,DEC-STUDIO-NAME-001,Pazar örneklemi,market-research-director,MercurySteam — corroborating evidence,Resmî şirket/kurum sayfası veya doğrudan resmî platform kaydı,https://www.mercurysteam.com/games/,UNRESOLVED,2026-08-08,20:30:00+03:00,NOT FOUND,Spain,MercurySteam markasının erişilebilir kurumsal veya ürün faaliyeti sinyalini destekler,PRIMARY,MEDIUM,NONE KNOWN,HIGHLY_CHANGEABLE,2026-08-15,CNT-DEC-STUDIO-NAME-001-122:corroborating,"Direct URL captured for reproducible access; organisation-controlled source or direct platform record. INFERENCE: scale/form classifications are analytical coding, not source wording.","Availability and page contents can change; source is not legal, market-share, reputation, or ownership proof; publication date was not consistently exposed.",REJECTED,NOT ASSIGNED,UNRESOLVED,UNRESOLVED,PAIR-122,NO,NO,BROKEN_LINK,FAIL,https://www.mercurysteam.com/games,308:https://www.mercurysteam.com/games/
SRC-DEC-STUDIO-NAME-001-245,DEC-STUDIO-NAME-001,Pazar örneklemi,market-research-director,TaleWorlds Entertainment — official source,Official organisation source,https://www.taleworlds.com/,TaleWorlds Entertainment,2026-08-08,20:30:00+03:00,2026-08-08,Türkiye,TaleWorlds Entertainment official identity and current public presence,PRIMARY,MEDIUM,NONE KNOWN,HIGHLY_CHANGEABLE,2026-08-15,CNT-DEC-STUDIO-NAME-001-123:primary,"Direct URL captured for reproducible access; organisation-controlled source or direct platform record. INFERENCE: scale/form classifications are analytical coding, not source wording.","Availability and page contents can change; source is not legal, market-share, reputation, or ownership proof; publication date was not consistently exposed.",NEEDS_RECHECK,quality-assurance-director,ORG:www.taleworlds.com,INDEPENDENT_PAIR_MEMBER,PAIR-123,NO,YES,RECHECK_REQUIRED,FAIL,https://www.taleworlds.com/,SSLError
SRC-DEC-STUDIO-NAME-001-246,DEC-STUDIO-NAME-001,Pazar örneklemi,market-research-director,TaleWorlds Entertainment — corroborating evidence,Resmî şirket/kurum sayfası veya doğrudan resmî platform kaydı,https://www.taleworlds.com/en/Games,UNRESOLVED,2026-08-08,20:30:00+03:00,NOT FOUND,Türkiye,TaleWorlds Entertainment markasının erişilebilir kurumsal veya ürün faaliyeti sinyalini destekler,PRIMARY,MEDIUM,NONE KNOWN,HIGHLY_CHANGEABLE,2026-08-15,CNT-DEC-STUDIO-NAME-001-123:corroborating,"Direct URL captured for reproducible access; organisation-controlled source or direct platform record. INFERENCE: scale/form classifications are analytical coding, not source wording.","Availability and page contents can change; source is not legal, market-share, reputation, or ownership proof; publication date was not consistently exposed.",NEEDS_RECHECK,NOT ASSIGNED,UNRESOLVED,UNRESOLVED,PAIR-123,NO,NO,RECHECK_REQUIRED,FAIL,https://www.taleworlds.com/en/Games,SSLError
SRC-DEC-STUDIO-NAME-001-247,DEC-STUDIO-NAME-001,Pazar örneklemi,market-research-director,Game Science — official source,Official organisation source,https://www.gamesci.com.cn/,Game Science,2026-08-08,20:30:00+03:00,2026-08-08,China,Game Science official identity and current public presence,PRIMARY,MEDIUM,NONE KNOWN,HIGHLY_CHANGEABLE,2026-08-15,CNT-DEC-STUDIO-NAME-001-124:primary,"Direct URL captured for reproducible access; organisation-controlled source or direct platform record. INFERENCE: scale/form classifications are analytical coding, not source wording.","Availability and page contents can change; source is not legal, market-share, reputation, or ownership proof; publication date was not consistently exposed.",NEEDS_RECHECK,quality-assurance-director,ORG:www.gamesci.com.cn,INDEPENDENT_PAIR_MEMBER,PAIR-124,NO,YES,RECHECK_REQUIRED,FAIL,https://www.gamesci.com.cn/,ConnectionError
SRC-DEC-STUDIO-NAME-001-248,DEC-STUDIO-NAME-001,Pazar örneklemi,market-research-director,Game Science — corroborating evidence,Resmî şirket/kurum sayfası veya doğrudan resmî platform kaydı,https://www.heishenhua.com/,UNRESOLVED,2026-08-08,20:30:00+03:00,NOT FOUND,China,Game Science markasının erişilebilir kurumsal veya ürün faaliyeti sinyalini destekler,PRIMARY,MEDIUM,NONE KNOWN,HIGHLY_CHANGEABLE,2026-08-15,CNT-DEC-STUDIO-NAME-001-124:corroborating,"Direct URL captured for reproducible access; organisation-controlled source or direct platform record. INFERENCE: scale/form classifications are analytical coding, not source wording.","Availability and page contents can change; source is not legal, market-share, reputation, or ownership proof; publication date was not consistently exposed.",NEEDS_RECHECK,NOT ASSIGNED,UNRESOLVED,UNRESOLVED,PAIR-124,NO,NO,RECHECK_REQUIRED,FAIL,https://www.heishenhua.com/,SSLError
SRC-DEC-STUDIO-NAME-001-249,DEC-STUDIO-NAME-001,Pazar örneklemi,market-research-director,Neowiz — official source,Official organisation source,https://www.neowiz.com/,Neowiz,2026-08-08,20:30:00+03:00,2026-08-08,South Korea,Neowiz official identity and current public presence,PRIMARY,MEDIUM,NONE KNOWN,HIGHLY_CHANGEABLE,2026-08-15,CNT-DEC-STUDIO-NAME-001-125:primary,"Direct URL captured for reproducible access; organisation-controlled source or direct platform record. INFERENCE: scale/form classifications are analytical coding, not source wording.","Availability and page contents can change; source is not legal, market-share, reputation, or ownership proof; publication date was not consistently exposed.",NEEDS_RECHECK,quality-assurance-director,ORG:www.neowiz.com,INDEPENDENT_PAIR_MEMBER,PAIR-125,NO,YES,RECHECK_REQUIRED,FAIL,https://www.neowiz.com/,SSLError
SRC-DEC-STUDIO-NAME-001-250,DEC-STUDIO-NAME-001,Pazar örneklemi,market-research-director,Neowiz — corroborating evidence,Resmî şirket/kurum sayfası veya doğrudan resmî platform kaydı,https://www.neowiz.com/en/game,UNRESOLVED,2026-08-08,20:30:00+03:00,NOT FOUND,South Korea,Neowiz markasının erişilebilir kurumsal veya ürün faaliyeti sinyalini destekler,PRIMARY,MEDIUM,NONE KNOWN,HIGHLY_CHANGEABLE,2026-08-15,CNT-DEC-STUDIO-NAME-001-125:corroborating,"Direct URL captured for reproducible access; organisation-controlled source or direct platform record. INFERENCE: scale/form classifications are analytical coding, not source wording.","Availability and page contents can change; source is not legal, market-share, reputation, or ownership proof; publication date was not consistently exposed.",NEEDS_RECHECK,NOT ASSIGNED,UNRESOLVED,UNRESOLVED,PAIR-125,NO,NO,RECHECK_REQUIRED,FAIL,https://www.neowiz.com/en/game,SSLError
SRC-DEC-STUDIO-NAME-001-251,DEC-STUDIO-NAME-001,Pazar örneklemi,market-research-director,Creative Assembly — official source,Official organisation source,https://www.creative-assembly.com/,Creative Assembly,2026-08-08,20:30:00+03:00,2026-08-08,United Kingdom,Creative Assembly official identity and current public presence,PRIMARY,MEDIUM,NONE KNOWN,HIGHLY_CHANGEABLE,2026-08-15,CNT-DEC-STUDIO-NAME-001-126:primary,"Direct URL captured for reproducible access; organisation-controlled source or direct platform record. INFERENCE: scale/form classifications are analytical coding, not source wording.","Availability and page contents can change; source is not legal, market-share, reputation, or ownership proof; publication date was not consistently exposed.",REJECTED,quality-assurance-director,ORG:www.creative-assembly.com,INDEPENDENT_PAIR_MEMBER,PAIR-126,NO,YES,ACCESS_BLOCKED,FAIL,https://www.creative-assembly.com/,NONE
SRC-DEC-STUDIO-NAME-001-252,DEC-STUDIO-NAME-001,Pazar örneklemi,market-research-director,Creative Assembly — corroborating evidence,Resmî şirket/kurum sayfası veya doğrudan resmî platform kaydı,https://www.creative-assembly.com/games,UNRESOLVED,2026-08-08,20:30:00+03:00,NOT FOUND,United Kingdom,Creative Assembly markasının erişilebilir kurumsal veya ürün faaliyeti sinyalini destekler,PRIMARY,MEDIUM,NONE KNOWN,HIGHLY_CHANGEABLE,2026-08-15,CNT-DEC-STUDIO-NAME-001-126:corroborating,"Direct URL captured for reproducible access; organisation-controlled source or direct platform record. INFERENCE: scale/form classifications are analytical coding, not source wording.","Availability and page contents can change; source is not legal, market-share, reputation, or ownership proof; publication date was not consistently exposed.",NEEDS_RECHECK,NOT ASSIGNED,UNRESOLVED,UNRESOLVED,PAIR-126,NO,NO,RECHECK_REQUIRED,FAIL,https://www.creative-assembly.com/games,SSLError
SRC-DEC-STUDIO-NAME-001-253,DEC-STUDIO-NAME-001,Pazar örneklemi,market-research-director,Relic Entertainment — official source,Official organisation source,https://www.relic.com/,Relic Entertainment,2026-08-08,20:30:00+03:00,2026-08-08,Canada,Relic Entertainment official identity and current public presence,PRIMARY,MEDIUM,NONE KNOWN,HIGHLY_CHANGEABLE,2026-08-15,CNT-DEC-STUDIO-NAME-001-127:primary,"Direct URL captured for reproducible access; organisation-controlled source or direct platform record. INFERENCE: scale/form classifications are analytical coding, not source wording.","Availability and page contents can change; source is not legal, market-share, reputation, or ownership proof; publication date was not consistently exposed.",NEEDS_RECHECK,quality-assurance-director,ORG:www.relic.com,INDEPENDENT_PAIR_MEMBER,PAIR-127,NO,YES,RECHECK_REQUIRED,FAIL,https://www.relic.com/,ConnectionError
SRC-DEC-STUDIO-NAME-001-254,DEC-STUDIO-NAME-001,Pazar örneklemi,market-research-director,Relic Entertainment — corroborating evidence,Resmî şirket/kurum sayfası veya doğrudan resmî platform kaydı,https://www.relic.com/games,UNRESOLVED,2026-08-08,20:30:00+03:00,NOT FOUND,Canada,Relic Entertainment markasının erişilebilir kurumsal veya ürün faaliyeti sinyalini destekler,PRIMARY,MEDIUM,NONE KNOWN,HIGHLY_CHANGEABLE,2026-08-15,CNT-DEC-STUDIO-NAME-001-127:corroborating,"Direct URL captured for reproducible access; organisation-controlled source or direct platform record. INFERENCE: scale/form classifications are analytical coding, not source wording.","Availability and page contents can change; source is not legal, market-share, reputation, or ownership proof; publication date was not consistently exposed.",NEEDS_RECHECK,NOT ASSIGNED,UNRESOLVED,UNRESOLVED,PAIR-127,NO,NO,RECHECK_REQUIRED,FAIL,https://www.relic.com/games,SSLError
SRC-DEC-STUDIO-NAME-001-255,DEC-STUDIO-NAME-001,Pazar örneklemi,market-research-director,Firaxis Games — official source,Official organisation source,https://firaxis.com/,Firaxis Games,2026-08-08,20:30:00+03:00,2026-08-08,United States,Firaxis Games official identity and current public presence,PRIMARY,MEDIUM,NONE KNOWN,HIGHLY_CHANGEABLE,2026-08-15,CNT-DEC-STUDIO-NAME-001-128:primary,"Direct URL captured for reproducible access; organisation-controlled source or direct platform record. INFERENCE: scale/form classifications are analytical coding, not source wording.","Availability and page contents can change; source is not legal, market-share, reputation, or ownership proof; publication date was not consistently exposed.",REVIEWED,quality-assurance-director,ORG:firaxis.com,INDEPENDENT_PAIR_MEMBER,PAIR-128,YES,YES,VERIFIED_ACCESSIBLE,PASS,https://firaxis.com/,NONE
SRC-DEC-STUDIO-NAME-001-256,DEC-STUDIO-NAME-001,Pazar örneklemi,market-research-director,Firaxis Games — corroborating evidence,Resmî şirket/kurum sayfası veya doğrudan resmî platform kaydı,https://firaxis.com/games/,UNRESOLVED,2026-08-08,20:30:00+03:00,NOT FOUND,United States,Firaxis Games markasının erişilebilir kurumsal veya ürün faaliyeti sinyalini destekler,PRIMARY,MEDIUM,NONE KNOWN,HIGHLY_CHANGEABLE,2026-08-15,CNT-DEC-STUDIO-NAME-001-128:corroborating,"Direct URL captured for reproducible access; organisation-controlled source or direct platform record. INFERENCE: scale/form classifications are analytical coding, not source wording.","Availability and page contents can change; source is not legal, market-share, reputation, or ownership proof; publication date was not consistently exposed.",REJECTED,NOT ASSIGNED,UNRESOLVED,UNRESOLVED,PAIR-128,NO,NO,BROKEN_LINK,FAIL,https://firaxis.com/games/,NONE
SRC-DEC-STUDIO-NAME-001-257,DEC-STUDIO-NAME-001,Pazar örneklemi,market-research-director,Amplitude Studios — official source,Official organisation source,https://www.amplitude-studios.com/,Amplitude Studios,2026-08-08,20:30:00+03:00,2026-08-08,France,Amplitude Studios official identity and current public presence,PRIMARY,MEDIUM,NONE KNOWN,HIGHLY_CHANGEABLE,2026-08-15,CNT-DEC-STUDIO-NAME-001-129:primary,"Direct URL captured for reproducible access; organisation-controlled source or direct platform record. INFERENCE: scale/form classifications are analytical coding, not source wording.","Availability and page contents can change; source is not legal, market-share, reputation, or ownership proof; publication date was not consistently exposed.",NEEDS_RECHECK,quality-assurance-director,ORG:www.amplitude-studios.com,INDEPENDENT_PAIR_MEMBER,PAIR-129,NO,YES,RECHECK_REQUIRED,FAIL,https://www.amplitude-studios.com/,ConnectionError
SRC-DEC-STUDIO-NAME-001-258,DEC-STUDIO-NAME-001,Pazar örneklemi,market-research-director,Amplitude Studios — corroborating evidence,Resmî şirket/kurum sayfası veya doğrudan resmî platform kaydı,https://www.amplitude-studios.com/games,UNRESOLVED,2026-08-08,20:30:00+03:00,NOT FOUND,France,Amplitude Studios markasının erişilebilir kurumsal veya ürün faaliyeti sinyalini destekler,PRIMARY,MEDIUM,NONE KNOWN,HIGHLY_CHANGEABLE,2026-08-15,CNT-DEC-STUDIO-NAME-001-129:corroborating,"Direct URL captured for reproducible access; organisation-controlled source or direct platform record. INFERENCE: scale/form classifications are analytical coding, not source wording.","Availability and page contents can change; source is not legal, market-share, reputation, or ownership proof; publication date was not consistently exposed.",NEEDS_RECHECK,NOT ASSIGNED,UNRESOLVED,UNRESOLVED,PAIR-129,NO,NO,RECHECK_REQUIRED,FAIL,https://www.amplitude-studios.com/games,SSLError
SRC-DEC-STUDIO-NAME-001-259,DEC-STUDIO-NAME-001,Pazar örneklemi,market-research-director,Slitherine — official source,Official organisation source,https://www.slitherine.com/,Slitherine,2026-08-08,20:30:00+03:00,2026-08-08,United Kingdom,Slitherine official identity and current public presence,PRIMARY,MEDIUM,NONE KNOWN,HIGHLY_CHANGEABLE,2026-08-15,CNT-DEC-STUDIO-NAME-001-130:primary,"Direct URL captured for reproducible access; organisation-controlled source or direct platform record. INFERENCE: scale/form classifications are analytical coding, not source wording.","Availability and page contents can change; source is not legal, market-share, reputation, or ownership proof; publication date was not consistently exposed.",REVIEWED,quality-assurance-director,ORG:www.slitherine.com,INDEPENDENT_PAIR_MEMBER,PAIR-130,YES,YES,VERIFIED_WITH_REDIRECT,PASS,https://www6.slitherine.com/,302:https://www.slitherine.com/
SRC-DEC-STUDIO-NAME-001-260,DEC-STUDIO-NAME-001,Pazar örneklemi,market-research-director,Slitherine — corroborating evidence,Resmî şirket/kurum sayfası veya doğrudan resmî platform kaydı,https://www.slitherine.com/games,UNRESOLVED,2026-08-08,20:30:00+03:00,NOT FOUND,United Kingdom,Slitherine markasının erişilebilir kurumsal veya ürün faaliyeti sinyalini destekler,PRIMARY,MEDIUM,NONE KNOWN,HIGHLY_CHANGEABLE,2026-08-15,CNT-DEC-STUDIO-NAME-001-130:corroborating,"Direct URL captured for reproducible access; organisation-controlled source or direct platform record. INFERENCE: scale/form classifications are analytical coding, not source wording.","Availability and page contents can change; source is not legal, market-share, reputation, or ownership proof; publication date was not consistently exposed.",NEEDS_RECHECK,NOT ASSIGNED,UNRESOLVED,UNRESOLVED,PAIR-130,NO,NO,VERIFIED_WITH_REDIRECT,FAIL,https://www6.slitherine.com/games,302:https://www.slitherine.com/games
SRC-DEC-STUDIO-NAME-001-261,DEC-STUDIO-NAME-001,Pazar örneklemi,market-research-director,Matrix Games — official source,Official organisation source,https://www.matrixgames.com/,Matrix Games,2026-08-08,20:30:00+03:00,2026-08-08,United Kingdom,Matrix Games official identity and current public presence,PRIMARY,MEDIUM,NONE KNOWN,HIGHLY_CHANGEABLE,2026-08-15,CNT-DEC-STUDIO-NAME-001-131:primary,"Direct URL captured for reproducible access; organisation-controlled source or direct platform record. INFERENCE: scale/form classifications are analytical coding, not source wording.","Availability and page contents can change; source is not legal, market-share, reputation, or ownership proof; publication date was not consistently exposed.",REVIEWED,quality-assurance-director,ORG:www.matrixgames.com,INDEPENDENT_PAIR_MEMBER,PAIR-131,YES,YES,VERIFIED_ACCESSIBLE,PASS,https://www.matrixgames.com/,NONE
SRC-DEC-STUDIO-NAME-001-262,DEC-STUDIO-NAME-001,Pazar örneklemi,market-research-director,Matrix Games — corroborating evidence,Resmî şirket/kurum sayfası veya doğrudan resmî platform kaydı,https://www.matrixgames.com/games,UNRESOLVED,2026-08-08,20:30:00+03:00,NOT FOUND,United Kingdom,Matrix Games markasının erişilebilir kurumsal veya ürün faaliyeti sinyalini destekler,PRIMARY,MEDIUM,NONE KNOWN,HIGHLY_CHANGEABLE,2026-08-15,CNT-DEC-STUDIO-NAME-001-131:corroborating,"Direct URL captured for reproducible access; organisation-controlled source or direct platform record. INFERENCE: scale/form classifications are analytical coding, not source wording.","Availability and page contents can change; source is not legal, market-share, reputation, or ownership proof; publication date was not consistently exposed.",NEEDS_RECHECK,NOT ASSIGNED,UNRESOLVED,UNRESOLVED,PAIR-131,NO,NO,VERIFIED_ACCESSIBLE,FAIL,https://www.matrixgames.com/games,NONE
SRC-DEC-STUDIO-NAME-001-263,DEC-STUDIO-NAME-001,Pazar örneklemi,market-research-director,Bohemia Interactive — official source,Official organisation source,https://www.bohemia.net/,Bohemia Interactive,2026-08-08,20:30:00+03:00,2026-08-08,Czechia,Bohemia Interactive official identity and current public presence,PRIMARY,MEDIUM,NONE KNOWN,HIGHLY_CHANGEABLE,2026-08-15,CNT-DEC-STUDIO-NAME-001-132:primary,"Direct URL captured for reproducible access; organisation-controlled source or direct platform record. INFERENCE: scale/form classifications are analytical coding, not source wording.","Availability and page contents can change; source is not legal, market-share, reputation, or ownership proof; publication date was not consistently exposed.",NEEDS_RECHECK,quality-assurance-director,ORG:www.bohemia.net,INDEPENDENT_PAIR_MEMBER,PAIR-132,NO,YES,RECHECK_REQUIRED,FAIL,https://www.bohemia.net/,SSLError
SRC-DEC-STUDIO-NAME-001-264,DEC-STUDIO-NAME-001,Pazar örneklemi,market-research-director,Bohemia Interactive — corroborating evidence,Resmî şirket/kurum sayfası veya doğrudan resmî platform kaydı,https://www.bohemia.net/games,UNRESOLVED,2026-08-08,20:30:00+03:00,NOT FOUND,Czechia,Bohemia Interactive markasının erişilebilir kurumsal veya ürün faaliyeti sinyalini destekler,PRIMARY,MEDIUM,NONE KNOWN,HIGHLY_CHANGEABLE,2026-08-15,CNT-DEC-STUDIO-NAME-001-132:corroborating,"Direct URL captured for reproducible access; organisation-controlled source or direct platform record. INFERENCE: scale/form classifications are analytical coding, not source wording.","Availability and page contents can change; source is not legal, market-share, reputation, or ownership proof; publication date was not consistently exposed.",NEEDS_RECHECK,NOT ASSIGNED,UNRESOLVED,UNRESOLVED,PAIR-132,NO,NO,RECHECK_REQUIRED,FAIL,https://www.bohemia.net/games,SSLError
SRC-DEC-STUDIO-NAME-001-265,DEC-STUDIO-NAME-001,Pazar örneklemi,market-research-director,Egosoft — official source,Official organisation source,https://www.egosoft.com/,Egosoft,2026-08-08,20:30:00+03:00,2026-08-08,Germany,Egosoft official identity and current public presence,PRIMARY,MEDIUM,NONE KNOWN,HIGHLY_CHANGEABLE,2026-08-15,CNT-DEC-STUDIO-NAME-001-133:primary,"Direct URL captured for reproducible access; organisation-controlled source or direct platform record. INFERENCE: scale/form classifications are analytical coding, not source wording.","Availability and page contents can change; source is not legal, market-share, reputation, or ownership proof; publication date was not consistently exposed.",REVIEWED,quality-assurance-director,ORG:www.egosoft.com,INDEPENDENT_PAIR_MEMBER,PAIR-133,YES,YES,VERIFIED_WITH_REDIRECT,PASS,https://www.egosoft.com/community/news_en.php,302:https://www.egosoft.com/
SRC-DEC-STUDIO-NAME-001-266,DEC-STUDIO-NAME-001,Pazar örneklemi,market-research-director,Egosoft — corroborating evidence,Resmî şirket/kurum sayfası veya doğrudan resmî platform kaydı,https://www.egosoft.com/games/x4/info_en.php,UNRESOLVED,2026-08-08,20:30:00+03:00,NOT FOUND,Germany,Egosoft markasının erişilebilir kurumsal veya ürün faaliyeti sinyalini destekler,PRIMARY,MEDIUM,NONE KNOWN,HIGHLY_CHANGEABLE,2026-08-15,CNT-DEC-STUDIO-NAME-001-133:corroborating,"Direct URL captured for reproducible access; organisation-controlled source or direct platform record. INFERENCE: scale/form classifications are analytical coding, not source wording.","Availability and page contents can change; source is not legal, market-share, reputation, or ownership proof; publication date was not consistently exposed.",NEEDS_RECHECK,NOT ASSIGNED,UNRESOLVED,UNRESOLVED,PAIR-133,NO,NO,VERIFIED_ACCESSIBLE,FAIL,https://www.egosoft.com/games/x4/info_en.php,NONE
SRC-DEC-STUDIO-NAME-001-267,DEC-STUDIO-NAME-001,Pazar örneklemi,market-research-director,Wargaming — official source,Official organisation source,https://wargaming.com/,Wargaming,2026-08-08,20:30:00+03:00,2026-08-08,Cyprus,Wargaming official identity and current public presence,PRIMARY,MEDIUM,NONE KNOWN,HIGHLY_CHANGEABLE,2026-08-15,CNT-DEC-STUDIO-NAME-001-134:primary,"Direct URL captured for reproducible access; organisation-controlled source or direct platform record. INFERENCE: scale/form classifications are analytical coding, not source wording.","Availability and page contents can change; source is not legal, market-share, reputation, or ownership proof; publication date was not consistently exposed.",NEEDS_RECHECK,quality-assurance-director,ORG:wargaming.com,INDEPENDENT_PAIR_MEMBER,PAIR-134,NO,YES,RECHECK_REQUIRED,FAIL,https://wargaming.com/,SSLError
SRC-DEC-STUDIO-NAME-001-268,DEC-STUDIO-NAME-001,Pazar örneklemi,market-research-director,Wargaming — corroborating evidence,Resmî şirket/kurum sayfası veya doğrudan resmî platform kaydı,https://wargaming.com/en/games/,UNRESOLVED,2026-08-08,20:30:00+03:00,NOT FOUND,Cyprus,Wargaming markasının erişilebilir kurumsal veya ürün faaliyeti sinyalini destekler,PRIMARY,MEDIUM,NONE KNOWN,HIGHLY_CHANGEABLE,2026-08-15,CNT-DEC-STUDIO-NAME-001-134:corroborating,"Direct URL captured for reproducible access; organisation-controlled source or direct platform record. INFERENCE: scale/form classifications are analytical coding, not source wording.","Availability and page contents can change; source is not legal, market-share, reputation, or ownership proof; publication date was not consistently exposed.",NEEDS_RECHECK,NOT ASSIGNED,UNRESOLVED,UNRESOLVED,PAIR-134,NO,NO,RECHECK_REQUIRED,FAIL,https://wargaming.com/en/games/,SSLError
SRC-DEC-STUDIO-NAME-001-269,DEC-STUDIO-NAME-001,Pazar örneklemi,market-research-director,Gaijin Entertainment — official source,Official organisation source,https://gaijinent.com/,Gaijin Entertainment,2026-08-08,20:30:00+03:00,2026-08-08,Hungary,Gaijin Entertainment official identity and current public presence,PRIMARY,MEDIUM,NONE KNOWN,HIGHLY_CHANGEABLE,2026-08-15,CNT-DEC-STUDIO-NAME-001-135:primary,"Direct URL captured for reproducible access; organisation-controlled source or direct platform record. INFERENCE: scale/form classifications are analytical coding, not source wording.","Availability and page contents can change; source is not legal, market-share, reputation, or ownership proof; publication date was not consistently exposed.",REVIEWED,quality-assurance-director,ORG:gaijinent.com,INDEPENDENT_PAIR_MEMBER,PAIR-135,YES,YES,VERIFIED_ACCESSIBLE,PASS,https://gaijinent.com/,NONE
SRC-DEC-STUDIO-NAME-001-270,DEC-STUDIO-NAME-001,Pazar örneklemi,market-research-director,Gaijin Entertainment — corroborating evidence,Resmî şirket/kurum sayfası veya doğrudan resmî platform kaydı,https://gaijinent.com/en/games,UNRESOLVED,2026-08-08,20:30:00+03:00,NOT FOUND,Hungary,Gaijin Entertainment markasının erişilebilir kurumsal veya ürün faaliyeti sinyalini destekler,PRIMARY,MEDIUM,NONE KNOWN,HIGHLY_CHANGEABLE,2026-08-15,CNT-DEC-STUDIO-NAME-001-135:corroborating,"Direct URL captured for reproducible access; organisation-controlled source or direct platform record. INFERENCE: scale/form classifications are analytical coding, not source wording.","Availability and page contents can change; source is not legal, market-share, reputation, or ownership proof; publication date was not consistently exposed.",NEEDS_RECHECK,NOT ASSIGNED,UNRESOLVED,UNRESOLVED,PAIR-135,NO,NO,VERIFIED_WITH_REDIRECT,FAIL,https://gaijinent.com/game,303:https://gaijinent.com/en/games
SRC-DEC-STUDIO-NAME-001-271,DEC-STUDIO-NAME-001,Pazar örneklemi,market-research-director,CCP Games — official source,Official organisation source,https://www.ccpgames.com/,CCP Games,2026-08-08,20:30:00+03:00,2026-08-08,Iceland,CCP Games official identity and current public presence,PRIMARY,MEDIUM,NONE KNOWN,HIGHLY_CHANGEABLE,2026-08-15,CNT-DEC-STUDIO-NAME-001-136:primary,"Direct URL captured for reproducible access; organisation-controlled source or direct platform record. INFERENCE: scale/form classifications are analytical coding, not source wording.","Availability and page contents can change; source is not legal, market-share, reputation, or ownership proof; publication date was not consistently exposed.",NEEDS_RECHECK,quality-assurance-director,ORG:www.ccpgames.com,INDEPENDENT_PAIR_MEMBER,PAIR-136,NO,YES,RECHECK_REQUIRED,FAIL,https://www.ccpgames.com/,SSLError
SRC-DEC-STUDIO-NAME-001-272,DEC-STUDIO-NAME-001,Pazar örneklemi,market-research-director,CCP Games — corroborating evidence,Resmî şirket/kurum sayfası veya doğrudan resmî platform kaydı,https://www.ccpgames.com/products,UNRESOLVED,2026-08-08,20:30:00+03:00,NOT FOUND,Iceland,CCP Games markasının erişilebilir kurumsal veya ürün faaliyeti sinyalini destekler,PRIMARY,MEDIUM,NONE KNOWN,HIGHLY_CHANGEABLE,2026-08-15,CNT-DEC-STUDIO-NAME-001-136:corroborating,"Direct URL captured for reproducible access; organisation-controlled source or direct platform record. INFERENCE: scale/form classifications are analytical coding, not source wording.","Availability and page contents can change; source is not legal, market-share, reputation, or ownership proof; publication date was not consistently exposed.",NEEDS_RECHECK,NOT ASSIGNED,UNRESOLVED,UNRESOLVED,PAIR-136,NO,NO,RECHECK_REQUIRED,FAIL,https://www.ccpgames.com/products,SSLError
SRC-DEC-STUDIO-NAME-001-273,DEC-STUDIO-NAME-001,Pazar örneklemi,market-research-director,Jagex — official source,Official organisation source,https://www.jagex.com/,Jagex,2026-08-08,20:30:00+03:00,2026-08-08,United Kingdom,Jagex official identity and current public presence,PRIMARY,MEDIUM,NONE KNOWN,HIGHLY_CHANGEABLE,2026-08-15,CNT-DEC-STUDIO-NAME-001-137:primary,"Direct URL captured for reproducible access; organisation-controlled source or direct platform record. INFERENCE: scale/form classifications are analytical coding, not source wording.","Availability and page contents can change; source is not legal, market-share, reputation, or ownership proof; publication date was not consistently exposed.",NEEDS_RECHECK,quality-assurance-director,ORG:www.jagex.com,INDEPENDENT_PAIR_MEMBER,PAIR-137,NO,YES,RECHECK_REQUIRED,FAIL,https://www.jagex.com/,SSLError
SRC-DEC-STUDIO-NAME-001-274,DEC-STUDIO-NAME-001,Pazar örneklemi,market-research-director,Jagex — corroborating evidence,Resmî şirket/kurum sayfası veya doğrudan resmî platform kaydı,https://www.jagex.com/en-GB/games,UNRESOLVED,2026-08-08,20:30:00+03:00,NOT FOUND,United Kingdom,Jagex markasının erişilebilir kurumsal veya ürün faaliyeti sinyalini destekler,PRIMARY,MEDIUM,NONE KNOWN,HIGHLY_CHANGEABLE,2026-08-15,CNT-DEC-STUDIO-NAME-001-137:corroborating,"Direct URL captured for reproducible access; organisation-controlled source or direct platform record. INFERENCE: scale/form classifications are analytical coding, not source wording.","Availability and page contents can change; source is not legal, market-share, reputation, or ownership proof; publication date was not consistently exposed.",NEEDS_RECHECK,NOT ASSIGNED,UNRESOLVED,UNRESOLVED,PAIR-137,NO,NO,RECHECK_REQUIRED,FAIL,https://www.jagex.com/en-GB/games,SSLError
SRC-DEC-STUDIO-NAME-001-275,DEC-STUDIO-NAME-001,Pazar örneklemi,market-research-director,Frontier Developments — official source,Official organisation source,https://www.frontier.co.uk/,Frontier Developments,2026-08-08,20:30:00+03:00,2026-08-08,United Kingdom,Frontier Developments official identity and current public presence,PRIMARY,MEDIUM,NONE KNOWN,HIGHLY_CHANGEABLE,2026-08-15,CNT-DEC-STUDIO-NAME-001-138:primary,"Direct URL captured for reproducible access; organisation-controlled source or direct platform record. INFERENCE: scale/form classifications are analytical coding, not source wording.","Availability and page contents can change; source is not legal, market-share, reputation, or ownership proof; publication date was not consistently exposed.",NEEDS_RECHECK,quality-assurance-director,ORG:www.frontier.co.uk,INDEPENDENT_PAIR_MEMBER,PAIR-138,NO,YES,RECHECK_REQUIRED,FAIL,https://www.frontier.co.uk/,ConnectionError
SRC-DEC-STUDIO-NAME-001-276,DEC-STUDIO-NAME-001,Pazar örneklemi,market-research-director,Frontier Developments — corroborating evidence,Resmî şirket/kurum sayfası veya doğrudan resmî platform kaydı,https://www.frontier.co.uk/games,UNRESOLVED,2026-08-08,20:30:00+03:00,NOT FOUND,United Kingdom,Frontier Developments markasının erişilebilir kurumsal veya ürün faaliyeti sinyalini destekler,PRIMARY,MEDIUM,NONE KNOWN,HIGHLY_CHANGEABLE,2026-08-15,CNT-DEC-STUDIO-NAME-001-138:corroborating,"Direct URL captured for reproducible access; organisation-controlled source or direct platform record. INFERENCE: scale/form classifications are analytical coding, not source wording.","Availability and page contents can change; source is not legal, market-share, reputation, or ownership proof; publication date was not consistently exposed.",NEEDS_RECHECK,NOT ASSIGNED,UNRESOLVED,UNRESOLVED,PAIR-138,NO,NO,RECHECK_REQUIRED,FAIL,https://www.frontier.co.uk/games,ConnectionError
SRC-DEC-STUDIO-NAME-001-277,DEC-STUDIO-NAME-001,Pazar örneklemi,market-research-director,Funcom — official source,Official organisation source,https://www.funcom.com/,Funcom,2026-08-08,20:30:00+03:00,2026-08-08,Norway,Funcom official identity and current public presence,PRIMARY,MEDIUM,NONE KNOWN,HIGHLY_CHANGEABLE,2026-08-15,CNT-DEC-STUDIO-NAME-001-139:primary,"Direct URL captured for reproducible access; organisation-controlled source or direct platform record. INFERENCE: scale/form classifications are analytical coding, not source wording.","Availability and page contents can change; source is not legal, market-share, reputation, or ownership proof; publication date was not consistently exposed.",NEEDS_RECHECK,quality-assurance-director,ORG:www.funcom.com,INDEPENDENT_PAIR_MEMBER,PAIR-139,NO,YES,RECHECK_REQUIRED,FAIL,https://www.funcom.com/,SSLError
SRC-DEC-STUDIO-NAME-001-278,DEC-STUDIO-NAME-001,Pazar örneklemi,market-research-director,Funcom — corroborating evidence,Resmî şirket/kurum sayfası veya doğrudan resmî platform kaydı,https://www.funcom.com/games/,UNRESOLVED,2026-08-08,20:30:00+03:00,NOT FOUND,Norway,Funcom markasının erişilebilir kurumsal veya ürün faaliyeti sinyalini destekler,PRIMARY,MEDIUM,NONE KNOWN,HIGHLY_CHANGEABLE,2026-08-15,CNT-DEC-STUDIO-NAME-001-139:corroborating,"Direct URL captured for reproducible access; organisation-controlled source or direct platform record. INFERENCE: scale/form classifications are analytical coding, not source wording.","Availability and page contents can change; source is not legal, market-share, reputation, or ownership proof; publication date was not consistently exposed.",NEEDS_RECHECK,NOT ASSIGNED,UNRESOLVED,UNRESOLVED,PAIR-139,NO,NO,RECHECK_REQUIRED,FAIL,https://www.funcom.com/games/,SSLError
SRC-DEC-STUDIO-NAME-001-279,DEC-STUDIO-NAME-001,Pazar örneklemi,market-research-director,Standing Stone Games — official source,Official organisation source,https://www.standingstonegames.com/,Standing Stone Games,2026-08-08,20:30:00+03:00,2026-08-08,United States,Standing Stone Games official identity and current public presence,PRIMARY,MEDIUM,NONE KNOWN,HIGHLY_CHANGEABLE,2026-08-15,CNT-DEC-STUDIO-NAME-001-140:primary,"Direct URL captured for reproducible access; organisation-controlled source or direct platform record. INFERENCE: scale/form classifications are analytical coding, not source wording.","Availability and page contents can change; source is not legal, market-share, reputation, or ownership proof; publication date was not consistently exposed.",REVIEWED,quality-assurance-director,ORG:www.standingstonegames.com,INDEPENDENT_PAIR_MEMBER,PAIR-140,YES,YES,VERIFIED_ACCESSIBLE,PASS,https://www.standingstonegames.com/,NONE
SRC-DEC-STUDIO-NAME-001-280,DEC-STUDIO-NAME-001,Pazar örneklemi,market-research-director,Standing Stone Games — corroborating evidence,Resmî şirket/kurum sayfası veya doğrudan resmî platform kaydı,https://www.standingstonegames.com/games,UNRESOLVED,2026-08-08,20:30:00+03:00,NOT FOUND,United States,Standing Stone Games markasının erişilebilir kurumsal veya ürün faaliyeti sinyalini destekler,PRIMARY,MEDIUM,NONE KNOWN,HIGHLY_CHANGEABLE,2026-08-15,CNT-DEC-STUDIO-NAME-001-140:corroborating,"Direct URL captured for reproducible access; organisation-controlled source or direct platform record. INFERENCE: scale/form classifications are analytical coding, not source wording.","Availability and page contents can change; source is not legal, market-share, reputation, or ownership proof; publication date was not consistently exposed.",NEEDS_RECHECK,NOT ASSIGNED,UNRESOLVED,UNRESOLVED,PAIR-140,NO,NO,VERIFIED_WITH_REDIRECT,FAIL,http://maintenance.daybreakgames.com/,302:https://www.standingstonegames.com/games
SRC-DEC-STUDIO-NAME-001-281,DEC-STUDIO-NAME-001,Pazar örneklemi,market-research-director,ArenaNet — official source,Official organisation source,https://www.arena.net/,ArenaNet,2026-08-08,20:30:00+03:00,2026-08-08,United States,ArenaNet official identity and current public presence,PRIMARY,MEDIUM,NONE KNOWN,HIGHLY_CHANGEABLE,2026-08-15,CNT-DEC-STUDIO-NAME-001-141:primary,"Direct URL captured for reproducible access; organisation-controlled source or direct platform record. INFERENCE: scale/form classifications are analytical coding, not source wording.","Availability and page contents can change; source is not legal, market-share, reputation, or ownership proof; publication date was not consistently exposed.",NEEDS_RECHECK,quality-assurance-director,ORG:www.arena.net,INDEPENDENT_PAIR_MEMBER,PAIR-141,NO,YES,RECHECK_REQUIRED,FAIL,https://www.arena.net/,ReadTimeout
SRC-DEC-STUDIO-NAME-001-282,DEC-STUDIO-NAME-001,Pazar örneklemi,market-research-director,ArenaNet — corroborating evidence,Resmî şirket/kurum sayfası veya doğrudan resmî platform kaydı,https://www.guildwars2.com/,UNRESOLVED,2026-08-08,20:30:00+03:00,NOT FOUND,United States,ArenaNet markasının erişilebilir kurumsal veya ürün faaliyeti sinyalini destekler,PRIMARY,MEDIUM,NONE KNOWN,HIGHLY_CHANGEABLE,2026-08-15,CNT-DEC-STUDIO-NAME-001-141:corroborating,"Direct URL captured for reproducible access; organisation-controlled source or direct platform record. INFERENCE: scale/form classifications are analytical coding, not source wording.","Availability and page contents can change; source is not legal, market-share, reputation, or ownership proof; publication date was not consistently exposed.",NEEDS_RECHECK,NOT ASSIGNED,UNRESOLVED,UNRESOLVED,PAIR-141,NO,NO,VERIFIED_WITH_REDIRECT,FAIL,https://www.guildwars2.com/en/,302:https://www.guildwars2.com/
SRC-DEC-STUDIO-NAME-001-283,DEC-STUDIO-NAME-001,Pazar örneklemi,market-research-director,Digital Extremes — official source,Official organisation source,https://www.digitalextremes.com/,Digital Extremes,2026-08-08,20:30:00+03:00,2026-08-08,Canada,Digital Extremes official identity and current public presence,PRIMARY,MEDIUM,NONE KNOWN,HIGHLY_CHANGEABLE,2026-08-15,CNT-DEC-STUDIO-NAME-001-142:primary,"Direct URL captured for reproducible access; organisation-controlled source or direct platform record. INFERENCE: scale/form classifications are analytical coding, not source wording.","Availability and page contents can change; source is not legal, market-share, reputation, or ownership proof; publication date was not consistently exposed.",NEEDS_RECHECK,quality-assurance-director,ORG:www.digitalextremes.com,INDEPENDENT_PAIR_MEMBER,PAIR-142,NO,YES,RECHECK_REQUIRED,FAIL,https://www.digitalextremes.com/,SSLError
SRC-DEC-STUDIO-NAME-001-284,DEC-STUDIO-NAME-001,Pazar örneklemi,market-research-director,Digital Extremes — corroborating evidence,Resmî şirket/kurum sayfası veya doğrudan resmî platform kaydı,https://www.warframe.com/,UNRESOLVED,2026-08-08,20:30:00+03:00,NOT FOUND,Canada,Digital Extremes markasının erişilebilir kurumsal veya ürün faaliyeti sinyalini destekler,PRIMARY,MEDIUM,NONE KNOWN,HIGHLY_CHANGEABLE,2026-08-15,CNT-DEC-STUDIO-NAME-001-142:corroborating,"Direct URL captured for reproducible access; organisation-controlled source or direct platform record. INFERENCE: scale/form classifications are analytical coding, not source wording.","Availability and page contents can change; source is not legal, market-share, reputation, or ownership proof; publication date was not consistently exposed.",NEEDS_RECHECK,NOT ASSIGNED,UNRESOLVED,UNRESOLVED,PAIR-142,NO,NO,RECHECK_REQUIRED,FAIL,https://www.warframe.com/,ConnectionError
SRC-DEC-STUDIO-NAME-001-285,DEC-STUDIO-NAME-001,Pazar örneklemi,market-research-director,Grinding Gear Games — official source,Official organisation source,https://www.grindinggear.com/,Grinding Gear Games,2026-08-08,20:30:00+03:00,2026-08-08,New Zealand,Grinding Gear Games official identity and current public presence,PRIMARY,MEDIUM,NONE KNOWN,HIGHLY_CHANGEABLE,2026-08-15,CNT-DEC-STUDIO-NAME-001-143:primary,"Direct URL captured for reproducible access; organisation-controlled source or direct platform record. INFERENCE: scale/form classifications are analytical coding, not source wording.","Availability and page contents can change; source is not legal, market-share, reputation, or ownership proof; publication date was not consistently exposed.",NEEDS_RECHECK,quality-assurance-director,ORG:www.grindinggear.com,INDEPENDENT_PAIR_MEMBER,PAIR-143,NO,YES,RECHECK_REQUIRED,FAIL,https://www.grindinggear.com/,SSLError
SRC-DEC-STUDIO-NAME-001-286,DEC-STUDIO-NAME-001,Pazar örneklemi,market-research-director,Grinding Gear Games — corroborating evidence,Resmî şirket/kurum sayfası veya doğrudan resmî platform kaydı,https://www.pathofexile.com/,UNRESOLVED,2026-08-08,20:30:00+03:00,NOT FOUND,New Zealand,Grinding Gear Games markasının erişilebilir kurumsal veya ürün faaliyeti sinyalini destekler,PRIMARY,MEDIUM,NONE KNOWN,HIGHLY_CHANGEABLE,2026-08-15,CNT-DEC-STUDIO-NAME-001-143:corroborating,"Direct URL captured for reproducible access; organisation-controlled source or direct platform record. INFERENCE: scale/form classifications are analytical coding, not source wording.","Availability and page contents can change; source is not legal, market-share, reputation, or ownership proof; publication date was not consistently exposed.",NEEDS_RECHECK,NOT ASSIGNED,UNRESOLVED,UNRESOLVED,PAIR-143,NO,NO,RECHECK_REQUIRED,FAIL,https://www.pathofexile.com/,SSLError
SRC-DEC-STUDIO-NAME-001-287,DEC-STUDIO-NAME-001,Pazar örneklemi,market-research-director,Smilegate RPG — official source,Official organisation source,https://www.smilegate.com/en/,Smilegate RPG,2026-08-08,20:30:00+03:00,2026-08-08,South Korea,Smilegate RPG official identity and current public presence,PRIMARY,MEDIUM,NONE KNOWN,HIGHLY_CHANGEABLE,2026-08-15,CNT-DEC-STUDIO-NAME-001-144:primary,"Direct URL captured for reproducible access; organisation-controlled source or direct platform record. INFERENCE: scale/form classifications are analytical coding, not source wording.","Availability and page contents can change; source is not legal, market-share, reputation, or ownership proof; publication date was not consistently exposed.",NEEDS_RECHECK,quality-assurance-director,ORG:www.smilegate.com,INDEPENDENT_PAIR_MEMBER,PAIR-144,NO,YES,RECHECK_REQUIRED,FAIL,https://www.smilegate.com/en/,SSLError
SRC-DEC-STUDIO-NAME-001-288,DEC-STUDIO-NAME-001,Pazar örneklemi,market-research-director,Smilegate RPG — corroborating evidence,Resmî şirket/kurum sayfası veya doğrudan resmî platform kaydı,https://www.playlostark.com/,UNRESOLVED,2026-08-08,20:30:00+03:00,NOT FOUND,South Korea,Smilegate RPG markasının erişilebilir kurumsal veya ürün faaliyeti sinyalini destekler,PRIMARY,MEDIUM,NONE KNOWN,HIGHLY_CHANGEABLE,2026-08-15,CNT-DEC-STUDIO-NAME-001-144:corroborating,"Direct URL captured for reproducible access; organisation-controlled source or direct platform record. INFERENCE: scale/form classifications are analytical coding, not source wording.","Availability and page contents can change; source is not legal, market-share, reputation, or ownership proof; publication date was not consistently exposed.",NEEDS_RECHECK,NOT ASSIGNED,UNRESOLVED,UNRESOLVED,PAIR-144,NO,NO,RECHECK_REQUIRED,FAIL,https://www.playlostark.com/,SSLError
SRC-DEC-STUDIO-NAME-001-289,DEC-STUDIO-NAME-001,Pazar örneklemi,market-research-director,Webzen — official source,Official organisation source,https://company.webzen.com/en,Webzen,2026-08-08,20:30:00+03:00,2026-08-08,South Korea,Webzen official identity and current public presence,PRIMARY,MEDIUM,NONE KNOWN,HIGHLY_CHANGEABLE,2026-08-15,CNT-DEC-STUDIO-NAME-001-145:primary,"Direct URL captured for reproducible access; organisation-controlled source or direct platform record. INFERENCE: scale/form classifications are analytical coding, not source wording.","Availability and page contents can change; source is not legal, market-share, reputation, or ownership proof; publication date was not consistently exposed.",NEEDS_RECHECK,quality-assurance-director,ORG:company.webzen.com,INDEPENDENT_PAIR_MEMBER,PAIR-145,NO,YES,RECHECK_REQUIRED,FAIL,https://company.webzen.com/en,SSLError
SRC-DEC-STUDIO-NAME-001-290,DEC-STUDIO-NAME-001,Pazar örneklemi,market-research-director,Webzen — corroborating evidence,Resmî şirket/kurum sayfası veya doğrudan resmî platform kaydı,https://www.webzen.com/,UNRESOLVED,2026-08-08,20:30:00+03:00,NOT FOUND,South Korea,Webzen markasının erişilebilir kurumsal veya ürün faaliyeti sinyalini destekler,PRIMARY,MEDIUM,NONE KNOWN,HIGHLY_CHANGEABLE,2026-08-15,CNT-DEC-STUDIO-NAME-001-145:corroborating,"Direct URL captured for reproducible access; organisation-controlled source or direct platform record. INFERENCE: scale/form classifications are analytical coding, not source wording.","Availability and page contents can change; source is not legal, market-share, reputation, or ownership proof; publication date was not consistently exposed.",NEEDS_RECHECK,NOT ASSIGNED,UNRESOLVED,UNRESOLVED,PAIR-145,NO,NO,VERIFIED_ACCESSIBLE,FAIL,https://www.webzen.com/,NONE
SRC-DEC-STUDIO-NAME-001-291,DEC-STUDIO-NAME-001,Pazar örneklemi,market-research-director,IMC Games — official source,Official organisation source,https://www.imcgames.com/,IMC Games,2026-08-08,20:30:00+03:00,2026-08-08,South Korea,IMC Games official identity and current public presence,PRIMARY,MEDIUM,NONE KNOWN,HIGHLY_CHANGEABLE,2026-08-15,CNT-DEC-STUDIO-NAME-001-146:primary,"Direct URL captured for reproducible access; organisation-controlled source or direct platform record. INFERENCE: scale/form classifications are analytical coding, not source wording.","Availability and page contents can change; source is not legal, market-share, reputation, or ownership proof; publication date was not consistently exposed.",NEEDS_RECHECK,quality-assurance-director,ORG:www.imcgames.com,INDEPENDENT_PAIR_MEMBER,PAIR-146,NO,YES,RECHECK_REQUIRED,FAIL,https://www.imcgames.com/,SSLError
SRC-DEC-STUDIO-NAME-001-292,DEC-STUDIO-NAME-001,Pazar örneklemi,market-research-director,IMC Games — corroborating evidence,Resmî şirket/kurum sayfası veya doğrudan resmî platform kaydı,https://treeofsavior.com/,UNRESOLVED,2026-08-08,20:30:00+03:00,NOT FOUND,South Korea,IMC Games markasının erişilebilir kurumsal veya ürün faaliyeti sinyalini destekler,PRIMARY,MEDIUM,NONE KNOWN,HIGHLY_CHANGEABLE,2026-08-15,CNT-DEC-STUDIO-NAME-001-146:corroborating,"Direct URL captured for reproducible access; organisation-controlled source or direct platform record. INFERENCE: scale/form classifications are analytical coding, not source wording.","Availability and page contents can change; source is not legal, market-share, reputation, or ownership proof; publication date was not consistently exposed.",NEEDS_RECHECK,NOT ASSIGNED,UNRESOLVED,UNRESOLVED,PAIR-146,NO,NO,VERIFIED_WITH_REDIRECT,FAIL,https://treeofsavior.com/page/main/,302:https://treeofsavior.com/
SRC-DEC-STUDIO-NAME-001-293,DEC-STUDIO-NAME-001,Pazar örneklemi,market-research-director,Kakao Games — official source,Official organisation source,https://www.kakaogames.com/,Kakao Games,2026-08-08,20:30:00+03:00,2026-08-08,South Korea,Kakao Games official identity and current public presence,PRIMARY,MEDIUM,NONE KNOWN,HIGHLY_CHANGEABLE,2026-08-15,CNT-DEC-STUDIO-NAME-001-147:primary,"Direct URL captured for reproducible access; organisation-controlled source or direct platform record. INFERENCE: scale/form classifications are analytical coding, not source wording.","Availability and page contents can change; source is not legal, market-share, reputation, or ownership proof; publication date was not consistently exposed.",NEEDS_RECHECK,quality-assurance-director,ORG:www.kakaogames.com,INDEPENDENT_PAIR_MEMBER,PAIR-147,NO,YES,RECHECK_REQUIRED,FAIL,https://www.kakaogames.com/,ConnectionError
SRC-DEC-STUDIO-NAME-001-294,DEC-STUDIO-NAME-001,Pazar örneklemi,market-research-director,Kakao Games — independent reference,Independent reference work,https://en.wikipedia.org/wiki/Kakao_Games,Wikimedia Foundation / Wikipedia editors,2026-08-08,20:30:00+03:00,2026-08-08,South Korea,Kakao Games identity and operating history/current activity context,SECONDARY,MEDIUM,NONE KNOWN,HIGHLY_CHANGEABLE,2026-08-15,CNT-DEC-STUDIO-NAME-001-147:corroborating,"Direct URL captured for reproducible access; organisation-controlled source or direct platform record. INFERENCE: scale/form classifications are analytical coding, not source wording.","Availability and page contents can change; source is not legal, market-share, reputation, or ownership proof; publication date was not consistently exposed.",REVIEWED,quality-assurance-director,PLATFORM:WIKIPEDIA,INDEPENDENT_FROM_SUBJECT,PAIR-147,YES,NO,VERIFIED_ACCESSIBLE,PASS,https://en.wikipedia.org/wiki/Kakao_Games,NONE
SRC-DEC-STUDIO-NAME-001-295,DEC-STUDIO-NAME-001,Pazar örneklemi,market-research-director,Gravity — official source,Official organisation source,https://www.gravity.co.kr/en/,Gravity,2026-08-08,20:30:00+03:00,2026-08-08,South Korea,Gravity official identity and current public presence,PRIMARY,MEDIUM,NONE KNOWN,HIGHLY_CHANGEABLE,2026-08-15,CNT-DEC-STUDIO-NAME-001-148:primary,"Direct URL captured for reproducible access; organisation-controlled source or direct platform record. INFERENCE: scale/form classifications are analytical coding, not source wording.","Availability and page contents can change; source is not legal, market-share, reputation, or ownership proof; publication date was not consistently exposed.",NEEDS_RECHECK,quality-assurance-director,ORG:www.gravity.co.kr,INDEPENDENT_PAIR_MEMBER,PAIR-148,NO,YES,RECHECK_REQUIRED,FAIL,https://www.gravity.co.kr/en/,SSLError
SRC-DEC-STUDIO-NAME-001-296,DEC-STUDIO-NAME-001,Pazar örneklemi,market-research-director,Gravity — independent reference,Independent reference work,https://en.wikipedia.org/wiki/Gravity,Wikimedia Foundation / Wikipedia editors,2026-08-08,20:30:00+03:00,2026-08-08,South Korea,Gravity identity and operating history/current activity context,SECONDARY,MEDIUM,NONE KNOWN,HIGHLY_CHANGEABLE,2026-08-15,CNT-DEC-STUDIO-NAME-001-148:corroborating,"Direct URL captured for reproducible access; organisation-controlled source or direct platform record. INFERENCE: scale/form classifications are analytical coding, not source wording.","Availability and page contents can change; source is not legal, market-share, reputation, or ownership proof; publication date was not consistently exposed.",REVIEWED,quality-assurance-director,PLATFORM:WIKIPEDIA,INDEPENDENT_FROM_SUBJECT,PAIR-148,YES,NO,VERIFIED_ACCESSIBLE,PASS,https://en.wikipedia.org/wiki/Gravity,NONE
SRC-DEC-STUDIO-NAME-001-297,DEC-STUDIO-NAME-001,Pazar örneklemi,market-research-director,Riot Games — official source,Official organisation source,https://www.riotgames.com/,Riot Games,2026-08-08,20:30:00+03:00,2026-08-08,United States,Riot Games official identity and current public presence,PRIMARY,MEDIUM,NONE KNOWN,HIGHLY_CHANGEABLE,2026-08-15,CNT-DEC-STUDIO-NAME-001-149:primary,"Direct URL captured for reproducible access; organisation-controlled source or direct platform record. INFERENCE: scale/form classifications are analytical coding, not source wording.","Availability and page contents can change; source is not legal, market-share, reputation, or ownership proof; publication date was not consistently exposed.",NEEDS_RECHECK,quality-assurance-director,ORG:www.riotgames.com,INDEPENDENT_PAIR_MEMBER,PAIR-149,NO,YES,RECHECK_REQUIRED,FAIL,https://www.riotgames.com/,SSLError
SRC-DEC-STUDIO-NAME-001-298,DEC-STUDIO-NAME-001,Pazar örneklemi,market-research-director,Riot Games — corroborating evidence,Resmî şirket/kurum sayfası veya doğrudan resmî platform kaydı,https://www.riotgames.com/en/who-we-are,UNRESOLVED,2026-08-08,20:30:00+03:00,NOT FOUND,United States,Riot Games markasının erişilebilir kurumsal veya ürün faaliyeti sinyalini destekler,PRIMARY,MEDIUM,NONE KNOWN,HIGHLY_CHANGEABLE,2026-08-15,CNT-DEC-STUDIO-NAME-001-149:corroborating,"Direct URL captured for reproducible access; organisation-controlled source or direct platform record. INFERENCE: scale/form classifications are analytical coding, not source wording.","Availability and page contents can change; source is not legal, market-share, reputation, or ownership proof; publication date was not consistently exposed.",NEEDS_RECHECK,NOT ASSIGNED,UNRESOLVED,UNRESOLVED,PAIR-149,NO,NO,RECHECK_REQUIRED,FAIL,https://www.riotgames.com/en/who-we-are,SSLError
SRC-DEC-STUDIO-NAME-001-299,DEC-STUDIO-NAME-001,Pazar örneklemi,market-research-director,Sandbox Interactive — official source,Official organisation source,https://sandbox-interactive.com/,Sandbox Interactive,2026-08-08,20:30:00+03:00,2026-08-08,Germany,Sandbox Interactive official identity and current public presence,PRIMARY,MEDIUM,NONE KNOWN,HIGHLY_CHANGEABLE,2026-08-15,CNT-DEC-STUDIO-NAME-001-150:primary,"Direct URL captured for reproducible access; organisation-controlled source or direct platform record. INFERENCE: scale/form classifications are analytical coding, not source wording.","Availability and page contents can change; source is not legal, market-share, reputation, or ownership proof; publication date was not consistently exposed.",NEEDS_RECHECK,quality-assurance-director,ORG:sandbox-interactive.com,INDEPENDENT_PAIR_MEMBER,PAIR-150,NO,YES,RECHECK_REQUIRED,FAIL,https://sandbox-interactive.com/,SSLError
SRC-DEC-STUDIO-NAME-001-300,DEC-STUDIO-NAME-001,Pazar örneklemi,market-research-director,Sandbox Interactive — corroborating evidence,Resmî şirket/kurum sayfası veya doğrudan resmî platform kaydı,https://albiononline.com/,UNRESOLVED,2026-08-08,20:30:00+03:00,NOT FOUND,Germany,Sandbox Interactive markasının erişilebilir kurumsal veya ürün faaliyeti sinyalini destekler,PRIMARY,MEDIUM,NONE KNOWN,HIGHLY_CHANGEABLE,2026-08-15,CNT-DEC-STUDIO-NAME-001-150:corroborating,"Direct URL captured for reproducible access; organisation-controlled source or direct platform record. INFERENCE: scale/form classifications are analytical coding, not source wording.","Availability and page contents can change; source is not legal, market-share, reputation, or ownership proof; publication date was not consistently exposed.",NEEDS_RECHECK,NOT ASSIGNED,UNRESOLVED,UNRESOLVED,PAIR-150,NO,NO,RECHECK_REQUIRED,FAIL,https://albiononline.com/,SSLError
SRC-DEC-STUDIO-NAME-001-301,DEC-STUDIO-NAME-001,Pazar örneklemi,market-research-director,Adobe — official source,Official organisation source,https://www.adobe.com/,Adobe,2026-08-08,20:30:00+03:00,2026-08-08,United States,Adobe official identity and current public presence,PRIMARY,MEDIUM,NONE KNOWN,HIGHLY_CHANGEABLE,2026-08-15,CNT-DEC-STUDIO-NAME-001-151:primary,"Direct URL captured for reproducible access; organisation-controlled source or direct platform record. INFERENCE: scale/form classifications are analytical coding, not source wording.","Availability and page contents can change; source is not legal, market-share, reputation, or ownership proof; publication date was not consistently exposed.",NEEDS_RECHECK,quality-assurance-director,ORG:www.adobe.com,INDEPENDENT_PAIR_MEMBER,PAIR-151,NO,YES,RECHECK_REQUIRED,FAIL,https://www.adobe.com/,SSLError
SRC-DEC-STUDIO-NAME-001-302,DEC-STUDIO-NAME-001,Pazar örneklemi,market-research-director,Adobe — corroborating evidence,Resmî şirket/kurum sayfası veya doğrudan resmî platform kaydı,https://www.adobe.com/products/catalog.html,UNRESOLVED,2026-08-08,20:30:00+03:00,NOT FOUND,United States,Adobe markasının erişilebilir kurumsal veya ürün faaliyeti sinyalini destekler,PRIMARY,MEDIUM,NONE KNOWN,HIGHLY_CHANGEABLE,2026-08-15,CNT-DEC-STUDIO-NAME-001-151:corroborating,"Direct URL captured for reproducible access; organisation-controlled source or direct platform record. INFERENCE: scale/form classifications are analytical coding, not source wording.","Availability and page contents can change; source is not legal, market-share, reputation, or ownership proof; publication date was not consistently exposed.",NEEDS_RECHECK,NOT ASSIGNED,UNRESOLVED,UNRESOLVED,PAIR-151,NO,NO,RECHECK_REQUIRED,FAIL,https://www.adobe.com/products/catalog.html,SSLError
SRC-DEC-STUDIO-NAME-001-303,DEC-STUDIO-NAME-001,Pazar örneklemi,market-research-director,Autodesk — official source,Official organisation source,https://www.autodesk.com/,Autodesk,2026-08-08,20:30:00+03:00,2026-08-08,United States,Autodesk official identity and current public presence,PRIMARY,MEDIUM,NONE KNOWN,HIGHLY_CHANGEABLE,2026-08-15,CNT-DEC-STUDIO-NAME-001-152:primary,"Direct URL captured for reproducible access; organisation-controlled source or direct platform record. INFERENCE: scale/form classifications are analytical coding, not source wording.","Availability and page contents can change; source is not legal, market-share, reputation, or ownership proof; publication date was not consistently exposed.",NEEDS_RECHECK,quality-assurance-director,ORG:www.autodesk.com,INDEPENDENT_PAIR_MEMBER,PAIR-152,NO,YES,RECHECK_REQUIRED,FAIL,https://www.autodesk.com/,ConnectionError
SRC-DEC-STUDIO-NAME-001-304,DEC-STUDIO-NAME-001,Pazar örneklemi,market-research-director,Autodesk — corroborating evidence,Resmî şirket/kurum sayfası veya doğrudan resmî platform kaydı,https://www.autodesk.com/products,UNRESOLVED,2026-08-08,20:30:00+03:00,NOT FOUND,United States,Autodesk markasının erişilebilir kurumsal veya ürün faaliyeti sinyalini destekler,PRIMARY,MEDIUM,NONE KNOWN,HIGHLY_CHANGEABLE,2026-08-15,CNT-DEC-STUDIO-NAME-001-152:corroborating,"Direct URL captured for reproducible access; organisation-controlled source or direct platform record. INFERENCE: scale/form classifications are analytical coding, not source wording.","Availability and page contents can change; source is not legal, market-share, reputation, or ownership proof; publication date was not consistently exposed.",NEEDS_RECHECK,NOT ASSIGNED,UNRESOLVED,UNRESOLVED,PAIR-152,NO,NO,RECHECK_REQUIRED,FAIL,https://www.autodesk.com/products,ConnectionError
SRC-DEC-STUDIO-NAME-001-305,DEC-STUDIO-NAME-001,Pazar örneklemi,market-research-director,Unity Technologies — official source,Official organisation source,https://unity.com/,Unity Technologies,2026-08-08,20:30:00+03:00,2026-08-08,United States,Unity Technologies official identity and current public presence,PRIMARY,MEDIUM,NONE KNOWN,HIGHLY_CHANGEABLE,2026-08-15,CNT-DEC-STUDIO-NAME-001-153:primary,"Direct URL captured for reproducible access; organisation-controlled source or direct platform record. INFERENCE: scale/form classifications are analytical coding, not source wording.","Availability and page contents can change; source is not legal, market-share, reputation, or ownership proof; publication date was not consistently exposed.",NEEDS_RECHECK,quality-assurance-director,ORG:unity.com,INDEPENDENT_PAIR_MEMBER,PAIR-153,NO,YES,RECHECK_REQUIRED,FAIL,https://unity.com/,SSLError
SRC-DEC-STUDIO-NAME-001-306,DEC-STUDIO-NAME-001,Pazar örneklemi,market-research-director,Unity Technologies — independent reference,Independent reference work,https://en.wikipedia.org/wiki/Unity_Technologies,Wikimedia Foundation / Wikipedia editors,2026-08-08,20:30:00+03:00,2026-08-08,United States,Unity Technologies identity and operating history/current activity context,SECONDARY,MEDIUM,NONE KNOWN,HIGHLY_CHANGEABLE,2026-08-15,CNT-DEC-STUDIO-NAME-001-153:corroborating,"Direct URL captured for reproducible access; organisation-controlled source or direct platform record. INFERENCE: scale/form classifications are analytical coding, not source wording.","Availability and page contents can change; source is not legal, market-share, reputation, or ownership proof; publication date was not consistently exposed.",REVIEWED,quality-assurance-director,PLATFORM:WIKIPEDIA,INDEPENDENT_FROM_SUBJECT,PAIR-153,YES,NO,VERIFIED_ACCESSIBLE,PASS,https://en.wikipedia.org/wiki/Unity_Technologies,NONE
SRC-DEC-STUDIO-NAME-001-307,DEC-STUDIO-NAME-001,Pazar örneklemi,market-research-director,Epic Games — official source,Official organisation source,https://www.epicgames.com/,Epic Games,2026-08-08,20:30:00+03:00,2026-08-08,United States,Epic Games official identity and current public presence,PRIMARY,MEDIUM,NONE KNOWN,HIGHLY_CHANGEABLE,2026-08-15,CNT-DEC-STUDIO-NAME-001-154:primary,"Direct URL captured for reproducible access; organisation-controlled source or direct platform record. INFERENCE: scale/form classifications are analytical coding, not source wording.","Availability and page contents can change; source is not legal, market-share, reputation, or ownership proof; publication date was not consistently exposed.",NEEDS_RECHECK,quality-assurance-director,ORG:www.epicgames.com,INDEPENDENT_PAIR_MEMBER,PAIR-154,NO,YES,RECHECK_REQUIRED,FAIL,https://www.epicgames.com/,SSLError
SRC-DEC-STUDIO-NAME-001-308,DEC-STUDIO-NAME-001,Pazar örneklemi,market-research-director,Epic Games — corroborating evidence,Resmî şirket/kurum sayfası veya doğrudan resmî platform kaydı,https://www.unrealengine.com/,UNRESOLVED,2026-08-08,20:30:00+03:00,NOT FOUND,United States,Epic Games markasının erişilebilir kurumsal veya ürün faaliyeti sinyalini destekler,PRIMARY,MEDIUM,NONE KNOWN,HIGHLY_CHANGEABLE,2026-08-15,CNT-DEC-STUDIO-NAME-001-154:corroborating,"Direct URL captured for reproducible access; organisation-controlled source or direct platform record. INFERENCE: scale/form classifications are analytical coding, not source wording.","Availability and page contents can change; source is not legal, market-share, reputation, or ownership proof; publication date was not consistently exposed.",NEEDS_RECHECK,NOT ASSIGNED,UNRESOLVED,UNRESOLVED,PAIR-154,NO,NO,RECHECK_REQUIRED,FAIL,https://www.unrealengine.com/,SSLError
SRC-DEC-STUDIO-NAME-001-309,DEC-STUDIO-NAME-001,Pazar örneklemi,market-research-director,Nvidia — official source,Official organisation source,https://www.nvidia.com/,Nvidia,2026-08-08,20:30:00+03:00,2026-08-08,United States,Nvidia official identity and current public presence,PRIMARY,MEDIUM,NONE KNOWN,HIGHLY_CHANGEABLE,2026-08-15,CNT-DEC-STUDIO-NAME-001-155:primary,"Direct URL captured for reproducible access; organisation-controlled source or direct platform record. INFERENCE: scale/form classifications are analytical coding, not source wording.","Availability and page contents can change; source is not legal, market-share, reputation, or ownership proof; publication date was not consistently exposed.",NEEDS_RECHECK,quality-assurance-director,ORG:www.nvidia.com,INDEPENDENT_PAIR_MEMBER,PAIR-155,NO,YES,RECHECK_REQUIRED,FAIL,https://www.nvidia.com/,SSLError
SRC-DEC-STUDIO-NAME-001-310,DEC-STUDIO-NAME-001,Pazar örneklemi,market-research-director,Nvidia — corroborating evidence,Resmî şirket/kurum sayfası veya doğrudan resmî platform kaydı,https://www.nvidia.com/en-us/geforce/,UNRESOLVED,2026-08-08,20:30:00+03:00,NOT FOUND,United States,Nvidia markasının erişilebilir kurumsal veya ürün faaliyeti sinyalini destekler,PRIMARY,MEDIUM,NONE KNOWN,HIGHLY_CHANGEABLE,2026-08-15,CNT-DEC-STUDIO-NAME-001-155:corroborating,"Direct URL captured for reproducible access; organisation-controlled source or direct platform record. INFERENCE: scale/form classifications are analytical coding, not source wording.","Availability and page contents can change; source is not legal, market-share, reputation, or ownership proof; publication date was not consistently exposed.",NEEDS_RECHECK,NOT ASSIGNED,UNRESOLVED,UNRESOLVED,PAIR-155,NO,NO,RECHECK_REQUIRED,FAIL,https://www.nvidia.com/en-us/geforce/,SSLError
SRC-DEC-STUDIO-NAME-001-311,DEC-STUDIO-NAME-001,Pazar örneklemi,market-research-director,AMD — official source,Official organisation source,https://www.amd.com/,AMD,2026-08-08,20:30:00+03:00,2026-08-08,United States,AMD official identity and current public presence,PRIMARY,MEDIUM,NONE KNOWN,HIGHLY_CHANGEABLE,2026-08-15,CNT-DEC-STUDIO-NAME-001-156:primary,"Direct URL captured for reproducible access; organisation-controlled source or direct platform record. INFERENCE: scale/form classifications are analytical coding, not source wording.","Availability and page contents can change; source is not legal, market-share, reputation, or ownership proof; publication date was not consistently exposed.",NEEDS_RECHECK,quality-assurance-director,ORG:www.amd.com,INDEPENDENT_PAIR_MEMBER,PAIR-156,NO,YES,RECHECK_REQUIRED,FAIL,https://www.amd.com/,SSLError
SRC-DEC-STUDIO-NAME-001-312,DEC-STUDIO-NAME-001,Pazar örneklemi,market-research-director,AMD — corroborating evidence,Resmî şirket/kurum sayfası veya doğrudan resmî platform kaydı,https://www.amd.com/en/products.html,UNRESOLVED,2026-08-08,20:30:00+03:00,NOT FOUND,United States,AMD markasının erişilebilir kurumsal veya ürün faaliyeti sinyalini destekler,PRIMARY,MEDIUM,NONE KNOWN,HIGHLY_CHANGEABLE,2026-08-15,CNT-DEC-STUDIO-NAME-001-156:corroborating,"Direct URL captured for reproducible access; organisation-controlled source or direct platform record. INFERENCE: scale/form classifications are analytical coding, not source wording.","Availability and page contents can change; source is not legal, market-share, reputation, or ownership proof; publication date was not consistently exposed.",NEEDS_RECHECK,NOT ASSIGNED,UNRESOLVED,UNRESOLVED,PAIR-156,NO,NO,RECHECK_REQUIRED,FAIL,https://www.amd.com/en/products.html,ConnectionError
SRC-DEC-STUDIO-NAME-001-313,DEC-STUDIO-NAME-001,Pazar örneklemi,market-research-director,Intel — official source,Official organisation source,https://www.intel.com/,Intel,2026-08-08,20:30:00+03:00,2026-08-08,United States,Intel official identity and current public presence,PRIMARY,MEDIUM,NONE KNOWN,HIGHLY_CHANGEABLE,2026-08-15,CNT-DEC-STUDIO-NAME-001-157:primary,"Direct URL captured for reproducible access; organisation-controlled source or direct platform record. INFERENCE: scale/form classifications are analytical coding, not source wording.","Availability and page contents can change; source is not legal, market-share, reputation, or ownership proof; publication date was not consistently exposed.",NEEDS_RECHECK,quality-assurance-director,ORG:www.intel.com,INDEPENDENT_PAIR_MEMBER,PAIR-157,NO,YES,RECHECK_REQUIRED,FAIL,https://www.intel.com/,ConnectionError
SRC-DEC-STUDIO-NAME-001-314,DEC-STUDIO-NAME-001,Pazar örneklemi,market-research-director,Intel — corroborating evidence,Resmî şirket/kurum sayfası veya doğrudan resmî platform kaydı,https://www.intel.com/content/www/us/en/products/overview.html,UNRESOLVED,2026-08-08,20:30:00+03:00,NOT FOUND,United States,Intel markasının erişilebilir kurumsal veya ürün faaliyeti sinyalini destekler,PRIMARY,MEDIUM,NONE KNOWN,HIGHLY_CHANGEABLE,2026-08-15,CNT-DEC-STUDIO-NAME-001-157:corroborating,"Direct URL captured for reproducible access; organisation-controlled source or direct platform record. INFERENCE: scale/form classifications are analytical coding, not source wording.","Availability and page contents can change; source is not legal, market-share, reputation, or ownership proof; publication date was not consistently exposed.",NEEDS_RECHECK,NOT ASSIGNED,UNRESOLVED,UNRESOLVED,PAIR-157,NO,NO,RECHECK_REQUIRED,FAIL,https://www.intel.com/content/www/us/en/products/overview.html,SSLError
SRC-DEC-STUDIO-NAME-001-315,DEC-STUDIO-NAME-001,Pazar örneklemi,market-research-director,Qualcomm — official source,Official organisation source,https://www.qualcomm.com/,Qualcomm,2026-08-08,20:30:00+03:00,2026-08-08,United States,Qualcomm official identity and current public presence,PRIMARY,MEDIUM,NONE KNOWN,HIGHLY_CHANGEABLE,2026-08-15,CNT-DEC-STUDIO-NAME-001-158:primary,"Direct URL captured for reproducible access; organisation-controlled source or direct platform record. INFERENCE: scale/form classifications are analytical coding, not source wording.","Availability and page contents can change; source is not legal, market-share, reputation, or ownership proof; publication date was not consistently exposed.",NEEDS_RECHECK,quality-assurance-director,ORG:www.qualcomm.com,INDEPENDENT_PAIR_MEMBER,PAIR-158,NO,YES,RECHECK_REQUIRED,FAIL,https://www.qualcomm.com/,SSLError
SRC-DEC-STUDIO-NAME-001-316,DEC-STUDIO-NAME-001,Pazar örneklemi,market-research-director,Qualcomm — corroborating evidence,Resmî şirket/kurum sayfası veya doğrudan resmî platform kaydı,https://www.qualcomm.com/products,UNRESOLVED,2026-08-08,20:30:00+03:00,NOT FOUND,United States,Qualcomm markasının erişilebilir kurumsal veya ürün faaliyeti sinyalini destekler,PRIMARY,MEDIUM,NONE KNOWN,HIGHLY_CHANGEABLE,2026-08-15,CNT-DEC-STUDIO-NAME-001-158:corroborating,"Direct URL captured for reproducible access; organisation-controlled source or direct platform record. INFERENCE: scale/form classifications are analytical coding, not source wording.","Availability and page contents can change; source is not legal, market-share, reputation, or ownership proof; publication date was not consistently exposed.",NEEDS_RECHECK,NOT ASSIGNED,UNRESOLVED,UNRESOLVED,PAIR-158,NO,NO,RECHECK_REQUIRED,FAIL,https://www.qualcomm.com/products,SSLError
SRC-DEC-STUDIO-NAME-001-317,DEC-STUDIO-NAME-001,Pazar örneklemi,market-research-director,OpenAI — official source,Official organisation source,https://openai.com/,OpenAI,2026-08-08,20:30:00+03:00,2026-08-08,United States,OpenAI official identity and current public presence,PRIMARY,MEDIUM,NONE KNOWN,HIGHLY_CHANGEABLE,2026-08-15,CNT-DEC-STUDIO-NAME-001-159:primary,"Direct URL captured for reproducible access; organisation-controlled source or direct platform record. INFERENCE: scale/form classifications are analytical coding, not source wording.","Availability and page contents can change; source is not legal, market-share, reputation, or ownership proof; publication date was not consistently exposed.",NEEDS_RECHECK,quality-assurance-director,ORG:openai.com,INDEPENDENT_PAIR_MEMBER,PAIR-159,NO,YES,RECHECK_REQUIRED,FAIL,https://openai.com/,SSLError
SRC-DEC-STUDIO-NAME-001-318,DEC-STUDIO-NAME-001,Pazar örneklemi,market-research-director,OpenAI — independent reference,Independent reference work,https://en.wikipedia.org/wiki/OpenAI,Wikimedia Foundation / Wikipedia editors,2026-08-08,20:30:00+03:00,2026-08-08,United States,OpenAI identity and operating history/current activity context,SECONDARY,MEDIUM,NONE KNOWN,HIGHLY_CHANGEABLE,2026-08-15,CNT-DEC-STUDIO-NAME-001-159:corroborating,"Direct URL captured for reproducible access; organisation-controlled source or direct platform record. INFERENCE: scale/form classifications are analytical coding, not source wording.","Availability and page contents can change; source is not legal, market-share, reputation, or ownership proof; publication date was not consistently exposed.",REVIEWED,quality-assurance-director,PLATFORM:WIKIPEDIA,INDEPENDENT_FROM_SUBJECT,PAIR-159,YES,NO,VERIFIED_ACCESSIBLE,PASS,https://en.wikipedia.org/wiki/OpenAI,NONE
SRC-DEC-STUDIO-NAME-001-319,DEC-STUDIO-NAME-001,Pazar örneklemi,market-research-director,Anthropic — official source,Official organisation source,https://www.anthropic.com/,Anthropic,2026-08-08,20:30:00+03:00,2026-08-08,United States,Anthropic official identity and current public presence,PRIMARY,MEDIUM,NONE KNOWN,HIGHLY_CHANGEABLE,2026-08-15,CNT-DEC-STUDIO-NAME-001-160:primary,"Direct URL captured for reproducible access; organisation-controlled source or direct platform record. INFERENCE: scale/form classifications are analytical coding, not source wording.","Availability and page contents can change; source is not legal, market-share, reputation, or ownership proof; publication date was not consistently exposed.",NEEDS_RECHECK,quality-assurance-director,ORG:www.anthropic.com,INDEPENDENT_PAIR_MEMBER,PAIR-160,NO,YES,RECHECK_REQUIRED,FAIL,https://www.anthropic.com/,SSLError
SRC-DEC-STUDIO-NAME-001-320,DEC-STUDIO-NAME-001,Pazar örneklemi,market-research-director,Anthropic — corroborating evidence,Resmî şirket/kurum sayfası veya doğrudan resmî platform kaydı,https://www.anthropic.com/research,UNRESOLVED,2026-08-08,20:30:00+03:00,NOT FOUND,United States,Anthropic markasının erişilebilir kurumsal veya ürün faaliyeti sinyalini destekler,PRIMARY,MEDIUM,NONE KNOWN,HIGHLY_CHANGEABLE,2026-08-15,CNT-DEC-STUDIO-NAME-001-160:corroborating,"Direct URL captured for reproducible access; organisation-controlled source or direct platform record. INFERENCE: scale/form classifications are analytical coding, not source wording.","Availability and page contents can change; source is not legal, market-share, reputation, or ownership proof; publication date was not consistently exposed.",NEEDS_RECHECK,NOT ASSIGNED,UNRESOLVED,UNRESOLVED,PAIR-160,NO,NO,RECHECK_REQUIRED,FAIL,https://www.anthropic.com/research,SSLError
SRC-DEC-STUDIO-NAME-001-321,DEC-STUDIO-NAME-001,Pazar örneklemi,market-research-director,Midjourney — official source,Official organisation source,https://www.midjourney.com/,Midjourney,2026-08-08,20:30:00+03:00,2026-08-08,United States,Midjourney official identity and current public presence,PRIMARY,MEDIUM,NONE KNOWN,HIGHLY_CHANGEABLE,2026-08-15,CNT-DEC-STUDIO-NAME-001-161:primary,"Direct URL captured for reproducible access; organisation-controlled source or direct platform record. INFERENCE: scale/form classifications are analytical coding, not source wording.","Availability and page contents can change; source is not legal, market-share, reputation, or ownership proof; publication date was not consistently exposed.",NEEDS_RECHECK,quality-assurance-director,ORG:www.midjourney.com,INDEPENDENT_PAIR_MEMBER,PAIR-161,NO,YES,RECHECK_REQUIRED,FAIL,https://www.midjourney.com/,SSLError
SRC-DEC-STUDIO-NAME-001-322,DEC-STUDIO-NAME-001,Pazar örneklemi,market-research-director,Midjourney — independent reference,Independent reference work,https://en.wikipedia.org/wiki/Midjourney,Wikimedia Foundation / Wikipedia editors,2026-08-08,20:30:00+03:00,2026-08-08,United States,Midjourney identity and operating history/current activity context,SECONDARY,MEDIUM,NONE KNOWN,HIGHLY_CHANGEABLE,2026-08-15,CNT-DEC-STUDIO-NAME-001-161:corroborating,"Direct URL captured for reproducible access; organisation-controlled source or direct platform record. INFERENCE: scale/form classifications are analytical coding, not source wording.","Availability and page contents can change; source is not legal, market-share, reputation, or ownership proof; publication date was not consistently exposed.",REVIEWED,quality-assurance-director,PLATFORM:WIKIPEDIA,INDEPENDENT_FROM_SUBJECT,PAIR-161,YES,NO,VERIFIED_ACCESSIBLE,PASS,https://en.wikipedia.org/wiki/Midjourney,NONE
SRC-DEC-STUDIO-NAME-001-323,DEC-STUDIO-NAME-001,Pazar örneklemi,market-research-director,Runway — official source,Official organisation source,https://runwayml.com/,Runway,2026-08-08,20:30:00+03:00,2026-08-08,United States,Runway official identity and current public presence,PRIMARY,MEDIUM,NONE KNOWN,HIGHLY_CHANGEABLE,2026-08-15,CNT-DEC-STUDIO-NAME-001-162:primary,"Direct URL captured for reproducible access; organisation-controlled source or direct platform record. INFERENCE: scale/form classifications are analytical coding, not source wording.","Availability and page contents can change; source is not legal, market-share, reputation, or ownership proof; publication date was not consistently exposed.",NEEDS_RECHECK,quality-assurance-director,ORG:runwayml.com,INDEPENDENT_PAIR_MEMBER,PAIR-162,NO,YES,RECHECK_REQUIRED,FAIL,https://runwayml.com/,SSLError
SRC-DEC-STUDIO-NAME-001-324,DEC-STUDIO-NAME-001,Pazar örneklemi,market-research-director,Runway — corroborating evidence,Resmî şirket/kurum sayfası veya doğrudan resmî platform kaydı,https://runwayml.com/research/,UNRESOLVED,2026-08-08,20:30:00+03:00,NOT FOUND,United States,Runway markasının erişilebilir kurumsal veya ürün faaliyeti sinyalini destekler,PRIMARY,MEDIUM,NONE KNOWN,HIGHLY_CHANGEABLE,2026-08-15,CNT-DEC-STUDIO-NAME-001-162:corroborating,"Direct URL captured for reproducible access; organisation-controlled source or direct platform record. INFERENCE: scale/form classifications are analytical coding, not source wording.","Availability and page contents can change; source is not legal, market-share, reputation, or ownership proof; publication date was not consistently exposed.",NEEDS_RECHECK,NOT ASSIGNED,UNRESOLVED,UNRESOLVED,PAIR-162,NO,NO,VERIFIED_WITH_REDIRECT,FAIL,https://runway.com/research,308:https://runwayml.com/research/ > 308:https://runway.com/research/
SRC-DEC-STUDIO-NAME-001-325,DEC-STUDIO-NAME-001,Pazar örneklemi,market-research-director,Stability AI — official source,Official organisation source,https://stability.ai/,Stability AI,2026-08-08,20:30:00+03:00,2026-08-08,United Kingdom,Stability AI official identity and current public presence,PRIMARY,MEDIUM,NONE KNOWN,HIGHLY_CHANGEABLE,2026-08-15,CNT-DEC-STUDIO-NAME-001-163:primary,"Direct URL captured for reproducible access; organisation-controlled source or direct platform record. INFERENCE: scale/form classifications are analytical coding, not source wording.","Availability and page contents can change; source is not legal, market-share, reputation, or ownership proof; publication date was not consistently exposed.",NEEDS_RECHECK,quality-assurance-director,ORG:stability.ai,INDEPENDENT_PAIR_MEMBER,PAIR-163,NO,YES,RECHECK_REQUIRED,FAIL,https://stability.ai/,SSLError
SRC-DEC-STUDIO-NAME-001-326,DEC-STUDIO-NAME-001,Pazar örneklemi,market-research-director,Stability AI — independent reference,Independent reference work,https://en.wikipedia.org/wiki/Stability_AI,Wikimedia Foundation / Wikipedia editors,2026-08-08,20:30:00+03:00,2026-08-08,United Kingdom,Stability AI identity and operating history/current activity context,SECONDARY,MEDIUM,NONE KNOWN,HIGHLY_CHANGEABLE,2026-08-15,CNT-DEC-STUDIO-NAME-001-163:corroborating,"Direct URL captured for reproducible access; organisation-controlled source or direct platform record. INFERENCE: scale/form classifications are analytical coding, not source wording.","Availability and page contents can change; source is not legal, market-share, reputation, or ownership proof; publication date was not consistently exposed.",REVIEWED,quality-assurance-director,PLATFORM:WIKIPEDIA,INDEPENDENT_FROM_SUBJECT,PAIR-163,YES,NO,VERIFIED_ACCESSIBLE,PASS,https://en.wikipedia.org/wiki/Stability_AI,NONE
SRC-DEC-STUDIO-NAME-001-327,DEC-STUDIO-NAME-001,Pazar örneklemi,market-research-director,Canva — official source,Official organisation source,https://www.canva.com/,Canva,2026-08-08,20:30:00+03:00,2026-08-08,Australia,Canva official identity and current public presence,PRIMARY,MEDIUM,NONE KNOWN,HIGHLY_CHANGEABLE,2026-08-15,CNT-DEC-STUDIO-NAME-001-164:primary,"Direct URL captured for reproducible access; organisation-controlled source or direct platform record. INFERENCE: scale/form classifications are analytical coding, not source wording.","Availability and page contents can change; source is not legal, market-share, reputation, or ownership proof; publication date was not consistently exposed.",NEEDS_RECHECK,quality-assurance-director,ORG:www.canva.com,INDEPENDENT_PAIR_MEMBER,PAIR-164,NO,YES,RECHECK_REQUIRED,FAIL,https://www.canva.com/,SSLError
SRC-DEC-STUDIO-NAME-001-328,DEC-STUDIO-NAME-001,Pazar örneklemi,market-research-director,Canva — corroborating evidence,Resmî şirket/kurum sayfası veya doğrudan resmî platform kaydı,https://www.canva.com/features/,UNRESOLVED,2026-08-08,20:30:00+03:00,NOT FOUND,Australia,Canva markasının erişilebilir kurumsal veya ürün faaliyeti sinyalini destekler,PRIMARY,MEDIUM,NONE KNOWN,HIGHLY_CHANGEABLE,2026-08-15,CNT-DEC-STUDIO-NAME-001-164:corroborating,"Direct URL captured for reproducible access; organisation-controlled source or direct platform record. INFERENCE: scale/form classifications are analytical coding, not source wording.","Availability and page contents can change; source is not legal, market-share, reputation, or ownership proof; publication date was not consistently exposed.",NEEDS_RECHECK,NOT ASSIGNED,UNRESOLVED,UNRESOLVED,PAIR-164,NO,NO,RECHECK_REQUIRED,FAIL,https://www.canva.com/features/,SSLError
SRC-DEC-STUDIO-NAME-001-329,DEC-STUDIO-NAME-001,Pazar örneklemi,market-research-director,Figma — official source,Official organisation source,https://www.figma.com/,Figma,2026-08-08,20:30:00+03:00,2026-08-08,United States,Figma official identity and current public presence,PRIMARY,MEDIUM,NONE KNOWN,HIGHLY_CHANGEABLE,2026-08-15,CNT-DEC-STUDIO-NAME-001-165:primary,"Direct URL captured for reproducible access; organisation-controlled source or direct platform record. INFERENCE: scale/form classifications are analytical coding, not source wording.","Availability and page contents can change; source is not legal, market-share, reputation, or ownership proof; publication date was not consistently exposed.",NEEDS_RECHECK,quality-assurance-director,ORG:www.figma.com,INDEPENDENT_PAIR_MEMBER,PAIR-165,NO,YES,RECHECK_REQUIRED,FAIL,https://www.figma.com/,SSLError
SRC-DEC-STUDIO-NAME-001-330,DEC-STUDIO-NAME-001,Pazar örneklemi,market-research-director,Figma — corroborating evidence,Resmî şirket/kurum sayfası veya doğrudan resmî platform kaydı,https://www.figma.com/design/,UNRESOLVED,2026-08-08,20:30:00+03:00,NOT FOUND,United States,Figma markasının erişilebilir kurumsal veya ürün faaliyeti sinyalini destekler,PRIMARY,MEDIUM,NONE KNOWN,HIGHLY_CHANGEABLE,2026-08-15,CNT-DEC-STUDIO-NAME-001-165:corroborating,"Direct URL captured for reproducible access; organisation-controlled source or direct platform record. INFERENCE: scale/form classifications are analytical coding, not source wording.","Availability and page contents can change; source is not legal, market-share, reputation, or ownership proof; publication date was not consistently exposed.",NEEDS_RECHECK,NOT ASSIGNED,UNRESOLVED,UNRESOLVED,PAIR-165,NO,NO,RECHECK_REQUIRED,FAIL,https://www.figma.com/design/,ConnectionError
SRC-DEC-STUDIO-NAME-001-331,DEC-STUDIO-NAME-001,Pazar örneklemi,market-research-director,Blender Foundation — official source,Official organisation source,https://www.blender.org/,Blender Foundation,2026-08-08,20:30:00+03:00,2026-08-08,Netherlands,Blender Foundation official identity and current public presence,PRIMARY,MEDIUM,NONE KNOWN,HIGHLY_CHANGEABLE,2026-08-15,CNT-DEC-STUDIO-NAME-001-166:primary,"Direct URL captured for reproducible access; organisation-controlled source or direct platform record. INFERENCE: scale/form classifications are analytical coding, not source wording.","Availability and page contents can change; source is not legal, market-share, reputation, or ownership proof; publication date was not consistently exposed.",NEEDS_RECHECK,quality-assurance-director,ORG:www.blender.org,INDEPENDENT_PAIR_MEMBER,PAIR-166,NO,YES,RECHECK_REQUIRED,FAIL,https://www.blender.org/,SSLError
SRC-DEC-STUDIO-NAME-001-332,DEC-STUDIO-NAME-001,Pazar örneklemi,market-research-director,Blender Foundation — corroborating evidence,Resmî şirket/kurum sayfası veya doğrudan resmî platform kaydı,https://www.blender.org/download/releases/,UNRESOLVED,2026-08-08,20:30:00+03:00,NOT FOUND,Netherlands,Blender Foundation markasının erişilebilir kurumsal veya ürün faaliyeti sinyalini destekler,PRIMARY,MEDIUM,NONE KNOWN,HIGHLY_CHANGEABLE,2026-08-15,CNT-DEC-STUDIO-NAME-001-166:corroborating,"Direct URL captured for reproducible access; organisation-controlled source or direct platform record. INFERENCE: scale/form classifications are analytical coding, not source wording.","Availability and page contents can change; source is not legal, market-share, reputation, or ownership proof; publication date was not consistently exposed.",NEEDS_RECHECK,NOT ASSIGNED,UNRESOLVED,UNRESOLVED,PAIR-166,NO,NO,RECHECK_REQUIRED,FAIL,https://www.blender.org/download/releases/,SSLError
SRC-DEC-STUDIO-NAME-001-333,DEC-STUDIO-NAME-001,Pazar örneklemi,market-research-director,SideFX — official source,Official organisation source,https://www.sidefx.com/,SideFX,2026-08-08,20:30:00+03:00,2026-08-08,Canada,SideFX official identity and current public presence,PRIMARY,MEDIUM,NONE KNOWN,HIGHLY_CHANGEABLE,2026-08-15,CNT-DEC-STUDIO-NAME-001-167:primary,"Direct URL captured for reproducible access; organisation-controlled source or direct platform record. INFERENCE: scale/form classifications are analytical coding, not source wording.","Availability and page contents can change; source is not legal, market-share, reputation, or ownership proof; publication date was not consistently exposed.",REVIEWED,quality-assurance-director,ORG:www.sidefx.com,INDEPENDENT_PAIR_MEMBER,PAIR-167,YES,YES,VERIFIED_ACCESSIBLE,PASS,https://www.sidefx.com/,NONE
SRC-DEC-STUDIO-NAME-001-334,DEC-STUDIO-NAME-001,Pazar örneklemi,market-research-director,Houdini (software) — independent reference,Independent reference work,https://en.wikipedia.org/wiki/Houdini_(software),Wikimedia Foundation / Wikipedia editors,2026-08-08,20:30:00+03:00,2026-08-08,Canada,SideFX identity and operating history/current activity context,SECONDARY,MEDIUM,NONE KNOWN,HIGHLY_CHANGEABLE,2026-08-15,CNT-DEC-STUDIO-NAME-001-167:corroborating,"Direct URL captured for reproducible access; organisation-controlled source or direct platform record. INFERENCE: scale/form classifications are analytical coding, not source wording.","Availability and page contents can change; source is not legal, market-share, reputation, or ownership proof; publication date was not consistently exposed.",REVIEWED,quality-assurance-director,PLATFORM:WIKIPEDIA,INDEPENDENT_FROM_SUBJECT,PAIR-167,YES,NO,VERIFIED_ACCESSIBLE,PASS,https://en.wikipedia.org/wiki/Houdini_(software),NONE
SRC-DEC-STUDIO-NAME-001-335,DEC-STUDIO-NAME-001,Pazar örneklemi,market-research-director,Foundry — official source,Official organisation source,https://www.foundry.com/,Foundry,2026-08-08,20:30:00+03:00,2026-08-08,United Kingdom,Foundry official identity and current public presence,PRIMARY,MEDIUM,NONE KNOWN,HIGHLY_CHANGEABLE,2026-08-15,CNT-DEC-STUDIO-NAME-001-168:primary,"Direct URL captured for reproducible access; organisation-controlled source or direct platform record. INFERENCE: scale/form classifications are analytical coding, not source wording.","Availability and page contents can change; source is not legal, market-share, reputation, or ownership proof; publication date was not consistently exposed.",REVIEWED,quality-assurance-director,ORG:www.foundry.com,INDEPENDENT_PAIR_MEMBER,PAIR-168,YES,YES,VERIFIED_ACCESSIBLE,PASS,https://www.foundry.com/,NONE
SRC-DEC-STUDIO-NAME-001-336,DEC-STUDIO-NAME-001,Pazar örneklemi,market-research-director,Foundry — corroborating evidence,Resmî şirket/kurum sayfası veya doğrudan resmî platform kaydı,https://www.foundry.com/products,UNRESOLVED,2026-08-08,20:30:00+03:00,NOT FOUND,United Kingdom,Foundry markasının erişilebilir kurumsal veya ürün faaliyeti sinyalini destekler,PRIMARY,MEDIUM,NONE KNOWN,HIGHLY_CHANGEABLE,2026-08-15,CNT-DEC-STUDIO-NAME-001-168:corroborating,"Direct URL captured for reproducible access; organisation-controlled source or direct platform record. INFERENCE: scale/form classifications are analytical coding, not source wording.","Availability and page contents can change; source is not legal, market-share, reputation, or ownership proof; publication date was not consistently exposed.",NEEDS_RECHECK,NOT ASSIGNED,UNRESOLVED,UNRESOLVED,PAIR-168,NO,NO,VERIFIED_ACCESSIBLE,FAIL,https://www.foundry.com/products,NONE
SRC-DEC-STUDIO-NAME-001-337,DEC-STUDIO-NAME-001,Pazar örneklemi,market-research-director,Blackmagic Design — official source,Official organisation source,https://www.blackmagicdesign.com/,Blackmagic Design,2026-08-08,20:30:00+03:00,2026-08-08,Australia,Blackmagic Design official identity and current public presence,PRIMARY,MEDIUM,NONE KNOWN,HIGHLY_CHANGEABLE,2026-08-15,CNT-DEC-STUDIO-NAME-001-169:primary,"Direct URL captured for reproducible access; organisation-controlled source or direct platform record. INFERENCE: scale/form classifications are analytical coding, not source wording.","Availability and page contents can change; source is not legal, market-share, reputation, or ownership proof; publication date was not consistently exposed.",REVIEWED,quality-assurance-director,ORG:www.blackmagicdesign.com,INDEPENDENT_PAIR_MEMBER,PAIR-169,YES,YES,VERIFIED_ACCESSIBLE,PASS,https://www.blackmagicdesign.com/,NONE
SRC-DEC-STUDIO-NAME-001-338,DEC-STUDIO-NAME-001,Pazar örneklemi,market-research-director,Blackmagic Design — corroborating evidence,Resmî şirket/kurum sayfası veya doğrudan resmî platform kaydı,https://www.blackmagicdesign.com/products,UNRESOLVED,2026-08-08,20:30:00+03:00,NOT FOUND,Australia,Blackmagic Design markasının erişilebilir kurumsal veya ürün faaliyeti sinyalini destekler,PRIMARY,MEDIUM,NONE KNOWN,HIGHLY_CHANGEABLE,2026-08-15,CNT-DEC-STUDIO-NAME-001-169:corroborating,"Direct URL captured for reproducible access; organisation-controlled source or direct platform record. INFERENCE: scale/form classifications are analytical coding, not source wording.","Availability and page contents can change; source is not legal, market-share, reputation, or ownership proof; publication date was not consistently exposed.",NEEDS_RECHECK,NOT ASSIGNED,UNRESOLVED,UNRESOLVED,PAIR-169,NO,NO,VERIFIED_ACCESSIBLE,FAIL,https://www.blackmagicdesign.com/products,NONE
SRC-DEC-STUDIO-NAME-001-339,DEC-STUDIO-NAME-001,Pazar örneklemi,market-research-director,Wacom — official source,Official organisation source,https://www.wacom.com/,Wacom,2026-08-08,20:30:00+03:00,2026-08-08,Japan,Wacom official identity and current public presence,PRIMARY,MEDIUM,NONE KNOWN,HIGHLY_CHANGEABLE,2026-08-15,CNT-DEC-STUDIO-NAME-001-170:primary,"Direct URL captured for reproducible access; organisation-controlled source or direct platform record. INFERENCE: scale/form classifications are analytical coding, not source wording.","Availability and page contents can change; source is not legal, market-share, reputation, or ownership proof; publication date was not consistently exposed.",REVIEWED,quality-assurance-director,ORG:www.wacom.com,INDEPENDENT_PAIR_MEMBER,PAIR-170,YES,YES,VERIFIED_WITH_REDIRECT,PASS,https://www.wacom.com/en-tr,301:https://www.wacom.com/ > 301:https://www.wacom.com/en-tr/
SRC-DEC-STUDIO-NAME-001-340,DEC-STUDIO-NAME-001,Pazar örneklemi,market-research-director,Wacom — corroborating evidence,Resmî şirket/kurum sayfası veya doğrudan resmî platform kaydı,https://www.wacom.com/en-us/products,UNRESOLVED,2026-08-08,20:30:00+03:00,NOT FOUND,Japan,Wacom markasının erişilebilir kurumsal veya ürün faaliyeti sinyalini destekler,PRIMARY,MEDIUM,NONE KNOWN,HIGHLY_CHANGEABLE,2026-08-15,CNT-DEC-STUDIO-NAME-001-170:corroborating,"Direct URL captured for reproducible access; organisation-controlled source or direct platform record. INFERENCE: scale/form classifications are analytical coding, not source wording.","Availability and page contents can change; source is not legal, market-share, reputation, or ownership proof; publication date was not consistently exposed.",NEEDS_RECHECK,NOT ASSIGNED,UNRESOLVED,UNRESOLVED,PAIR-170,NO,NO,VERIFIED_ACCESSIBLE,FAIL,https://www.wacom.com/en-us/products,NONE
SRC-DEC-STUDIO-NAME-001-341,DEC-STUDIO-NAME-001,Pazar örneklemi,market-research-director,Huion — official source,Official organisation source,https://www.huion.com/,Huion,2026-08-08,20:30:00+03:00,2026-08-08,China,Huion official identity and current public presence,PRIMARY,MEDIUM,NONE KNOWN,HIGHLY_CHANGEABLE,2026-08-15,CNT-DEC-STUDIO-NAME-001-171:primary,"Direct URL captured for reproducible access; organisation-controlled source or direct platform record. INFERENCE: scale/form classifications are analytical coding, not source wording.","Availability and page contents can change; source is not legal, market-share, reputation, or ownership proof; publication date was not consistently exposed.",NEEDS_RECHECK,quality-assurance-director,ORG:www.huion.com,INDEPENDENT_PAIR_MEMBER,PAIR-171,NO,YES,RECHECK_REQUIRED,FAIL,https://www.huion.com/,SSLError
SRC-DEC-STUDIO-NAME-001-342,DEC-STUDIO-NAME-001,Pazar örneklemi,market-research-director,Huion — corroborating evidence,Resmî şirket/kurum sayfası veya doğrudan resmî platform kaydı,https://www.huion.com/pen_tablet/,UNRESOLVED,2026-08-08,20:30:00+03:00,NOT FOUND,China,Huion markasının erişilebilir kurumsal veya ürün faaliyeti sinyalini destekler,PRIMARY,MEDIUM,NONE KNOWN,HIGHLY_CHANGEABLE,2026-08-15,CNT-DEC-STUDIO-NAME-001-171:corroborating,"Direct URL captured for reproducible access; organisation-controlled source or direct platform record. INFERENCE: scale/form classifications are analytical coding, not source wording.","Availability and page contents can change; source is not legal, market-share, reputation, or ownership proof; publication date was not consistently exposed.",NEEDS_RECHECK,NOT ASSIGNED,UNRESOLVED,UNRESOLVED,PAIR-171,NO,NO,RECHECK_REQUIRED,FAIL,https://www.huion.com/pen_tablet/,SSLError
SRC-DEC-STUDIO-NAME-001-343,DEC-STUDIO-NAME-001,Pazar örneklemi,market-research-director,Maxon — official source,Official organisation source,https://www.maxon.net/,Maxon,2026-08-08,20:30:00+03:00,2026-08-08,Germany,Maxon official identity and current public presence,PRIMARY,MEDIUM,NONE KNOWN,HIGHLY_CHANGEABLE,2026-08-15,CNT-DEC-STUDIO-NAME-001-172:primary,"Direct URL captured for reproducible access; organisation-controlled source or direct platform record. INFERENCE: scale/form classifications are analytical coding, not source wording.","Availability and page contents can change; source is not legal, market-share, reputation, or ownership proof; publication date was not consistently exposed.",NEEDS_RECHECK,quality-assurance-director,ORG:www.maxon.net,INDEPENDENT_PAIR_MEMBER,PAIR-172,NO,YES,RECHECK_REQUIRED,FAIL,https://www.maxon.net/,SSLError
SRC-DEC-STUDIO-NAME-001-344,DEC-STUDIO-NAME-001,Pazar örneklemi,market-research-director,Maxon — corroborating evidence,Resmî şirket/kurum sayfası veya doğrudan resmî platform kaydı,https://www.maxon.net/en/products,UNRESOLVED,2026-08-08,20:30:00+03:00,NOT FOUND,Germany,Maxon markasının erişilebilir kurumsal veya ürün faaliyeti sinyalini destekler,PRIMARY,MEDIUM,NONE KNOWN,HIGHLY_CHANGEABLE,2026-08-15,CNT-DEC-STUDIO-NAME-001-172:corroborating,"Direct URL captured for reproducible access; organisation-controlled source or direct platform record. INFERENCE: scale/form classifications are analytical coding, not source wording.","Availability and page contents can change; source is not legal, market-share, reputation, or ownership proof; publication date was not consistently exposed.",NEEDS_RECHECK,NOT ASSIGNED,UNRESOLVED,UNRESOLVED,PAIR-172,NO,NO,RECHECK_REQUIRED,FAIL,https://www.maxon.net/en/products,SSLError
SRC-DEC-STUDIO-NAME-001-345,DEC-STUDIO-NAME-001,Pazar örneklemi,market-research-director,Ableton — official source,Official organisation source,https://www.ableton.com/,Ableton,2026-08-08,20:30:00+03:00,2026-08-08,Germany,Ableton official identity and current public presence,PRIMARY,MEDIUM,NONE KNOWN,HIGHLY_CHANGEABLE,2026-08-15,CNT-DEC-STUDIO-NAME-001-173:primary,"Direct URL captured for reproducible access; organisation-controlled source or direct platform record. INFERENCE: scale/form classifications are analytical coding, not source wording.","Availability and page contents can change; source is not legal, market-share, reputation, or ownership proof; publication date was not consistently exposed.",REVIEWED,quality-assurance-director,ORG:www.ableton.com,INDEPENDENT_PAIR_MEMBER,PAIR-173,YES,YES,VERIFIED_ACCESSIBLE,PASS,https://www.ableton.com/,NONE
SRC-DEC-STUDIO-NAME-001-346,DEC-STUDIO-NAME-001,Pazar örneklemi,market-research-director,Ableton — corroborating evidence,Resmî şirket/kurum sayfası veya doğrudan resmî platform kaydı,https://www.ableton.com/en/products/,UNRESOLVED,2026-08-08,20:30:00+03:00,NOT FOUND,Germany,Ableton markasının erişilebilir kurumsal veya ürün faaliyeti sinyalini destekler,PRIMARY,MEDIUM,NONE KNOWN,HIGHLY_CHANGEABLE,2026-08-15,CNT-DEC-STUDIO-NAME-001-173:corroborating,"Direct URL captured for reproducible access; organisation-controlled source or direct platform record. INFERENCE: scale/form classifications are analytical coding, not source wording.","Availability and page contents can change; source is not legal, market-share, reputation, or ownership proof; publication date was not consistently exposed.",NEEDS_RECHECK,NOT ASSIGNED,UNRESOLVED,UNRESOLVED,PAIR-173,NO,NO,VERIFIED_WITH_REDIRECT,FAIL,https://www.ableton.com/en/shop/,302:https://www.ableton.com/en/products/
SRC-DEC-STUDIO-NAME-001-347,DEC-STUDIO-NAME-001,Pazar örneklemi,market-research-director,Native Instruments — official source,Official organisation source,https://www.native-instruments.com/,Native Instruments,2026-08-08,20:30:00+03:00,2026-08-08,Germany,Native Instruments official identity and current public presence,PRIMARY,MEDIUM,NONE KNOWN,HIGHLY_CHANGEABLE,2026-08-15,CNT-DEC-STUDIO-NAME-001-174:primary,"Direct URL captured for reproducible access; organisation-controlled source or direct platform record. INFERENCE: scale/form classifications are analytical coding, not source wording.","Availability and page contents can change; source is not legal, market-share, reputation, or ownership proof; publication date was not consistently exposed.",NEEDS_RECHECK,quality-assurance-director,ORG:www.native-instruments.com,INDEPENDENT_PAIR_MEMBER,PAIR-174,NO,YES,RECHECK_REQUIRED,FAIL,https://www.native-instruments.com/,SSLError
SRC-DEC-STUDIO-NAME-001-348,DEC-STUDIO-NAME-001,Pazar örneklemi,market-research-director,Native Instruments — independent reference,Independent reference work,https://en.wikipedia.org/wiki/Native_Instruments,Wikimedia Foundation / Wikipedia editors,2026-08-08,20:30:00+03:00,2026-08-08,Germany,Native Instruments identity and operating history/current activity context,SECONDARY,MEDIUM,NONE KNOWN,HIGHLY_CHANGEABLE,2026-08-15,CNT-DEC-STUDIO-NAME-001-174:corroborating,"Direct URL captured for reproducible access; organisation-controlled source or direct platform record. INFERENCE: scale/form classifications are analytical coding, not source wording.","Availability and page contents can change; source is not legal, market-share, reputation, or ownership proof; publication date was not consistently exposed.",REVIEWED,quality-assurance-director,PLATFORM:WIKIPEDIA,INDEPENDENT_FROM_SUBJECT,PAIR-174,YES,NO,VERIFIED_ACCESSIBLE,PASS,https://en.wikipedia.org/wiki/Native_Instruments,NONE
SRC-DEC-STUDIO-NAME-001-349,DEC-STUDIO-NAME-001,Pazar örneklemi,market-research-director,Akai Professional — official source,Official organisation source,https://www.akaipro.com/,Akai Professional,2026-08-08,20:30:00+03:00,2026-08-08,Japan,Akai Professional official identity and current public presence,PRIMARY,MEDIUM,NONE KNOWN,HIGHLY_CHANGEABLE,2026-08-15,CNT-DEC-STUDIO-NAME-001-175:primary,"Direct URL captured for reproducible access; organisation-controlled source or direct platform record. INFERENCE: scale/form classifications are analytical coding, not source wording.","Availability and page contents can change; source is not legal, market-share, reputation, or ownership proof; publication date was not consistently exposed.",NEEDS_RECHECK,quality-assurance-director,ORG:www.akaipro.com,INDEPENDENT_PAIR_MEMBER,PAIR-175,NO,YES,RECHECK_REQUIRED,FAIL,https://www.akaipro.com/,SSLError
SRC-DEC-STUDIO-NAME-001-350,DEC-STUDIO-NAME-001,Pazar örneklemi,market-research-director,Akai Professional — corroborating evidence,Resmî şirket/kurum sayfası veya doğrudan resmî platform kaydı,https://www.akaipro.com/products,UNRESOLVED,2026-08-08,20:30:00+03:00,NOT FOUND,Japan,Akai Professional markasının erişilebilir kurumsal veya ürün faaliyeti sinyalini destekler,PRIMARY,MEDIUM,NONE KNOWN,HIGHLY_CHANGEABLE,2026-08-15,CNT-DEC-STUDIO-NAME-001-175:corroborating,"Direct URL captured for reproducible access; organisation-controlled source or direct platform record. INFERENCE: scale/form classifications are analytical coding, not source wording.","Availability and page contents can change; source is not legal, market-share, reputation, or ownership proof; publication date was not consistently exposed.",NEEDS_RECHECK,NOT ASSIGNED,UNRESOLVED,UNRESOLVED,PAIR-175,NO,NO,RECHECK_REQUIRED,FAIL,https://www.akaipro.com/products,SSLError
SRC-DEC-STUDIO-NAME-001-351,DEC-STUDIO-NAME-001,Pazar örneklemi,market-research-director,Samsung — official source,Official organisation source,https://www.samsung.com/,Samsung,2026-08-08,20:30:00+03:00,2026-08-08,South Korea,Samsung official identity and current public presence,PRIMARY,MEDIUM,NONE KNOWN,HIGHLY_CHANGEABLE,2026-08-15,CNT-DEC-STUDIO-NAME-001-176:primary,"Direct URL captured for reproducible access; organisation-controlled source or direct platform record. INFERENCE: scale/form classifications are analytical coding, not source wording.","Availability and page contents can change; source is not legal, market-share, reputation, or ownership proof; publication date was not consistently exposed.",REVIEWED,quality-assurance-director,ORG:www.samsung.com,INDEPENDENT_PAIR_MEMBER,PAIR-176,YES,YES,VERIFIED_WITH_REDIRECT,PASS,https://www.samsung.com/tr/,301:https://www.samsung.com/
SRC-DEC-STUDIO-NAME-001-352,DEC-STUDIO-NAME-001,Pazar örneklemi,market-research-director,Samsung — independent reference,Independent reference work,https://en.wikipedia.org/wiki/Samsung,Wikimedia Foundation / Wikipedia editors,2026-08-08,20:30:00+03:00,2026-08-08,South Korea,Samsung identity and operating history/current activity context,SECONDARY,MEDIUM,NONE KNOWN,HIGHLY_CHANGEABLE,2026-08-15,CNT-DEC-STUDIO-NAME-001-176:corroborating,"Direct URL captured for reproducible access; organisation-controlled source or direct platform record. INFERENCE: scale/form classifications are analytical coding, not source wording.","Availability and page contents can change; source is not legal, market-share, reputation, or ownership proof; publication date was not consistently exposed.",REVIEWED,quality-assurance-director,PLATFORM:WIKIPEDIA,INDEPENDENT_FROM_SUBJECT,PAIR-176,YES,NO,VERIFIED_ACCESSIBLE,PASS,https://en.wikipedia.org/wiki/Samsung,NONE
SRC-DEC-STUDIO-NAME-001-353,DEC-STUDIO-NAME-001,Pazar örneklemi,market-research-director,Huawei — official source,Official organisation source,https://www.huawei.com/,Huawei,2026-08-08,20:30:00+03:00,2026-08-08,China,Huawei official identity and current public presence,PRIMARY,MEDIUM,NONE KNOWN,HIGHLY_CHANGEABLE,2026-08-15,CNT-DEC-STUDIO-NAME-001-177:primary,"Direct URL captured for reproducible access; organisation-controlled source or direct platform record. INFERENCE: scale/form classifications are analytical coding, not source wording.","Availability and page contents can change; source is not legal, market-share, reputation, or ownership proof; publication date was not consistently exposed.",NEEDS_RECHECK,quality-assurance-director,ORG:www.huawei.com,INDEPENDENT_PAIR_MEMBER,PAIR-177,NO,YES,RECHECK_REQUIRED,FAIL,https://www.huawei.com/,ConnectionError
SRC-DEC-STUDIO-NAME-001-354,DEC-STUDIO-NAME-001,Pazar örneklemi,market-research-director,Huawei — corroborating evidence,Resmî şirket/kurum sayfası veya doğrudan resmî platform kaydı,https://consumer.huawei.com/en/,UNRESOLVED,2026-08-08,20:30:00+03:00,NOT FOUND,China,Huawei markasının erişilebilir kurumsal veya ürün faaliyeti sinyalini destekler,PRIMARY,MEDIUM,NONE KNOWN,HIGHLY_CHANGEABLE,2026-08-15,CNT-DEC-STUDIO-NAME-001-177:corroborating,"Direct URL captured for reproducible access; organisation-controlled source or direct platform record. INFERENCE: scale/form classifications are analytical coding, not source wording.","Availability and page contents can change; source is not legal, market-share, reputation, or ownership proof; publication date was not consistently exposed.",NEEDS_RECHECK,NOT ASSIGNED,UNRESOLVED,UNRESOLVED,PAIR-177,NO,NO,RECHECK_REQUIRED,FAIL,https://consumer.huawei.com/en/,SSLError
SRC-DEC-STUDIO-NAME-001-355,DEC-STUDIO-NAME-001,Pazar örneklemi,market-research-director,Arçelik — official source,Official organisation source,https://www.arcelikglobal.com/,Arçelik,2026-08-08,20:30:00+03:00,2026-08-08,Türkiye,Arçelik official identity and current public presence,PRIMARY,MEDIUM,NONE KNOWN,HIGHLY_CHANGEABLE,2026-08-15,CNT-DEC-STUDIO-NAME-001-178:primary,"Direct URL captured for reproducible access; organisation-controlled source or direct platform record. INFERENCE: scale/form classifications are analytical coding, not source wording.","Availability and page contents can change; source is not legal, market-share, reputation, or ownership proof; publication date was not consistently exposed.",REVIEWED,quality-assurance-director,ORG:www.arcelikglobal.com,INDEPENDENT_PAIR_MEMBER,PAIR-178,YES,YES,VERIFIED_ACCESSIBLE,PASS,https://www.arcelikglobal.com/,NONE
SRC-DEC-STUDIO-NAME-001-356,DEC-STUDIO-NAME-001,Pazar örneklemi,market-research-director,Arçelik — corroborating evidence,Resmî şirket/kurum sayfası veya doğrudan resmî platform kaydı,https://www.arcelikglobal.com/en/company/about-us/,UNRESOLVED,2026-08-08,20:30:00+03:00,NOT FOUND,Türkiye,Arçelik markasının erişilebilir kurumsal veya ürün faaliyeti sinyalini destekler,PRIMARY,MEDIUM,NONE KNOWN,HIGHLY_CHANGEABLE,2026-08-15,CNT-DEC-STUDIO-NAME-001-178:corroborating,"Direct URL captured for reproducible access; organisation-controlled source or direct platform record. INFERENCE: scale/form classifications are analytical coding, not source wording.","Availability and page contents can change; source is not legal, market-share, reputation, or ownership proof; publication date was not consistently exposed.",REJECTED,NOT ASSIGNED,UNRESOLVED,UNRESOLVED,PAIR-178,NO,NO,BROKEN_LINK,FAIL,https://www.arcelikglobal.com/en/company/about-us/,NONE
SRC-DEC-STUDIO-NAME-001-357,DEC-STUDIO-NAME-001,Pazar örneklemi,market-research-director,Trendyol — official source,Official organisation source,https://www.trendyol.com/,Trendyol,2026-08-08,20:30:00+03:00,2026-08-08,Türkiye,Trendyol official identity and current public presence,PRIMARY,MEDIUM,NONE KNOWN,HIGHLY_CHANGEABLE,2026-08-15,CNT-DEC-STUDIO-NAME-001-179:primary,"Direct URL captured for reproducible access; organisation-controlled source or direct platform record. INFERENCE: scale/form classifications are analytical coding, not source wording.","Availability and page contents can change; source is not legal, market-share, reputation, or ownership proof; publication date was not consistently exposed.",NEEDS_RECHECK,quality-assurance-director,ORG:www.trendyol.com,INDEPENDENT_PAIR_MEMBER,PAIR-179,NO,YES,RECHECK_REQUIRED,FAIL,https://www.trendyol.com/,SSLError
SRC-DEC-STUDIO-NAME-001-358,DEC-STUDIO-NAME-001,Pazar örneklemi,market-research-director,Trendyol — corroborating evidence,Resmî şirket/kurum sayfası veya doğrudan resmî platform kaydı,https://www.trendyol.com/s/aboutus,UNRESOLVED,2026-08-08,20:30:00+03:00,NOT FOUND,Türkiye,Trendyol markasının erişilebilir kurumsal veya ürün faaliyeti sinyalini destekler,PRIMARY,MEDIUM,NONE KNOWN,HIGHLY_CHANGEABLE,2026-08-15,CNT-DEC-STUDIO-NAME-001-179:corroborating,"Direct URL captured for reproducible access; organisation-controlled source or direct platform record. INFERENCE: scale/form classifications are analytical coding, not source wording.","Availability and page contents can change; source is not legal, market-share, reputation, or ownership proof; publication date was not consistently exposed.",NEEDS_RECHECK,NOT ASSIGNED,UNRESOLVED,UNRESOLVED,PAIR-179,NO,NO,RECHECK_REQUIRED,FAIL,https://www.trendyol.com/s/aboutus,SSLError
SRC-DEC-STUDIO-NAME-001-359,DEC-STUDIO-NAME-001,Pazar örneklemi,market-research-director,Insider — official source,Official organisation source,https://useinsider.com/,Insider,2026-08-08,20:30:00+03:00,2026-08-08,Türkiye,Insider official identity and current public presence,PRIMARY,MEDIUM,NONE KNOWN,HIGHLY_CHANGEABLE,2026-08-15,CNT-DEC-STUDIO-NAME-001-180:primary,"Direct URL captured for reproducible access; organisation-controlled source or direct platform record. INFERENCE: scale/form classifications are analytical coding, not source wording.","Availability and page contents can change; source is not legal, market-share, reputation, or ownership proof; publication date was not consistently exposed.",NEEDS_RECHECK,quality-assurance-director,ORG:useinsider.com,INDEPENDENT_PAIR_MEMBER,PAIR-180,NO,YES,RECHECK_REQUIRED,FAIL,https://useinsider.com/,SSLError
SRC-DEC-STUDIO-NAME-001-360,DEC-STUDIO-NAME-001,Pazar örneklemi,market-research-director,Insider — independent reference,Independent reference work,https://en.wikipedia.org/wiki/Insider,Wikimedia Foundation / Wikipedia editors,2026-08-08,20:30:00+03:00,2026-08-08,Türkiye,Insider identity and operating history/current activity context,SECONDARY,MEDIUM,NONE KNOWN,HIGHLY_CHANGEABLE,2026-08-15,CNT-DEC-STUDIO-NAME-001-180:corroborating,"Direct URL captured for reproducible access; organisation-controlled source or direct platform record. INFERENCE: scale/form classifications are analytical coding, not source wording.","Availability and page contents can change; source is not legal, market-share, reputation, or ownership proof; publication date was not consistently exposed.",REVIEWED,quality-assurance-director,PLATFORM:WIKIPEDIA,INDEPENDENT_FROM_SUBJECT,PAIR-180,YES,NO,VERIFIED_ACCESSIBLE,PASS,https://en.wikipedia.org/wiki/Insider,NONE
SRC-DEC-STUDIO-NAME-001-361,DEC-STUDIO-NAME-001,Pazar örneklemi,market-research-director,Meta Platforms rebrand — official source,Official organisation source,https://about.fb.com/news/2021/10/facebook-company-is-now-meta/,Meta Platforms rebrand,2026-08-08,20:30:00+03:00,2026-08-08,United States,Meta Platforms rebrand official identity and current public presence,PRIMARY,MEDIUM,NONE KNOWN,HIGHLY_CHANGEABLE,2026-08-15,CNT-DEC-STUDIO-NAME-001-181:primary,"Direct URL captured for reproducible access; organisation-controlled source or direct platform record. INFERENCE: scale/form classifications are analytical coding, not source wording.","Availability and page contents can change; source is not legal, market-share, reputation, or ownership proof; publication date was not consistently exposed.",NEEDS_RECHECK,quality-assurance-director,ORG:about.fb.com,INDEPENDENT_PAIR_MEMBER,PAIR-181,NO,YES,RECHECK_REQUIRED,FAIL,https://about.fb.com/news/2021/10/facebook-company-is-now-meta/,SSLError
SRC-DEC-STUDIO-NAME-001-362,DEC-STUDIO-NAME-001,Pazar örneklemi,market-research-director,Meta Platforms rebrand — corroborating evidence,Resmî şirket/kurum sayfası veya doğrudan resmî platform kaydı,https://about.meta.com/company-info/,UNRESOLVED,2026-08-08,20:30:00+03:00,NOT FOUND,United States,Meta Platforms rebrand tarihsel olayının resmî/kurumsal bağlamını destekler,PRIMARY,MEDIUM,NONE KNOWN,HIGHLY_CHANGEABLE,2026-08-15,CNT-DEC-STUDIO-NAME-001-181:corroborating,"Direct URL captured for reproducible access; organisation-controlled source or direct platform record. INFERENCE: scale/form classifications are analytical coding, not source wording.","Availability and page contents can change; source is not legal, market-share, reputation, or ownership proof; publication date was not consistently exposed.",NEEDS_RECHECK,NOT ASSIGNED,UNRESOLVED,UNRESOLVED,PAIR-181,NO,NO,VERIFIED_WITH_REDIRECT,FAIL,https://www.meta.com/en-gb/about/company-info/?utm_source=about.meta.com&utm_medium=redirect,301:https://about.meta.com/company-info/ > 302:https://www.meta.com/about/company-info/?utm_source=about.meta.com&utm_medium=redirect
SRC-DEC-STUDIO-NAME-001-363,DEC-STUDIO-NAME-001,Pazar örneklemi,market-research-director,Alphabet corporate restructuring — official source,Official organisation source,https://abc.xyz/investor/founders-letters/2015/,Alphabet corporate restructuring,2026-08-08,20:30:00+03:00,2026-08-08,United States,Alphabet corporate restructuring official identity and current public presence,PRIMARY,MEDIUM,NONE KNOWN,HIGHLY_CHANGEABLE,2026-08-15,CNT-DEC-STUDIO-NAME-001-182:primary,"Direct URL captured for reproducible access; organisation-controlled source or direct platform record. INFERENCE: scale/form classifications are analytical coding, not source wording.","Availability and page contents can change; source is not legal, market-share, reputation, or ownership proof; publication date was not consistently exposed.",NEEDS_RECHECK,quality-assurance-director,ORG:abc.xyz,INDEPENDENT_PAIR_MEMBER,PAIR-182,NO,YES,RECHECK_REQUIRED,FAIL,https://abc.xyz/investor/founders-letters/2015/,SSLError
SRC-DEC-STUDIO-NAME-001-364,DEC-STUDIO-NAME-001,Pazar örneklemi,market-research-director,Alphabet corporate restructuring — corroborating evidence,Resmî şirket/kurum sayfası veya doğrudan resmî platform kaydı,https://abc.xyz/,UNRESOLVED,2026-08-08,20:30:00+03:00,NOT FOUND,United States,Alphabet corporate restructuring tarihsel olayının resmî/kurumsal bağlamını destekler,PRIMARY,MEDIUM,NONE KNOWN,HIGHLY_CHANGEABLE,2026-08-15,CNT-DEC-STUDIO-NAME-001-182:corroborating,"Direct URL captured for reproducible access; organisation-controlled source or direct platform record. INFERENCE: scale/form classifications are analytical coding, not source wording.","Availability and page contents can change; source is not legal, market-share, reputation, or ownership proof; publication date was not consistently exposed.",NEEDS_RECHECK,NOT ASSIGNED,UNRESOLVED,UNRESOLVED,PAIR-182,NO,NO,RECHECK_REQUIRED,FAIL,https://abc.xyz/,SSLError
SRC-DEC-STUDIO-NAME-001-365,DEC-STUDIO-NAME-001,Pazar örneklemi,market-research-director,Block corporate rebrand — official source,Official organisation source,https://block.xyz/inside/block-press-release,Block corporate rebrand,2026-08-08,20:30:00+03:00,2026-08-08,United States,Block corporate rebrand official identity and current public presence,PRIMARY,MEDIUM,NONE KNOWN,HIGHLY_CHANGEABLE,2026-08-15,CNT-DEC-STUDIO-NAME-001-183:primary,"Direct URL captured for reproducible access; organisation-controlled source or direct platform record. INFERENCE: scale/form classifications are analytical coding, not source wording.","Availability and page contents can change; source is not legal, market-share, reputation, or ownership proof; publication date was not consistently exposed.",REJECTED,quality-assurance-director,ORG:block.xyz,INDEPENDENT_PAIR_MEMBER,PAIR-183,NO,YES,BROKEN_LINK,FAIL,https://block.xyz/inside/block-press-release,NONE
SRC-DEC-STUDIO-NAME-001-366,DEC-STUDIO-NAME-001,Pazar örneklemi,market-research-director,Block corporate rebrand — corroborating evidence,Resmî şirket/kurum sayfası veya doğrudan resmî platform kaydı,https://block.xyz/,UNRESOLVED,2026-08-08,20:30:00+03:00,NOT FOUND,United States,Block corporate rebrand tarihsel olayının resmî/kurumsal bağlamını destekler,PRIMARY,MEDIUM,NONE KNOWN,HIGHLY_CHANGEABLE,2026-08-15,CNT-DEC-STUDIO-NAME-001-183:corroborating,"Direct URL captured for reproducible access; organisation-controlled source or direct platform record. INFERENCE: scale/form classifications are analytical coding, not source wording.","Availability and page contents can change; source is not legal, market-share, reputation, or ownership proof; publication date was not consistently exposed.",NEEDS_RECHECK,NOT ASSIGNED,UNRESOLVED,UNRESOLVED,PAIR-183,NO,NO,VERIFIED_ACCESSIBLE,FAIL,https://block.xyz/,NONE
SRC-DEC-STUDIO-NAME-001-367,DEC-STUDIO-NAME-001,Pazar örneklemi,market-research-director,Plaion rebrand from Koch Media — official source,Official organisation source,https://plaion.com/en/news/koch-media-becomes-plaion,Plaion rebrand from Koch Media,2026-08-08,20:30:00+03:00,2026-08-08,Austria,Plaion rebrand from Koch Media official identity and current public presence,PRIMARY,MEDIUM,NONE KNOWN,HIGHLY_CHANGEABLE,2026-08-15,CNT-DEC-STUDIO-NAME-001-184:primary,"Direct URL captured for reproducible access; organisation-controlled source or direct platform record. INFERENCE: scale/form classifications are analytical coding, not source wording.","Availability and page contents can change; source is not legal, market-share, reputation, or ownership proof; publication date was not consistently exposed.",REVIEWED,quality-assurance-director,ORG:plaion.com,INDEPENDENT_PAIR_MEMBER,PAIR-184,YES,YES,VERIFIED_ACCESSIBLE,PASS,https://plaion.com/en/news/koch-media-becomes-plaion,NONE
SRC-DEC-STUDIO-NAME-001-368,DEC-STUDIO-NAME-001,Pazar örneklemi,market-research-director,Plaion rebrand from Koch Media — corroborating evidence,Resmî şirket/kurum sayfası veya doğrudan resmî platform kaydı,https://plaion.com/,UNRESOLVED,2026-08-08,20:30:00+03:00,NOT FOUND,Austria,Plaion rebrand from Koch Media tarihsel olayının resmî/kurumsal bağlamını destekler,PRIMARY,MEDIUM,NONE KNOWN,HIGHLY_CHANGEABLE,2026-08-15,CNT-DEC-STUDIO-NAME-001-184:corroborating,"Direct URL captured for reproducible access; organisation-controlled source or direct platform record. INFERENCE: scale/form classifications are analytical coding, not source wording.","Availability and page contents can change; source is not legal, market-share, reputation, or ownership proof; publication date was not consistently exposed.",NEEDS_RECHECK,NOT ASSIGNED,UNRESOLVED,UNRESOLVED,PAIR-184,NO,NO,VERIFIED_ACCESSIBLE,FAIL,https://plaion.com/,NONE
SRC-DEC-STUDIO-NAME-001-369,DEC-STUDIO-NAME-001,Pazar örneklemi,market-research-director,Behaviour Interactive spelling rebrand — official source,Official organisation source,https://www.bhvr.com/,Behaviour Interactive spelling rebrand,2026-08-08,20:30:00+03:00,2026-08-08,Canada,Behaviour Interactive spelling rebrand official identity and current public presence,PRIMARY,MEDIUM,NONE KNOWN,HIGHLY_CHANGEABLE,2026-08-15,CNT-DEC-STUDIO-NAME-001-185:primary,"Direct URL captured for reproducible access; organisation-controlled source or direct platform record. INFERENCE: scale/form classifications are analytical coding, not source wording.","Availability and page contents can change; source is not legal, market-share, reputation, or ownership proof; publication date was not consistently exposed.",NEEDS_RECHECK,quality-assurance-director,ORG:www.bhvr.com,INDEPENDENT_PAIR_MEMBER,PAIR-185,NO,YES,RECHECK_REQUIRED,FAIL,https://www.bhvr.com/,SSLError
SRC-DEC-STUDIO-NAME-001-370,DEC-STUDIO-NAME-001,Pazar örneklemi,market-research-director,Behaviour Interactive spelling rebrand — corroborating evidence,Resmî şirket/kurum sayfası veya doğrudan resmî platform kaydı,https://www.bhvr.com/games/,UNRESOLVED,2026-08-08,20:30:00+03:00,NOT FOUND,Canada,Behaviour Interactive spelling rebrand tarihsel olayının resmî/kurumsal bağlamını destekler,PRIMARY,MEDIUM,NONE KNOWN,HIGHLY_CHANGEABLE,2026-08-15,CNT-DEC-STUDIO-NAME-001-185:corroborating,"Direct URL captured for reproducible access; organisation-controlled source or direct platform record. INFERENCE: scale/form classifications are analytical coding, not source wording.","Availability and page contents can change; source is not legal, market-share, reputation, or ownership proof; publication date was not consistently exposed.",NEEDS_RECHECK,NOT ASSIGNED,UNRESOLVED,UNRESOLVED,PAIR-185,NO,NO,RECHECK_REQUIRED,FAIL,https://www.bhvr.com/games/,SSLError
SRC-DEC-STUDIO-NAME-001-371,DEC-STUDIO-NAME-001,Pazar örneklemi,market-research-director,Dontnod to Don't Nod rebrand — official source,Official organisation source,https://dont-nod.com/en/dontnod-is-now-dont-nod/,Dontnod to Don't Nod rebrand,2026-08-08,20:30:00+03:00,2026-08-08,France,Dontnod to Don't Nod rebrand official identity and current public presence,PRIMARY,MEDIUM,NONE KNOWN,HIGHLY_CHANGEABLE,2026-08-15,CNT-DEC-STUDIO-NAME-001-186:primary,"Direct URL captured for reproducible access; organisation-controlled source or direct platform record. INFERENCE: scale/form classifications are analytical coding, not source wording.","Availability and page contents can change; source is not legal, market-share, reputation, or ownership proof; publication date was not consistently exposed.",REJECTED,quality-assurance-director,ORG:dont-nod.com,INDEPENDENT_PAIR_MEMBER,PAIR-186,NO,YES,BROKEN_LINK,FAIL,https://dont-nod.com/en/dontnod-is-now-dont-nod/,NONE
SRC-DEC-STUDIO-NAME-001-372,DEC-STUDIO-NAME-001,Pazar örneklemi,market-research-director,Dontnod to Don't Nod rebrand — corroborating evidence,Resmî şirket/kurum sayfası veya doğrudan resmî platform kaydı,https://dont-nod.com/,UNRESOLVED,2026-08-08,20:30:00+03:00,NOT FOUND,France,Dontnod to Don't Nod rebrand tarihsel olayının resmî/kurumsal bağlamını destekler,PRIMARY,MEDIUM,NONE KNOWN,HIGHLY_CHANGEABLE,2026-08-15,CNT-DEC-STUDIO-NAME-001-186:corroborating,"Direct URL captured for reproducible access; organisation-controlled source or direct platform record. INFERENCE: scale/form classifications are analytical coding, not source wording.","Availability and page contents can change; source is not legal, market-share, reputation, or ownership proof; publication date was not consistently exposed.",NEEDS_RECHECK,NOT ASSIGNED,UNRESOLVED,UNRESOLVED,PAIR-186,NO,NO,VERIFIED_WITH_REDIRECT,FAIL,https://dont-nod.com/en/,302:https://dont-nod.com/
SRC-DEC-STUDIO-NAME-001-373,DEC-STUDIO-NAME-001,Pazar örneklemi,market-research-director,Daybreak Game Company rebrand — official source,Official organisation source,https://www.daybreakgames.com/news/sony-online-entertainment-becomes-daybreak-game-company,Daybreak Game Company rebrand,2026-08-08,20:30:00+03:00,2026-08-08,United States,Daybreak Game Company rebrand official identity and current public presence,PRIMARY,MEDIUM,NONE KNOWN,HIGHLY_CHANGEABLE,2026-08-15,CNT-DEC-STUDIO-NAME-001-187:primary,"Direct URL captured for reproducible access; organisation-controlled source or direct platform record. INFERENCE: scale/form classifications are analytical coding, not source wording.","Availability and page contents can change; source is not legal, market-share, reputation, or ownership proof; publication date was not consistently exposed.",NEEDS_RECHECK,quality-assurance-director,ORG:www.daybreakgames.com,INDEPENDENT_PAIR_MEMBER,PAIR-187,NO,YES,RECHECK_REQUIRED,FAIL,https://www.daybreakgames.com/news/sony-online-entertainment-becomes-daybreak-game-company,ConnectionError
SRC-DEC-STUDIO-NAME-001-374,DEC-STUDIO-NAME-001,Pazar örneklemi,market-research-director,Daybreak Game Company rebrand — corroborating evidence,Resmî şirket/kurum sayfası veya doğrudan resmî platform kaydı,https://www.daybreakgames.com/,UNRESOLVED,2026-08-08,20:30:00+03:00,NOT FOUND,United States,Daybreak Game Company rebrand tarihsel olayının resmî/kurumsal bağlamını destekler,PRIMARY,MEDIUM,NONE KNOWN,HIGHLY_CHANGEABLE,2026-08-15,CNT-DEC-STUDIO-NAME-001-187:corroborating,"Direct URL captured for reproducible access; organisation-controlled source or direct platform record. INFERENCE: scale/form classifications are analytical coding, not source wording.","Availability and page contents can change; source is not legal, market-share, reputation, or ownership proof; publication date was not consistently exposed.",NEEDS_RECHECK,NOT ASSIGNED,UNRESOLVED,UNRESOLVED,PAIR-187,NO,NO,RECHECK_REQUIRED,FAIL,https://www.daybreakgames.com/,ConnectionError
SRC-DEC-STUDIO-NAME-001-375,DEC-STUDIO-NAME-001,Pazar örneklemi,market-research-director,X Corp Twitter rebrand — official source,Official organisation source,https://about.x.com/,X Corp Twitter rebrand,2026-08-08,20:30:00+03:00,2026-08-08,United States,X Corp Twitter rebrand official identity and current public presence,PRIMARY,MEDIUM,NONE KNOWN,HIGHLY_CHANGEABLE,2026-08-15,CNT-DEC-STUDIO-NAME-001-188:primary,"Direct URL captured for reproducible access; organisation-controlled source or direct platform record. INFERENCE: scale/form classifications are analytical coding, not source wording.","Availability and page contents can change; source is not legal, market-share, reputation, or ownership proof; publication date was not consistently exposed.",NEEDS_RECHECK,quality-assurance-director,ORG:about.x.com,INDEPENDENT_PAIR_MEMBER,PAIR-188,NO,YES,RECHECK_REQUIRED,FAIL,https://about.x.com/,ConnectTimeout
SRC-DEC-STUDIO-NAME-001-376,DEC-STUDIO-NAME-001,Pazar örneklemi,market-research-director,X Corp Twitter rebrand — corroborating evidence,Resmî şirket/kurum sayfası veya doğrudan resmî platform kaydı,https://help.x.com/en/rules-and-policies/x-corp,UNRESOLVED,2026-08-08,20:30:00+03:00,NOT FOUND,United States,X Corp Twitter rebrand tarihsel olayının resmî/kurumsal bağlamını destekler,PRIMARY,MEDIUM,NONE KNOWN,HIGHLY_CHANGEABLE,2026-08-15,CNT-DEC-STUDIO-NAME-001-188:corroborating,"Direct URL captured for reproducible access; organisation-controlled source or direct platform record. INFERENCE: scale/form classifications are analytical coding, not source wording.","Availability and page contents can change; source is not legal, market-share, reputation, or ownership proof; publication date was not consistently exposed.",NEEDS_RECHECK,NOT ASSIGNED,UNRESOLVED,UNRESOLVED,PAIR-188,NO,NO,RECHECK_REQUIRED,FAIL,https://help.x.com/en/rules-and-policies/x-corp,SSLError
SRC-DEC-STUDIO-NAME-001-377,DEC-STUDIO-NAME-001,Pazar örneklemi,market-research-director,Ziff Davis rebrand from J2 Global — official source,Official organisation source,https://www.ziffdavis.com/news/j2-global-changes-name-to-ziff-davis,Ziff Davis rebrand from J2 Global,2026-08-08,20:30:00+03:00,2026-08-08,United States,Ziff Davis rebrand from J2 Global official identity and current public presence,PRIMARY,MEDIUM,NONE KNOWN,HIGHLY_CHANGEABLE,2026-08-15,CNT-DEC-STUDIO-NAME-001-189:primary,"Direct URL captured for reproducible access; organisation-controlled source or direct platform record. INFERENCE: scale/form classifications are analytical coding, not source wording.","Availability and page contents can change; source is not legal, market-share, reputation, or ownership proof; publication date was not consistently exposed.",NEEDS_RECHECK,quality-assurance-director,ORG:www.ziffdavis.com,INDEPENDENT_PAIR_MEMBER,PAIR-189,NO,YES,RECHECK_REQUIRED,FAIL,https://www.ziffdavis.com/news/j2-global-changes-name-to-ziff-davis,SSLError
SRC-DEC-STUDIO-NAME-001-378,DEC-STUDIO-NAME-001,Pazar örneklemi,market-research-director,Ziff Davis rebrand from J2 Global — corroborating evidence,Resmî şirket/kurum sayfası veya doğrudan resmî platform kaydı,https://www.ziffdavis.com/,UNRESOLVED,2026-08-08,20:30:00+03:00,NOT FOUND,United States,Ziff Davis rebrand from J2 Global tarihsel olayının resmî/kurumsal bağlamını destekler,PRIMARY,MEDIUM,NONE KNOWN,HIGHLY_CHANGEABLE,2026-08-15,CNT-DEC-STUDIO-NAME-001-189:corroborating,"Direct URL captured for reproducible access; organisation-controlled source or direct platform record. INFERENCE: scale/form classifications are analytical coding, not source wording.","Availability and page contents can change; source is not legal, market-share, reputation, or ownership proof; publication date was not consistently exposed.",NEEDS_RECHECK,NOT ASSIGNED,UNRESOLVED,UNRESOLVED,PAIR-189,NO,NO,RECHECK_REQUIRED,FAIL,https://www.ziffdavis.com/,SSLError
SRC-DEC-STUDIO-NAME-001-379,DEC-STUDIO-NAME-001,Pazar örneklemi,market-research-director,Paramount Global rebrand — official source,Official organisation source,https://www.paramount.com/press/viacomcbs-unveils-new-company-name-global-content-slate-and-international-expansion-plans-at-investor-event,Paramount Global rebrand,2026-08-08,20:30:00+03:00,2026-08-08,United States,Paramount Global rebrand official identity and current public presence,PRIMARY,MEDIUM,NONE KNOWN,HIGHLY_CHANGEABLE,2026-08-15,CNT-DEC-STUDIO-NAME-001-190:primary,"Direct URL captured for reproducible access; organisation-controlled source or direct platform record. INFERENCE: scale/form classifications are analytical coding, not source wording.","Availability and page contents can change; source is not legal, market-share, reputation, or ownership proof; publication date was not consistently exposed.",NEEDS_RECHECK,quality-assurance-director,ORG:www.paramount.com,INDEPENDENT_PAIR_MEMBER,PAIR-190,NO,YES,RECHECK_REQUIRED,FAIL,https://www.paramount.com/press/viacomcbs-unveils-new-company-name-global-content-slate-and-international-expansion-plans-at-investor-event,SSLError
SRC-DEC-STUDIO-NAME-001-380,DEC-STUDIO-NAME-001,Pazar örneklemi,market-research-director,Paramount Global rebrand — corroborating evidence,Resmî şirket/kurum sayfası veya doğrudan resmî platform kaydı,https://www.paramount.com/,UNRESOLVED,2026-08-08,20:30:00+03:00,NOT FOUND,United States,Paramount Global rebrand tarihsel olayının resmî/kurumsal bağlamını destekler,PRIMARY,MEDIUM,NONE KNOWN,HIGHLY_CHANGEABLE,2026-08-15,CNT-DEC-STUDIO-NAME-001-190:corroborating,"Direct URL captured for reproducible access; organisation-controlled source or direct platform record. INFERENCE: scale/form classifications are analytical coding, not source wording.","Availability and page contents can change; source is not legal, market-share, reputation, or ownership proof; publication date was not consistently exposed.",REJECTED,NOT ASSIGNED,UNRESOLVED,UNRESOLVED,PAIR-190,NO,NO,ACCESS_BLOCKED,FAIL,https://www.paramount.com/,NONE
SRC-DEC-STUDIO-NAME-001-381,DEC-STUDIO-NAME-001,Pazar örneklemi,market-research-director,ZeniMax Scrolls trademark dispute — official source,Official organisation source,https://www.zenimax.com/legal_information,ZeniMax Scrolls trademark dispute,2026-08-08,20:30:00+03:00,2026-08-08,United States,ZeniMax Scrolls trademark dispute official identity and current public presence,PRIMARY,MEDIUM,NONE KNOWN,HIGHLY_CHANGEABLE,2026-08-15,CNT-DEC-STUDIO-NAME-001-191:primary,"Direct URL captured for reproducible access; organisation-controlled source or direct platform record. INFERENCE: scale/form classifications are analytical coding, not source wording.","Availability and page contents can change; source is not legal, market-share, reputation, or ownership proof; publication date was not consistently exposed.",NEEDS_RECHECK,quality-assurance-director,ORG:www.zenimax.com,INDEPENDENT_PAIR_MEMBER,PAIR-191,NO,YES,RECHECK_REQUIRED,FAIL,https://www.zenimax.com/legal_information,SSLError
SRC-DEC-STUDIO-NAME-001-382,DEC-STUDIO-NAME-001,Pazar örneklemi,market-research-director,ZeniMax Scrolls trademark dispute — corroborating evidence,Resmî şirket/kurum sayfası veya doğrudan resmî platform kaydı,https://bethesda.net/,UNRESOLVED,2026-08-08,20:30:00+03:00,NOT FOUND,United States,ZeniMax Scrolls trademark dispute tarihsel olayının resmî/kurumsal bağlamını destekler,PRIMARY,MEDIUM,NONE KNOWN,HIGHLY_CHANGEABLE,2026-08-15,CNT-DEC-STUDIO-NAME-001-191:corroborating,"Direct URL captured for reproducible access; organisation-controlled source or direct platform record. INFERENCE: scale/form classifications are analytical coding, not source wording.","Availability and page contents can change; source is not legal, market-share, reputation, or ownership proof; publication date was not consistently exposed.",NEEDS_RECHECK,NOT ASSIGNED,UNRESOLVED,UNRESOLVED,PAIR-191,NO,NO,VERIFIED_WITH_REDIRECT,FAIL,https://bethesda.net/tr-TR,302:https://bethesda.net/
SRC-DEC-STUDIO-NAME-001-383,DEC-STUDIO-NAME-001,Pazar örneklemi,market-research-director,King Candy trademark controversy — official source,Official organisation source,https://www.king.com/,King Candy trademark controversy,2026-08-08,20:30:00+03:00,2026-08-08,United Kingdom,King Candy trademark controversy official identity and current public presence,PRIMARY,MEDIUM,NONE KNOWN,HIGHLY_CHANGEABLE,2026-08-15,CNT-DEC-STUDIO-NAME-001-192:primary,"Direct URL captured for reproducible access; organisation-controlled source or direct platform record. INFERENCE: scale/form classifications are analytical coding, not source wording.","Availability and page contents can change; source is not legal, market-share, reputation, or ownership proof; publication date was not consistently exposed.",NEEDS_RECHECK,quality-assurance-director,ORG:www.king.com,INDEPENDENT_PAIR_MEMBER,PAIR-192,NO,YES,RECHECK_REQUIRED,FAIL,https://www.king.com/,SSLError
SRC-DEC-STUDIO-NAME-001-384,DEC-STUDIO-NAME-001,Pazar örneklemi,market-research-director,King Candy trademark controversy — corroborating evidence,Resmî şirket/kurum sayfası veya doğrudan resmî platform kaydı,https://www.uspto.gov/trademarks,UNRESOLVED,2026-08-08,20:30:00+03:00,NOT FOUND,United Kingdom,King Candy trademark controversy tarihsel olayının resmî/kurumsal bağlamını destekler,PRIMARY,MEDIUM,NONE KNOWN,HIGHLY_CHANGEABLE,2026-08-15,CNT-DEC-STUDIO-NAME-001-192:corroborating,"Direct URL captured for reproducible access; organisation-controlled source or direct platform record. INFERENCE: scale/form classifications are analytical coding, not source wording.","Availability and page contents can change; source is not legal, market-share, reputation, or ownership proof; publication date was not consistently exposed.",NEEDS_RECHECK,NOT ASSIGNED,UNRESOLVED,UNRESOLVED,PAIR-192,NO,NO,VERIFIED_ACCESSIBLE,FAIL,https://www.uspto.gov/trademarks,NONE
SRC-DEC-STUDIO-NAME-001-385,DEC-STUDIO-NAME-001,Pazar örneklemi,market-research-director,The Indie Stone Project Zomboid impersonation warning — official source,Official organisation source,https://projectzomboid.com/blog/,The Indie Stone Project Zomboid impersonation warning,2026-08-08,20:30:00+03:00,2026-08-08,United Kingdom,The Indie Stone Project Zomboid impersonation warning official identity and current public presence,PRIMARY,MEDIUM,NONE KNOWN,HIGHLY_CHANGEABLE,2026-08-15,CNT-DEC-STUDIO-NAME-001-193:primary,"Direct URL captured for reproducible access; organisation-controlled source or direct platform record. INFERENCE: scale/form classifications are analytical coding, not source wording.","Availability and page contents can change; source is not legal, market-share, reputation, or ownership proof; publication date was not consistently exposed.",NEEDS_RECHECK,quality-assurance-director,ORG:projectzomboid.com,INDEPENDENT_PAIR_MEMBER,PAIR-193,NO,YES,RECHECK_REQUIRED,FAIL,https://projectzomboid.com/blog/,SSLError
SRC-DEC-STUDIO-NAME-001-386,DEC-STUDIO-NAME-001,Pazar örneklemi,market-research-director,The Indie Stone Project Zomboid impersonation warning — corroborating evidence,Resmî şirket/kurum sayfası veya doğrudan resmî platform kaydı,https://theindiestone.com/,UNRESOLVED,2026-08-08,20:30:00+03:00,NOT FOUND,United Kingdom,The Indie Stone Project Zomboid impersonation warning tarihsel olayının resmî/kurumsal bağlamını destekler,PRIMARY,MEDIUM,NONE KNOWN,HIGHLY_CHANGEABLE,2026-08-15,CNT-DEC-STUDIO-NAME-001-193:corroborating,"Direct URL captured for reproducible access; organisation-controlled source or direct platform record. INFERENCE: scale/form classifications are analytical coding, not source wording.","Availability and page contents can change; source is not legal, market-share, reputation, or ownership proof; publication date was not consistently exposed.",NEEDS_RECHECK,NOT ASSIGNED,UNRESOLVED,UNRESOLVED,PAIR-193,NO,NO,RECHECK_REQUIRED,FAIL,https://theindiestone.com/,SSLError
SRC-DEC-STUDIO-NAME-001-387,DEC-STUDIO-NAME-001,Pazar örneklemi,market-research-director,Mojang Scrolls renamed Caller's Bane — official source,Official organisation source,https://www.minecraft.net/en-us/article/callers-bane,Mojang Scrolls renamed Caller's Bane,2026-08-08,20:30:00+03:00,2026-08-08,Sweden,Mojang Scrolls renamed Caller's Bane official identity and current public presence,PRIMARY,MEDIUM,NONE KNOWN,HIGHLY_CHANGEABLE,2026-08-15,CNT-DEC-STUDIO-NAME-001-194:primary,"Direct URL captured for reproducible access; organisation-controlled source or direct platform record. INFERENCE: scale/form classifications are analytical coding, not source wording.","Availability and page contents can change; source is not legal, market-share, reputation, or ownership proof; publication date was not consistently exposed.",REJECTED,quality-assurance-director,ORG:www.minecraft.net,INDEPENDENT_PAIR_MEMBER,PAIR-194,NO,YES,BROKEN_LINK,FAIL,https://www.minecraft.net/en-us/article/callers-bane,NONE
SRC-DEC-STUDIO-NAME-001-388,DEC-STUDIO-NAME-001,Pazar örneklemi,market-research-director,Mojang Scrolls renamed Caller's Bane — corroborating evidence,Resmî şirket/kurum sayfası veya doğrudan resmî platform kaydı,https://www.callersbane.com/,UNRESOLVED,2026-08-08,20:30:00+03:00,NOT FOUND,Sweden,Mojang Scrolls renamed Caller's Bane tarihsel olayının resmî/kurumsal bağlamını destekler,PRIMARY,MEDIUM,NONE KNOWN,HIGHLY_CHANGEABLE,2026-08-15,CNT-DEC-STUDIO-NAME-001-194:corroborating,"Direct URL captured for reproducible access; organisation-controlled source or direct platform record. INFERENCE: scale/form classifications are analytical coding, not source wording.","Availability and page contents can change; source is not legal, market-share, reputation, or ownership proof; publication date was not consistently exposed.",NEEDS_RECHECK,NOT ASSIGNED,UNRESOLVED,UNRESOLVED,PAIR-194,NO,NO,RECHECK_REQUIRED,FAIL,https://www.callersbane.com/,ConnectionError
SRC-DEC-STUDIO-NAME-001-389,DEC-STUDIO-NAME-001,Pazar örneklemi,market-research-director,Ion Fury title change — official source,Official organisation source,https://3drealms.com/news/ion-maiden-is-now-ion-fury/,Ion Fury title change,2026-08-08,20:30:00+03:00,2026-08-08,United States,Ion Fury title change official identity and current public presence,PRIMARY,MEDIUM,NONE KNOWN,HIGHLY_CHANGEABLE,2026-08-15,CNT-DEC-STUDIO-NAME-001-195:primary,"Direct URL captured for reproducible access; organisation-controlled source or direct platform record. INFERENCE: scale/form classifications are analytical coding, not source wording.","Availability and page contents can change; source is not legal, market-share, reputation, or ownership proof; publication date was not consistently exposed.",NEEDS_RECHECK,quality-assurance-director,ORG:3drealms.com,INDEPENDENT_PAIR_MEMBER,PAIR-195,NO,YES,RECHECK_REQUIRED,FAIL,https://3drealms.com/news/ion-maiden-is-now-ion-fury/,SSLError
SRC-DEC-STUDIO-NAME-001-390,DEC-STUDIO-NAME-001,Pazar örneklemi,market-research-director,Ion Fury title change — corroborating evidence,Resmî şirket/kurum sayfası veya doğrudan resmî platform kaydı,https://store.steampowered.com/app/562860/Ion_Fury/,UNRESOLVED,2026-08-08,20:30:00+03:00,NOT FOUND,United States,Ion Fury title change tarihsel olayının resmî/kurumsal bağlamını destekler,PRIMARY,MEDIUM,NONE KNOWN,HIGHLY_CHANGEABLE,2026-08-15,CNT-DEC-STUDIO-NAME-001-195:corroborating,"Direct URL captured for reproducible access; organisation-controlled source or direct platform record. INFERENCE: scale/form classifications are analytical coding, not source wording.","Availability and page contents can change; source is not legal, market-share, reputation, or ownership proof; publication date was not consistently exposed.",NEEDS_RECHECK,NOT ASSIGNED,UNRESOLVED,UNRESOLVED,PAIR-195,NO,NO,VERIFIED_ACCESSIBLE,FAIL,https://store.steampowered.com/app/562860/Ion_Fury/,NONE
SRC-DEC-STUDIO-NAME-001-391,DEC-STUDIO-NAME-001,Pazar örneklemi,market-research-director,FIFA and EA Sports naming separation — official source,Official organisation source,https://www.ea.com/news/ea-sports-fc,FIFA and EA Sports naming separation,2026-08-08,20:30:00+03:00,2026-08-08,Switzerland,FIFA and EA Sports naming separation official identity and current public presence,PRIMARY,MEDIUM,NONE KNOWN,HIGHLY_CHANGEABLE,2026-08-15,CNT-DEC-STUDIO-NAME-001-196:primary,"Direct URL captured for reproducible access; organisation-controlled source or direct platform record. INFERENCE: scale/form classifications are analytical coding, not source wording.","Availability and page contents can change; source is not legal, market-share, reputation, or ownership proof; publication date was not consistently exposed.",REVIEWED,quality-assurance-director,ORG:www.ea.com,INDEPENDENT_PAIR_MEMBER,PAIR-196,YES,YES,VERIFIED_ACCESSIBLE,PASS,https://www.ea.com/news/ea-sports-fc,NONE
SRC-DEC-STUDIO-NAME-001-392,DEC-STUDIO-NAME-001,Pazar örneklemi,market-research-director,FIFA and EA Sports naming separation — corroborating evidence,Resmî şirket/kurum sayfası veya doğrudan resmî platform kaydı,https://www.ea.com/games/ea-sports-fc,UNRESOLVED,2026-08-08,20:30:00+03:00,NOT FOUND,Switzerland,FIFA and EA Sports naming separation tarihsel olayının resmî/kurumsal bağlamını destekler,PRIMARY,MEDIUM,NONE KNOWN,HIGHLY_CHANGEABLE,2026-08-15,CNT-DEC-STUDIO-NAME-001-196:corroborating,"Direct URL captured for reproducible access; organisation-controlled source or direct platform record. INFERENCE: scale/form classifications are analytical coding, not source wording.","Availability and page contents can change; source is not legal, market-share, reputation, or ownership proof; publication date was not consistently exposed.",NEEDS_RECHECK,NOT ASSIGNED,UNRESOLVED,UNRESOLVED,PAIR-196,NO,NO,VERIFIED_ACCESSIBLE,FAIL,https://www.ea.com/games/ea-sports-fc,NONE
SRC-DEC-STUDIO-NAME-001-393,DEC-STUDIO-NAME-001,Pazar örneklemi,market-research-director,McCree renamed Cole Cassidy — official source,Official organisation source,https://overwatch.blizzard.com/en-us/news/23739103/,McCree renamed Cole Cassidy,2026-08-08,20:30:00+03:00,2026-08-08,United States,McCree renamed Cole Cassidy official identity and current public presence,PRIMARY,MEDIUM,NONE KNOWN,HIGHLY_CHANGEABLE,2026-08-15,CNT-DEC-STUDIO-NAME-001-197:primary,"Direct URL captured for reproducible access; organisation-controlled source or direct platform record. INFERENCE: scale/form classifications are analytical coding, not source wording.","Availability and page contents can change; source is not legal, market-share, reputation, or ownership proof; publication date was not consistently exposed.",REJECTED,quality-assurance-director,ORG:overwatch.blizzard.com,INDEPENDENT_PAIR_MEMBER,PAIR-197,NO,YES,BROKEN_LINK,FAIL,https://overwatch.blizzard.com/en-us/news/23739103/,NONE
SRC-DEC-STUDIO-NAME-001-394,DEC-STUDIO-NAME-001,Pazar örneklemi,market-research-director,McCree renamed Cole Cassidy — corroborating evidence,Resmî şirket/kurum sayfası veya doğrudan resmî platform kaydı,https://overwatch.blizzard.com/,UNRESOLVED,2026-08-08,20:30:00+03:00,NOT FOUND,United States,McCree renamed Cole Cassidy tarihsel olayının resmî/kurumsal bağlamını destekler,PRIMARY,MEDIUM,NONE KNOWN,HIGHLY_CHANGEABLE,2026-08-15,CNT-DEC-STUDIO-NAME-001-197:corroborating,"Direct URL captured for reproducible access; organisation-controlled source or direct platform record. INFERENCE: scale/form classifications are analytical coding, not source wording.","Availability and page contents can change; source is not legal, market-share, reputation, or ownership proof; publication date was not consistently exposed.",NEEDS_RECHECK,NOT ASSIGNED,UNRESOLVED,UNRESOLVED,PAIR-197,NO,NO,VERIFIED_WITH_REDIRECT,FAIL,https://overwatch.blizzard.com/en-us/,307:https://overwatch.blizzard.com/
SRC-DEC-STUDIO-NAME-001-395,DEC-STUDIO-NAME-001,Pazar örneklemi,market-research-director,Gods and Monsters renamed Immortals Fenyx Rising — official source,Official organisation source,https://www.ubisoft.com/en-us/game/immortals-fenyx-rising,Gods and Monsters renamed Immortals Fenyx Rising,2026-08-08,20:30:00+03:00,2026-08-08,France,Gods and Monsters renamed Immortals Fenyx Rising official identity and current public presence,PRIMARY,MEDIUM,NONE KNOWN,HIGHLY_CHANGEABLE,2026-08-15,CNT-DEC-STUDIO-NAME-001-198:primary,"Direct URL captured for reproducible access; organisation-controlled source or direct platform record. INFERENCE: scale/form classifications are analytical coding, not source wording.","Availability and page contents can change; source is not legal, market-share, reputation, or ownership proof; publication date was not consistently exposed.",REVIEWED,quality-assurance-director,ORG:www.ubisoft.com,INDEPENDENT_PAIR_MEMBER,PAIR-198,YES,YES,VERIFIED_WITH_REDIRECT,PASS,https://store.ubisoft.com/tr/immortals-fenyx-rising/5cec210a39798c0870c07684.html,302:https://www.ubisoft.com/en-us/game/immortals-fenyx-rising > 301:https://store.ubisoft.com/5cec210a39798c0870c07684.html > 302:https://store.ubisoft.com/fr/immortals-fenyx-rising/5cec210a39798c0870c07684.html
SRC-DEC-STUDIO-NAME-001-396,DEC-STUDIO-NAME-001,Pazar örneklemi,market-research-director,Gods and Monsters renamed Immortals Fenyx Rising — corroborating evidence,Resmî şirket/kurum sayfası veya doğrudan resmî platform kaydı,https://www.ubisoft.com/en-us/help/article/name-change-for-gods-monsters/000079314,UNRESOLVED,2026-08-08,20:30:00+03:00,NOT FOUND,France,Gods and Monsters renamed Immortals Fenyx Rising tarihsel olayının resmî/kurumsal bağlamını destekler,PRIMARY,MEDIUM,NONE KNOWN,HIGHLY_CHANGEABLE,2026-08-15,CNT-DEC-STUDIO-NAME-001-198:corroborating,"Direct URL captured for reproducible access; organisation-controlled source or direct platform record. INFERENCE: scale/form classifications are analytical coding, not source wording.","Availability and page contents can change; source is not legal, market-share, reputation, or ownership proof; publication date was not consistently exposed.",NEEDS_RECHECK,NOT ASSIGNED,UNRESOLVED,UNRESOLVED,PAIR-198,NO,NO,VERIFIED_ACCESSIBLE,FAIL,https://www.ubisoft.com/en-us/help/article/name-change-for-gods-monsters/000079314,NONE
SRC-DEC-STUDIO-NAME-001-397,DEC-STUDIO-NAME-001,Pazar örneklemi,market-research-director,Prey for the Gods renamed Praey for the Gods — official source,Official organisation source,https://www.praeyforthegods.com/,Prey for the Gods renamed Praey for the Gods,2026-08-08,20:30:00+03:00,2026-08-08,United States,Prey for the Gods renamed Praey for the Gods official identity and current public presence,PRIMARY,MEDIUM,NONE KNOWN,HIGHLY_CHANGEABLE,2026-08-15,CNT-DEC-STUDIO-NAME-001-199:primary,"Direct URL captured for reproducible access; organisation-controlled source or direct platform record. INFERENCE: scale/form classifications are analytical coding, not source wording.","Availability and page contents can change; source is not legal, market-share, reputation, or ownership proof; publication date was not consistently exposed.",NEEDS_RECHECK,quality-assurance-director,ORG:www.praeyforthegods.com,INDEPENDENT_PAIR_MEMBER,PAIR-199,NO,YES,RECHECK_REQUIRED,FAIL,https://www.praeyforthegods.com/,ConnectionError
SRC-DEC-STUDIO-NAME-001-398,DEC-STUDIO-NAME-001,Pazar örneklemi,market-research-director,Prey for the Gods renamed Praey for the Gods — corroborating evidence,Resmî şirket/kurum sayfası veya doğrudan resmî platform kaydı,https://store.steampowered.com/app/494430/Praey_for_the_Gods/,UNRESOLVED,2026-08-08,20:30:00+03:00,NOT FOUND,United States,Prey for the Gods renamed Praey for the Gods tarihsel olayının resmî/kurumsal bağlamını destekler,PRIMARY,MEDIUM,NONE KNOWN,HIGHLY_CHANGEABLE,2026-08-15,CNT-DEC-STUDIO-NAME-001-199:corroborating,"Direct URL captured for reproducible access; organisation-controlled source or direct platform record. INFERENCE: scale/form classifications are analytical coding, not source wording.","Availability and page contents can change; source is not legal, market-share, reputation, or ownership proof; publication date was not consistently exposed.",NEEDS_RECHECK,NOT ASSIGNED,UNRESOLVED,UNRESOLVED,PAIR-199,NO,NO,VERIFIED_ACCESSIBLE,FAIL,https://store.steampowered.com/app/494430/Praey_for_the_Gods/,NONE
SRC-DEC-STUDIO-NAME-001-399,DEC-STUDIO-NAME-001,Pazar örneklemi,market-research-director,Facebook Paper app naming dispute — official source,Official organisation source,https://about.fb.com/news/2014/01/introducing-paper/,Facebook Paper app naming dispute,2026-08-08,20:30:00+03:00,2026-08-08,United States,Facebook Paper app naming dispute official identity and current public presence,PRIMARY,MEDIUM,NONE KNOWN,HIGHLY_CHANGEABLE,2026-08-15,CNT-DEC-STUDIO-NAME-001-200:primary,"Direct URL captured for reproducible access; organisation-controlled source or direct platform record. INFERENCE: scale/form classifications are analytical coding, not source wording.","Availability and page contents can change; source is not legal, market-share, reputation, or ownership proof; publication date was not consistently exposed.",NEEDS_RECHECK,quality-assurance-director,ORG:about.fb.com,INDEPENDENT_PAIR_MEMBER,PAIR-200,NO,YES,RECHECK_REQUIRED,FAIL,https://about.fb.com/news/2014/01/introducing-paper/,SSLError
SRC-DEC-STUDIO-NAME-001-400,DEC-STUDIO-NAME-001,Pazar örneklemi,market-research-director,Facebook Paper app naming dispute — corroborating evidence,Resmî şirket/kurum sayfası veya doğrudan resmî platform kaydı,https://www.fiftythree.com/,UNRESOLVED,2026-08-08,20:30:00+03:00,NOT FOUND,United States,Facebook Paper app naming dispute tarihsel olayının resmî/kurumsal bağlamını destekler,PRIMARY,MEDIUM,NONE KNOWN,HIGHLY_CHANGEABLE,2026-08-15,CNT-DEC-STUDIO-NAME-001-200:corroborating,"Direct URL captured for reproducible access; organisation-controlled source or direct platform record. INFERENCE: scale/form classifications are analytical coding, not source wording.","Availability and page contents can change; source is not legal, market-share, reputation, or ownership proof; publication date was not consistently exposed.",NEEDS_RECHECK,NOT ASSIGNED,UNRESOLVED,UNRESOLVED,PAIR-200,NO,NO,RECHECK_REQUIRED,FAIL,https://www.fiftythree.com/,ConnectionError
